date,weighted_oil,exchange_rate,previous_actual,p_theory,delta_theory,carry_after_rule,predicted_change,predicted_after,actual_change,actual_after,change_error,price_error,is_special_regulated,beta_used
2016-01-27,40.0,6.5773,6925.0,6925.0,0.0,0.0,0.0,6925.0,0.0,6925.0,0.0,0.0,True,4396.5356
2016-02-15,40.0,6.571,6925.0,6923.1528,-1.8472,-1.8472,0.0,6925.0,0.0,6925.0,0.0,0.0,True,4396.5356
2016-02-29,40.0,6.5525,6925.0,6917.7286,-7.2714,-9.1185,0.0,6925.0,0.0,6925.0,0.0,0.0,True,4396.5356
2016-03-14,40.0,6.4984,6925.0,6901.8665,-23.1335,-32.252,0.0,6925.0,0.0,6925.0,0.0,0.0,True,4396.5356
2016-03-28,40.0,6.5051,6925.0,6903.831,-21.169,0.0,-0.0,6925.0,0.0,6925.0,-0.0,0.0,True,4396.5356
2016-04-12,40.0,6.4639,6925.0,6891.7511,-33.2489,-33.2489,0.0,6925.0,0.0,6925.0,0.0,0.0,True,4396.5356
2016-04-27,41.62,6.494,6925.0,6977.6901,52.6901,19.4412,0.0,6925.0,165.0,7090.0,-165.0,-165.0,False,4396.5356
2016-05-12,43.3496,6.514,7090.0,7066.3743,-23.6257,-4.1845,0.0,7090.0,120.0,7210.0,-120.0,-120.0,False,4396.5356
2016-05-26,47.1279,6.554,7210.0,7260.5986,50.5986,46.4141,0.0,7210.0,210.0,7420.0,-210.0,-210.0,False,4396.5356
2016-06-09,48.4959,6.559,7420.0,7328.0942,-91.9058,-45.4917,0.0,7420.0,110.0,7530.0,-110.0,-110.0,False,4396.5356
2016-06-23,47.2079,6.574,7530.0,7271.3642,-258.6358,0.0,-304.1275,7225.8725,0.0,7530.0,-304.1275,-304.1275,False,4396.5356
2016-07-07,46.6154,6.679,7530.0,7278.689,-251.311,0.0,-251.311,7278.689,0.0,7530.0,-251.311,-251.311,False,4396.5356
2016-07-22,44.3487,6.676,7530.0,7166.7445,-363.2555,0.0,-363.2555,7166.7445,-155.0,7375.0,-208.2555,-208.2555,False,4396.5356
2016-08-05,40.5521,6.653,7375.0,6974.1208,-400.8792,0.0,-400.8792,6974.1208,-220.0,7155.0,-180.8792,-180.8792,False,4396.5356
2016-08-19,45.4775,6.6515,7155.0,7213.8137,58.8137,0.0,58.8137,7213.8137,175.0,7330.0,-116.1863,-116.1863,False,4396.5356
2016-09-02,45.9917,6.679,7330.0,7248.1545,-81.8455,0.0,-81.8455,7248.1545,205.0,7535.0,-286.8455,-286.8455,False,4396.5356
2016-09-19,44.3122,6.665,7535.0,7161.3838,-373.6162,0.0,-373.6162,7161.3838,-155.0,7380.0,-218.6162,-218.6162,False,4396.5356
2016-09-30,45.2717,6.6685,7380.0,7209.4211,-170.5789,0.0,-170.5789,7209.4211,0.0,7380.0,-170.5789,-170.5789,False,4396.5356
2016-10-20,49.6512,6.7439,7380.0,7450.9345,70.9345,0.0,70.9345,7450.9345,355.0,7735.0,-284.0655,-284.0655,False,4396.5356
2016-11-02,47.3862,6.7606,7735.0,7344.7698,-390.2302,0.0,-390.2302,7344.7698,0.0,7735.0,-390.2302,-390.2302,False,4396.5356
2016-11-17,43.4725,6.8674,7735.0,7184.8545,-550.1455,0.0,-550.1455,7184.8545,-365.0,7370.0,-185.1455,-185.1455,False,4396.5356
2016-12-01,46.7114,6.883,7370.0,7353.2391,-16.7609,-16.7609,0.0,7370.0,175.0,7545.0,-175.0,-175.0,False,4396.5356
2016-12-15,51.7308,6.941,7545.0,7628.471,83.471,0.0,66.7101,7611.7101,435.0,7980.0,-368.2899,-368.2899,False,4396.5356
2016-12-29,53.0854,6.9535,7980.0,7702.2519,-277.7481,0.0,-277.7481,7702.2519,100.0,8080.0,-377.7481,-377.7481,False,4396.5356
2017-01-13,53.1808,6.8985,8080.0,7685.6779,-394.3221,0.0,-394.3221,7685.6779,70.0,8150.0,-464.3221,-464.3221,False,4396.5356
2017-01-26,52.9979,6.8768,8150.0,7667.9978,-482.0022,0.0,-482.0022,7667.9978,-70.0,8080.0,-412.0022,-412.0022,False,4396.5356
2017-02-15,53.5133,6.8685,8080.0,7690.7235,-389.2765,0.0,-389.2765,7690.7235,50.0,8130.0,-439.2765,-439.2765,False,4396.5356
2017-02-28,54.2301,6.8665,8130.0,7726.0166,-403.9834,0.0,-403.9834,7726.0166,0.0,8130.0,-403.9834,-403.9834,False,4396.5356
2017-03-15,50.7112,6.9132,8130.0,7566.2643,-563.7357,0.0,-563.7357,7566.2643,-85.0,8045.0,-478.7357,-478.7357,False,4396.5356
2017-03-29,48.9121,6.8879,8045.0,7466.0231,-578.9769,0.0,-578.9769,7466.0231,-230.0,7815.0,-348.9769,-348.9769,False,4396.5356
2017-04-13,53.0579,6.8865,7815.0,7674.7964,-140.2036,0.0,-140.2036,7674.7964,200.0,8015.0,-340.2036,-340.2036,False,4396.5356
2017-04-26,50.7591,6.8918,8015.0,7560.7294,-454.2706,0.0,-454.2706,7560.7294,0.0,8015.0,-454.2706,-454.2706,False,4396.5356
2017-05-12,47.4558,6.8972,8015.0,7395.7337,-619.2663,0.0,-619.2663,7395.7337,-250.0,7765.0,-369.2663,-369.2663,False,4396.5356
2017-05-26,51.0341,6.8525,7765.0,7559.9202,-205.0798,0.0,-205.0798,7559.9202,140.0,7905.0,-345.0798,-345.0798,False,4396.5356
2017-06-10,47.2695,6.797,7905.0,7351.5988,-553.4012,0.0,-553.4012,7351.5988,-180.0,7725.0,-373.4012,-373.4012,False,4396.5356
2017-06-24,44.0548,6.8345,7725.0,7203.5422,-521.4578,0.0,-521.4578,7203.5422,-250.0,7475.0,-271.4578,-271.4578,False,4396.5356
2017-07-07,46.291,6.8039,7475.0,7305.1859,-169.8141,0.0,-169.8141,7305.1859,0.0,7475.0,-169.8141,-169.8141,False,4396.5356
2017-07-22,46.9867,6.7663,7475.0,7326.9324,-148.0676,0.0,-148.0676,7326.9324,75.0,7550.0,-223.0676,-223.0676,False,4396.5356
2017-08-05,50.34,6.7272,7550.0,7478.82,-71.18,0.0,-71.18,7478.82,175.0,7725.0,-246.18,-246.18,False,4396.5356
2017-08-18,49.4904,6.67,7725.0,7416.1757,-308.8243,0.0,-308.8243,7416.1757,0.0,7725.0,-308.8243,-308.8243,False,4396.5356
2017-09-01,49.6212,6.5552,7725.0,7380.8168,-344.1832,0.0,-344.1832,7380.8168,0.0,7725.0,-344.1832,-344.1832,False,4396.5356
2017-09-16,52.2572,6.55,7725.0,7505.4806,-219.5194,0.0,-219.5194,7505.4806,95.0,7820.0,-314.5194,-314.5194,False,4396.5356
2017-09-30,55.1314,6.6533,7820.0,7685.2217,-134.7783,0.0,-134.7783,7685.2217,210.0,8030.0,-344.7783,-344.7783,False,4396.5356
2017-10-19,54.5671,6.6126,8030.0,7641.4209,-388.5791,0.0,-388.5791,7641.4209,0.0,8030.0,-388.5791,-388.5791,False,4396.5356
2017-11-03,57.405,6.636,8030.0,7788.8244,-241.1756,0.0,-241.1756,7788.8244,150.0,8180.0,-391.1756,-391.1756,False,4396.5356
2017-11-17,59.8708,6.6245,8180.0,7903.7187,-276.2813,0.0,-276.2813,7903.7187,265.0,8445.0,-541.2813,-541.2813,False,4396.5356
2017-11-30,60.7353,6.609,8445.0,7938.7931,-506.2069,0.0,-506.2069,7938.7931,0.0,8445.0,-506.2069,-506.2069,False,4396.5356
2017-12-14,60.6395,6.6091,8445.0,7934.1998,-510.8002,0.0,-510.8002,7934.1998,0.0,8445.0,-510.8002,-510.8002,False,4396.5356
2017-12-29,62.6862,6.5063,8445.0,7986.1128,-458.8872,0.0,-458.8872,7986.1128,70.0,8515.0,-528.8872,-528.8872,False,4396.5356
2018-01-13,66.1838,6.4607,8515.0,8130.7973,-384.2027,0.0,-384.2027,8130.7973,180.0,8695.0,-564.2027,-564.2027,False,4396.5356
2018-01-27,67.2938,6.3199,8695.0,8113.9135,-581.0865,0.0,-581.0865,8113.9135,65.0,8760.0,-646.0865,-646.0865,False,4396.5356
2018-02-10,64.6819,6.2966,8760.0,7981.8691,-778.1309,0.0,-778.1309,7981.8691,-170.0,8590.0,-608.1309,-608.1309,False,4396.5356
2018-03-01,64.0167,6.3565,8590.0,7979.2735,-610.7265,0.0,-610.7265,7979.2735,-190.0,8400.0,-420.7265,-420.7265,False,4396.5356
2018-03-14,62.8492,6.314,8400.0,7905.2969,-494.7031,0.0,-494.7031,7905.2969,0.0,8400.0,-494.7031,-494.7031,False,4396.5356
2018-03-29,66.3659,6.2876,8400.0,8055.2129,-344.7871,0.0,-344.7871,8055.2129,170.0,8570.0,-514.7871,-514.7871,False,4396.5356
2018-04-13,66.9641,6.2725,8570.0,8075.3741,-494.6259,0.0,-494.6259,8075.3741,55.0,8625.0,-549.6259,-549.6259,False,4396.5356
2018-04-27,71.1663,6.3325,8625.0,8299.8763,-325.1237,0.0,-325.1237,8299.8763,255.0,8880.0,-580.1237,-580.1237,False,4396.5356
2018-05-01,71.2986,6.3325,8880.0,8306.0173,-573.9827,0.0,-0.0,8880.0,-75.0,8805.0,75.0,75.0,True,4396.5356
2018-05-12,72.8881,6.3333,8805.0,8380.2264,-424.7736,0.0,-424.7736,8380.2264,170.0,8975.0,-594.7736,-594.7736,False,4396.5356
2018-05-26,75.4081,6.3903,8975.0,8528.7188,-446.2812,0.0,-446.2812,8528.7188,260.0,9235.0,-706.2812,-706.2812,False,4396.5356
2018-06-09,71.2929,6.4031,9235.0,8342.6466,-892.3534,0.0,-892.3534,8342.6466,-130.0,9105.0,-762.3534,-762.3534,False,4396.5356
2018-06-26,71.2814,6.5759,9105.0,8432.3967,-672.6033,0.0,-672.6033,8432.3967,-55.0,9050.0,-617.6033,-617.6033,False,4396.5356
2018-07-10,75.2631,6.6296,9050.0,8653.9436,-396.0564,0.0,-396.0564,8653.9436,270.0,9320.0,-666.0564,-666.0564,False,4396.5356
2018-07-24,70.7314,6.7912,9320.0,8517.5107,-802.4893,0.0,-802.4893,8517.5107,-125.0,9195.0,-677.4893,-677.4893,False,4396.5356
2018-08-07,71.6424,6.828,9195.0,8582.1816,-612.8184,0.0,-612.8184,8582.1816,70.0,9265.0,-682.8184,-682.8184,False,4396.5356
2018-08-21,69.0424,6.8444,9265.0,8460.355,-804.645,0.0,-804.645,8460.355,-50.0,9215.0,-754.645,-754.645,False,4396.5356
2018-09-04,73.8263,6.8427,9215.0,8699.4424,-515.5576,0.0,-515.5576,8699.4424,180.0,9395.0,-695.5576,-695.5576,False,4396.5356
2018-09-18,74.5095,6.8591,9395.0,8742.6649,-652.3351,0.0,-652.3351,8742.6649,145.0,9540.0,-797.3351,-797.3351,False,4396.5356
2018-10-01,78.8056,6.868,9540.0,8963.8002,-576.1998,0.0,-576.1998,8963.8002,240.0,9780.0,-816.1998,-816.1998,False,4396.5356
2018-10-20,76.7329,6.9291,9780.0,8893.8212,-886.1788,0.0,-886.1788,8893.8212,165.0,9945.0,-1051.1788,-1051.1788,False,4396.5356
2018-11-03,71.7667,6.8894,9945.0,8620.7022,-1324.2978,0.0,-1324.2978,8620.7022,-375.0,9570.0,-949.2978,-949.2978,False,4396.5356
2018-11-17,64.1433,6.9367,9570.0,8257.9683,-1312.0317,0.0,-1312.0317,8257.9683,-510.0,9060.0,-802.0317,-802.0317,False,4396.5356
2018-12-01,56.4528,6.9558,9060.0,7874.8372,-1185.1628,0.0,-1185.1628,7874.8372,-540.0,8520.0,-645.1628,-645.1628,False,4396.5356
2018-12-15,56.7771,6.905,8520.0,7870.2336,-649.7664,0.0,-649.7664,7870.2336,-125.0,8395.0,-524.7664,-524.7664,False,4396.5356
2018-12-29,49.7198,6.8755,8395.0,7502.2867,-892.7133,0.0,-892.7133,7502.2867,-370.0,8025.0,-522.7133,-522.7133,False,4396.5356
2019-01-15,55.879,6.7595,8025.0,7765.1816,-259.8184,0.0,-259.8184,7765.1816,105.0,8130.0,-364.8184,-364.8184,False,4396.5356
2019-01-29,58.0741,6.7304,8130.0,7861.5552,-268.4448,0.0,-268.4448,7861.5552,245.0,8375.0,-513.4448,-513.4448,False,4396.5356
2019-02-15,59.6154,6.768,8375.0,7954.0222,-420.9778,0.0,-420.9778,7954.0222,50.0,8425.0,-470.9778,-470.9778,False,4396.5356
2019-03-01,62.4571,6.7048,8425.0,8066.0638,-358.9362,0.0,-358.9362,8066.0638,270.0,8695.0,-628.9362,-628.9362,False,4396.5356
2019-03-14,62.6642,6.7209,8695.0,8083.6355,-611.3645,0.0,-611.3645,8083.6355,0.0,8695.0,-611.3645,-611.3645,False,4396.5356
2019-03-29,64.6487,6.7112,8695.0,8176.807,-518.193,0.0,-518.193,8176.807,80.0,8775.0,-598.193,-598.193,False,4396.5356
2019-04-01,64.8139,6.7102,8775.0,8184.4553,-590.5447,0.0,-0.0,8775.0,-225.0,8550.0,225.0,225.0,True,4396.5356
2019-04-13,68.1771,6.7039,8550.0,8346.7318,-203.2682,0.0,-203.2682,8346.7318,155.0,8705.0,-358.2682,-358.2682,False,4396.5356
2019-04-27,70.1256,6.7282,8705.0,8454.9677,-250.0323,0.0,-250.0323,8454.9677,195.0,8900.0,-445.0323,-445.0323,False,4396.5356
2019-05-14,67.8929,6.8737,8900.0,8417.2648,-482.7352,0.0,-482.7352,8417.2648,-75.0,8825.0,-407.7352,-407.7352,False,4396.5356
2019-05-28,66.9415,6.9078,8825.0,8386.0649,-438.9351,0.0,-438.9351,8386.0649,50.0,8875.0,-488.9351,-488.9351,False,4396.5356
2019-06-12,59.2637,6.9161,8875.0,8000.9114,-874.0886,0.0,-874.0886,8000.9114,-465.0,8410.0,-409.0886,-409.0886,False,4396.5356
2019-06-26,61.5275,6.8781,8410.0,8098.5352,-311.4648,0.0,-311.4648,8098.5352,-120.0,8290.0,-191.4648,-191.4648,False,4396.5356
2019-07-10,62.1747,6.8705,8290.0,8127.7028,-162.2972,0.0,-162.2972,8127.7028,150.0,8440.0,-312.2972,-312.2972,False,4396.5356
2019-07-23,61.4433,6.8787,8440.0,8094.562,-345.438,0.0,-345.438,8094.562,0.0,8440.0,-345.438,-345.438,False,4396.5356
2019-08-07,59.3571,7.0592,8440.0,8067.9056,-372.0944,0.0,-372.0944,8067.9056,-80.0,8360.0,-292.0944,-292.0944,False,4396.5356
2019-08-21,57.925,7.0623,8360.0,7995.1194,-364.8806,0.0,-364.8806,7995.1194,-210.0,8150.0,-154.8806,-154.8806,False,4396.5356
2019-09-04,57.9927,7.144,8150.0,8033.3535,-116.6465,0.0,-116.6465,8033.3535,115.0,8265.0,-231.6465,-231.6465,False,4396.5356
2019-09-19,61.7721,7.0959,8265.0,8209.4829,-55.5171,0.0,-55.5171,8209.4829,125.0,8390.0,-180.5171,-180.5171,False,4396.5356
2019-10-08,57.0728,7.1422,8390.0,7984.4312,-405.5688,0.0,-405.5688,7984.4312,0.0,8390.0,-405.5688,-405.5688,False,4396.5356
2019-10-22,57.5581,7.0761,8390.0,7981.9467,-408.0533,0.0,-408.0533,7981.9467,-150.0,8240.0,-258.0533,-258.0533,False,4396.5356
2019-11-05,59.2953,7.0082,8240.0,8042.5398,-197.4602,0.0,-197.4602,8042.5398,105.0,8345.0,-302.4602,-302.4602,False,4396.5356
2019-11-19,60.6485,7.0263,8345.0,8120.1019,-224.8981,0.0,-224.8981,8120.1019,70.0,8415.0,-294.8981,-294.8981,False,4396.5356
2019-12-03,61.7629,7.0609,8415.0,8193.1591,-221.8409,0.0,-221.8409,8193.1591,55.0,8470.0,-276.8409,-276.8409,False,4396.5356
2019-12-16,64.0767,6.9921,8470.0,8280.5989,-189.4011,0.0,-189.4011,8280.5989,0.0,8470.0,-189.4011,-189.4011,False,4396.5356
2019-12-31,66.0511,6.9618,8470.0,8367.1229,-102.8771,0.0,-102.8771,8367.1229,235.0,8705.0,-337.8771,-337.8771,False,4396.5356
2020-01-14,64.9981,6.8837,8705.0,8276.177,-428.823,0.0,-428.823,8276.177,0.0,8705.0,-428.823,-428.823,False,4396.5356
2020-02-05,55.6987,6.972,8705.0,7843.006,-861.994,0.0,-861.994,7843.006,-420.0,8285.0,-441.994,-441.994,False,4396.5356
2020-02-19,54.6474,6.9975,8285.0,7799.4906,-485.5094,0.0,-485.5094,7799.4906,-415.0,7870.0,-70.5094,-70.5094,False,4396.5356
2020-03-03,51.601,6.9579,7870.0,7628.2575,-241.7425,0.0,-241.7425,7628.2575,0.0,7870.0,-241.7425,-241.7425,False,4396.5356
2020-03-18,40.0,7.0459,7870.0,7062.3935,-807.6065,0.0,-807.6065,7062.3935,-1015.0,6855.0,207.3935,207.3935,False,4396.5356
2020-03-31,40.0,7.0808,6855.0,7072.6262,217.6262,0.0,0.0,6855.0,0.0,6855.0,0.0,0.0,True,4396.5356
2020-04-15,40.0,7.0664,6855.0,7068.4041,213.4041,0.0,0.0,6855.0,0.0,6855.0,0.0,0.0,True,4396.5356
2020-04-28,40.0,7.0776,6855.0,7071.688,216.688,0.0,0.0,6855.0,0.0,6855.0,0.0,0.0,True,4396.5356
2020-05-14,40.0,7.0935,6855.0,7076.3498,221.3498,0.0,0.0,6855.0,0.0,6855.0,0.0,0.0,True,4396.5356
2020-05-28,40.0,7.1447,6855.0,7091.3617,236.3617,0.0,0.0,6855.0,0.0,6855.0,0.0,0.0,True,4396.5356
2020-06-11,40.0,7.064,6855.0,7067.7004,212.7004,0.0,0.0,6855.0,0.0,6855.0,0.0,0.0,True,4396.5356
2020-06-29,40.0,7.0794,6855.0,7072.2157,217.2157,0.0,217.2157,7072.2157,120.0,6975.0,97.2157,97.2157,False,4396.5356
2020-07-11,42.2611,6.999,6975.0,7164.6429,189.6429,0.0,189.6429,7164.6429,100.0,7075.0,89.6429,89.6429,False,4396.5356
2020-07-24,42.8717,7.0168,7075.0,7201.5602,126.5602,0.0,126.5602,7201.5602,0.0,7075.0,126.5602,126.5602,False,4396.5356
2020-08-07,43.0663,6.967,7075.0,7195.8485,120.8485,0.0,120.8485,7195.8485,0.0,7075.0,120.8485,120.8485,False,4396.5356
2020-08-22,44.1515,6.9179,7075.0,7235.3774,160.3774,0.0,160.3774,7235.3774,85.0,7160.0,75.3774,75.3774,False,4396.5356
2020-09-04,43.7885,6.8409,7160.0,7192.2556,32.2556,32.2556,0.0,7160.0,0.0,7160.0,0.0,0.0,False,4396.5356
2020-09-19,40.0,6.7675,7160.0,6980.7666,-179.2334,0.0,-146.9777,7013.0223,-315.0,6845.0,168.0223,168.0223,False,4396.5356
2020-10-09,40.0396,6.6933,6845.0,6960.9524,115.9524,0.0,115.9524,6960.9524,0.0,6845.0,115.9524,115.9524,False,4396.5356
2020-10-23,40.975,6.6861,6845.0,7004.684,159.684,0.0,159.684,7004.684,80.0,6925.0,79.684,79.684,False,4396.5356
2020-11-06,40.0,6.608,6925.0,6934.0012,9.0012,9.0012,0.0,6925.0,-160.0,6765.0,160.0,160.0,False,4396.5356
2020-11-20,42.2721,6.5608,6765.0,7029.4274,264.4274,0.0,273.4286,7038.4286,150.0,6915.0,123.4286,123.4286,False,4396.5356
2020-12-04,46.6208,6.5301,6915.0,7228.0713,313.0713,0.0,313.0713,7228.0713,250.0,7165.0,63.0713,63.0713,False,4396.5356
2020-12-18,49.1946,6.5395,7165.0,7354.6559,189.6559,0.0,189.6559,7354.6559,155.0,7320.0,34.6559,34.6559,False,4396.5356
2021-01-01,49.6533,6.525,7320.0,7371.3677,51.3677,0.0,51.3677,7371.3677,90.0,7410.0,-38.6323,-38.6323,False,4396.5356
2021-01-16,54.1295,6.48,7410.0,7567.6019,157.6019,0.0,157.6019,7567.6019,185.0,7595.0,-27.3981,-27.3981,False,4396.5356
2021-01-30,54.2057,6.4282,7595.0,7550.6381,-44.3619,-44.3619,0.0,7595.0,75.0,7670.0,-75.0,-75.0,False,4396.5356
2021-02-19,61.4843,6.4555,7670.0,7905.9014,235.9014,0.0,191.5395,7861.5395,275.0,7945.0,-83.4605,-83.4605,False,4396.5356
2021-03-04,63.7317,6.4694,7945.0,8018.736,73.736,0.0,73.736,8018.736,260.0,8205.0,-186.264,-186.264,False,4396.5356
2021-03-18,66.1762,6.5054,8205.0,8152.1217,-52.8783,0.0,-52.8783,8152.1217,235.0,8440.0,-287.8783,-287.8783,False,4396.5356
2021-04-01,61.8075,6.5645,8440.0,7970.5772,-469.4228,0.0,-469.4228,7970.5772,-225.0,8215.0,-244.4228,-244.4228,False,4396.5356
2021-04-15,61.8625,6.522,8215.0,7953.9504,-261.0496,0.0,-261.0496,7953.9504,0.0,8215.0,-261.0496,-261.0496,False,4396.5356
2021-04-29,64.2563,6.471,8215.0,8044.3665,-170.6335,0.0,-170.6335,8044.3665,100.0,8315.0,-270.6335,-270.6335,False,4396.5356
2021-05-15,66.8562,6.4367,8315.0,8150.8787,-164.1213,0.0,-164.1213,8150.8787,100.0,8415.0,-264.1213,-264.1213,False,4396.5356
2021-05-28,66.5613,6.3674,8415.0,8103.154,-311.846,0.0,-311.846,8103.154,0.0,8415.0,-311.846,-311.846,False,4396.5356
2021-06-12,70.561,6.3967,8415.0,8304.9849,-110.0151,0.0,-110.0151,8304.9849,175.0,8590.0,-285.0151,-285.0151,False,4396.5356
2021-06-29,74.0848,6.4635,8590.0,8506.4849,-83.5151,0.0,-83.5151,8506.4849,225.0,8815.0,-308.5151,-308.5151,False,4396.5356
2021-07-13,74.8769,6.4685,8815.0,8546.7568,-268.2432,0.0,-268.2432,8546.7568,70.0,8885.0,-338.2432,-338.2432,False,4396.5356
2021-07-27,71.6814,6.5104,8885.0,8417.262,-467.738,0.0,-467.738,8417.262,-100.0,8785.0,-367.738,-367.738,False,4396.5356
2021-08-09,70.8744,6.4857,8785.0,8365.919,-419.081,0.0,-419.081,8365.919,0.0,8785.0,-419.081,-419.081,False,4396.5356
2021-08-24,67.4609,6.471,8785.0,8196.3716,-588.6284,0.0,-588.6284,8196.3716,-250.0,8535.0,-338.6284,-338.6284,False,4396.5356
2021-09-07,71.1119,6.4662,8535.0,8367.0439,-167.9561,0.0,-167.9561,8367.0439,140.0,8675.0,-307.9561,-307.9561,False,4396.5356
2021-09-19,72.8595,6.4655,8675.0,8449.4999,-225.5001,0.0,-225.5001,8449.4999,90.0,8765.0,-315.5001,-315.5001,False,4396.5356
2021-10-10,79.6556,6.4435,8765.0,8758.7362,-6.2638,-6.2638,0.0,8765.0,345.0,9110.0,-345.0,-345.0,False,4396.5356
2021-10-23,83.7272,6.3839,9110.0,8869.7376,-240.2624,0.0,-246.5263,8863.4737,300.0,9410.0,-546.5263,-546.5263,False,4396.5356
2021-11-05,82.4738,6.3961,9410.0,8833.5021,-576.4979,0.0,-576.4979,8833.5021,0.0,9410.0,-576.4979,-576.4979,False,4396.5356
2021-11-20,80.9114,6.3863,9410.0,8773.1904,-636.8096,0.0,-636.8096,8773.1904,-95.0,9315.0,-541.8096,-541.8096,False,4396.5356
2021-12-04,71.1262,6.3758,9315.0,8320.5911,-994.4089,0.0,-994.4089,8320.5911,-430.0,8885.0,-564.4089,-564.4089,False,4396.5356
2021-12-18,73.2,6.3748,8885.0,8416.9728,-468.0272,0.0,-468.0272,8416.9728,-130.0,8755.0,-338.0272,-338.0272,False,4396.5356
2022-01-01,76.5876,6.3726,8755.0,8574.0327,-180.9673,0.0,-180.9673,8574.0327,140.0,8895.0,-320.9673,-320.9673,False,4396.5356
2022-01-18,84.2422,6.3525,8895.0,8868.2695,-26.7305,-26.7305,0.0,8895.0,345.0,9240.0,-345.0,-345.0,False,4396.5356
2022-01-30,88.43,6.3605,9240.0,9018.2002,-221.7998,0.0,-248.5303,8991.4697,310.0,9550.0,-558.5303,-558.5303,False,4396.5356
2022-02-18,94.2663,6.3251,9550.0,9195.8058,-354.1942,0.0,-354.1942,9195.8058,210.0,9760.0,-564.1942,-564.1942,False,4396.5356
2022-03-04,104.9829,6.3188,9760.0,9559.2144,-200.7856,0.0,-200.7856,9559.2144,260.0,10020.0,-460.7856,-460.7856,False,4396.5356
2022-03-18,108.855,6.3609,10020.0,9725.6832,-294.3168,0.0,-294.3168,9725.6832,750.0,10770.0,-1044.3168,-1044.3168,False,4396.5356
2022-04-01,112.2205,6.3625,10770.0,9843.53,-926.47,0.0,-926.47,9843.53,110.0,10880.0,-1036.47,-1036.47,False,4396.5356
2022-04-16,102.2939,6.3705,10880.0,9505.7008,-1374.2992,0.0,-1374.2992,9505.7008,-545.0,10335.0,-829.2992,-829.2992,False,4396.5356
2022-04-29,104.52,6.608,10335.0,9764.8933,-570.1067,0.0,-570.1067,9764.8933,205.0,10540.0,-775.1067,-775.1067,False,4396.5356
2022-05-17,109.391,6.7361,10540.0,10045.0901,-494.9099,0.0,-494.9099,10045.0901,285.0,10825.0,-779.9099,-779.9099,False,4396.5356
2022-05-31,116.986,6.6715,10825.0,10273.5654,-551.4346,0.0,-551.4346,10273.5654,400.0,11225.0,-951.4346,-951.4346,False,4396.5356
2022-06-15,122.8387,6.7128,11225.0,10526.7291,-698.2709,0.0,-698.2709,10526.7291,390.0,11615.0,-1088.2709,-1088.2709,False,4396.5356
2022-06-29,114.1148,6.6997,11615.0,10191.1978,-1423.8022,0.0,-1423.8022,10191.1978,-320.0,11295.0,-1103.8022,-1103.8022,False,4396.5356
2022-07-13,107.7196,6.7175,11295.0,9967.9367,-1327.0633,0.0,-1327.0633,9967.9367,-360.0,10935.0,-967.0633,-967.0633,False,4396.5356
2022-07-27,107.0442,6.757,10935.0,9973.7758,-961.2242,0.0,-961.2242,9973.7758,-300.0,10635.0,-661.2242,-661.2242,False,4396.5356
2022-08-10,99.8542,6.723,10635.0,9679.058,-955.942,0.0,-955.942,9679.058,-130.0,10505.0,-825.942,-825.942,False,4396.5356
2022-08-24,96.5963,6.8581,10505.0,9653.2625,-851.7375,0.0,-851.7375,9653.2625,-205.0,10300.0,-646.7375,-646.7375,False,4396.5356
2022-09-07,94.3421,6.965,10300.0,9640.9188,-659.0812,0.0,-659.0812,9640.9188,190.0,10490.0,-849.0812,-849.0812,False,4396.5356
2022-09-22,90.9468,7.0772,10490.0,9583.1203,-906.8797,0.0,-906.8797,9583.1203,-290.0,10200.0,-616.8797,-616.8797,False,4396.5356
2022-10-10,92.9117,7.1103,10200.0,9684.0122,-515.9878,0.0,-515.9878,9684.0122,0.0,10200.0,-515.9878,-515.9878,False,4396.5356
2022-10-25,89.5195,7.2688,10200.0,9651.9292,-548.0708,0.0,-548.0708,9651.9292,185.0,10385.0,-733.0708,-733.0708,False,4396.5356
2022-11-08,93.6881,7.2485,10385.0,9810.0682,-574.9318,0.0,-574.9318,9810.0682,155.0,10540.0,-729.9318,-729.9318,False,4396.5356
2022-11-22,87.8114,7.1388,10540.0,9497.7428,-1042.2572,0.0,-1042.2572,9497.7428,-175.0,10365.0,-867.2572,-867.2572,False,4396.5356
2022-12-06,81.5829,6.9935,10365.0,9159.6711,-1205.3289,0.0,-1205.3289,9159.6711,-440.0,9925.0,-765.3289,-765.3289,False,4396.5356
2022-12-20,78.1143,6.96,9925.0,8981.6756,-943.3244,0.0,-943.3244,8981.6756,-480.0,9445.0,-463.3244,-463.3244,False,4396.5356
2023-01-04,79.6,6.8875,9445.0,9015.1715,-429.8285,0.0,-429.8285,9015.1715,250.0,9695.0,-679.8285,-679.8285,False,4396.5356
2023-01-18,80.1064,6.7534,9695.0,8960.7209,-734.2791,0.0,-734.2791,8960.7209,-205.0,9490.0,-529.2791,-529.2791,False,4396.5356
2023-02-04,81.0405,6.7733,9490.0,9007.5705,-482.4295,0.0,-482.4295,9007.5705,210.0,9700.0,-692.4295,-692.4295,False,4396.5356
2023-02-17,82.0071,6.8661,9700.0,9099.7458,-600.2542,0.0,-600.2542,9099.7458,0.0,9700.0,-600.2542,-600.2542,False,4396.5356
2023-03-03,80.4717,6.9048,9700.0,9063.7224,-636.2776,0.0,-636.2776,9063.7224,0.0,9700.0,-636.2776,-636.2776,False,4396.5356
2023-03-18,75.5233,6.887,9700.0,8809.0827,-890.9173,0.0,-890.9173,8809.0827,-100.0,9600.0,-790.9173,-790.9173,False,4396.5356
2023-04-01,75.3514,6.8676,9600.0,8789.688,-810.312,0.0,-810.312,8789.688,-335.0,9265.0,-475.312,-475.312,False,4396.5356
2023-04-18,84.8814,6.8755,9265.0,9215.762,-49.238,-49.238,0.0,9265.0,550.0,9815.0,-550.0,-550.0,False,4396.5356
2023-04-29,79.9695,6.911,9815.0,9047.601,-767.399,0.0,-816.637,8998.363,-160.0,9655.0,-656.637,-656.637,False,4396.5356
2023-05-17,74.4878,6.9981,9655.0,8817.4656,-837.5344,0.0,-837.5344,8817.4656,-380.0,9275.0,-457.5344,-457.5344,False,4396.5356
2023-05-31,74.2644,7.11,9275.0,8866.9214,-408.0786,0.0,-408.0786,8866.9214,100.0,9375.0,-508.0786,-508.0786,False,4396.5356
2023-06-14,73.5029,7.148,9375.0,8847.7083,-527.2917,0.0,-527.2917,8847.7083,-55.0,9320.0,-472.2917,-472.2917,False,4396.5356
2023-06-29,73.1167,7.2515,9320.0,8882.942,-437.058,0.0,-437.058,8882.942,70.0,9390.0,-507.058,-507.058,False,4396.5356
2023-07-13,77.0504,7.15,9390.0,9034.7086,-355.2914,0.0,-355.2914,9034.7086,155.0,9545.0,-510.2914,-510.2914,False,4396.5356
2023-07-27,80.715,7.173,9545.0,9231.7948,-313.2052,0.0,-313.2052,9231.7948,275.0,9820.0,-588.2052,-588.2052,False,4396.5356
2023-08-10,85.4992,7.2165,9820.0,9453.1904,-366.8096,0.0,-366.8096,9453.1904,240.0,10060.0,-606.8096,-606.8096,False,4396.5356
2023-08-24,83.9441,7.2786,10060.0,9427.805,-632.195,0.0,-632.195,9427.805,55.0,10115.0,-687.195,-687.195,False,4396.5356
2023-09-06,87.4375,7.316,10115.0,9596.2335,-518.7665,0.0,-518.7665,9596.2335,0.0,10115.0,-518.7665,-518.7665,False,4396.5356
2023-09-21,93.5008,7.3066,10115.0,9842.1851,-272.8149,0.0,-272.8149,9842.1851,385.0,10500.0,-657.8149,-657.8149,False,4396.5356
2023-10-11,88.8025,7.2992,10500.0,9642.1193,-857.8807,0.0,-857.8807,9642.1193,-85.0,10415.0,-772.8807,-772.8807,False,4396.5356
2023-10-25,90.6138,7.3165,10415.0,9728.7818,-686.2182,0.0,-686.2182,9728.7818,-70.0,10345.0,-616.2182,-616.2182,False,4396.5356
2023-11-08,85.2804,7.28,10345.0,9483.9377,-861.0623,0.0,-861.0623,9483.9377,-140.0,10205.0,-721.0623,-721.0623,False,4396.5356
2023-11-22,81.105,7.155,10205.0,9236.9193,-968.0807,0.0,-968.0807,9236.9193,-340.0,9865.0,-628.0807,-628.0807,False,4396.5356
2023-12-06,78.3704,7.158,9865.0,9108.483,-756.517,0.0,-756.517,9108.483,-55.0,9810.0,-701.517,-701.517,False,4396.5356
2023-12-20,75.42,7.1355,9810.0,8941.2441,-868.7559,0.0,-868.7559,8941.2441,-415.0,9395.0,-453.7559,-453.7559,False,4396.5356
2024-01-04,76.6709,7.1589,9395.0,9019.8192,-375.1808,0.0,-375.1808,9019.8192,200.0,9595.0,-575.1808,-575.1808,False,4396.5356
2024-01-18,77.0908,7.1961,9595.0,9062.8777,-532.1223,0.0,-532.1223,9062.8777,-50.0,9545.0,-482.1223,-482.1223,False,4396.5356
2024-02-01,80.5775,7.1799,9545.0,9230.2934,-314.7066,0.0,-314.7066,9230.2934,200.0,9745.0,-514.7066,-514.7066,False,4396.5356
2024-02-19,81.6653,7.1928,9745.0,9282.2113,-462.7887,0.0,-462.7887,9282.2113,0.0,9745.0,-462.7887,-462.7887,False,4396.5356
2024-03-05,82.1838,7.1965,9745.0,9305.5538,-439.4462,0.0,-439.4462,9305.5538,125.0,9870.0,-564.4462,-564.4462,False,4396.5356
2024-03-18,83.1756,7.1981,9870.0,9346.9442,-523.0558,0.0,-523.0558,9346.9442,0.0,9870.0,-523.0558,-523.0558,False,4396.5356
2024-04-02,85.3898,7.232,9870.0,9458.4178,-411.5822,0.0,-411.5822,9458.4178,200.0,10070.0,-611.5822,-611.5822,False,4396.5356
2024-04-17,89.2563,7.2389,10070.0,9621.4994,-448.5006,0.0,-448.5006,9621.4994,200.0,10270.0,-648.5006,-648.5006,False,4396.5356
2024-04-30,86.9867,7.2401,10270.0,9529.0722,-740.9278,0.0,-740.9278,9529.0722,-70.0,10200.0,-670.9278,-670.9278,False,4396.5356
2024-05-16,82.0042,7.2181,10200.0,9311.2173,-888.7827,0.0,-888.7827,9311.2173,-235.0,9965.0,-653.7827,-653.7827,False,4396.5356
2024-05-29,81.2239,7.2494,9965.0,9297.9314,-667.0686,0.0,-667.0686,9297.9314,0.0,9965.0,-667.0686,-667.0686,False,4396.5356
2024-06-14,79.5287,7.2557,9965.0,9226.2141,-738.7859,0.0,-738.7859,9226.2141,-190.0,9775.0,-548.7859,-548.7859,False,4396.5356
2024-06-28,84.9738,7.2672,9775.0,9463.282,-311.718,0.0,-311.718,9463.282,210.0,9985.0,-521.718,-521.718,False,4396.5356
2024-07-12,85.9585,7.2495,9985.0,9492.7696,-492.2304,0.0,-492.2304,9492.7696,110.0,10095.0,-602.2304,-602.2304,False,4396.5356
2024-07-26,82.5033,7.2502,10095.0,9351.05,-743.95,0.0,-743.95,9351.05,-145.0,9950.0,-598.95,-598.95,False,4396.5356
2024-08-09,78.0471,7.166,9950.0,9096.0967,-853.9033,0.0,-853.9033,9096.0967,-305.0,9645.0,-548.9033,-548.9033,False,4396.5356
2024-08-22,78.7375,7.144,9645.0,9119.6658,-525.3342,0.0,-525.3342,9119.6658,0.0,9645.0,-525.3342,-525.3342,False,4396.5356
2024-09-06,75.2681,7.0876,9645.0,8906.8721,-738.1279,0.0,-738.1279,8906.8721,-100.0,9545.0,-638.1279,-638.1279,False,4396.5356
2024-09-21,73.2357,7.0505,9545.0,8781.3687,-763.6313,0.0,-763.6313,8781.3687,-365.0,9180.0,-398.6313,-398.6313,False,4396.5356
2024-10-11,76.775,7.0667,9180.0,8973.397,-206.603,0.0,-206.603,8973.397,140.0,9320.0,-346.603,-346.603,False,4396.5356
2024-10-24,72.9567,7.119,9320.0,8803.5801,-516.4199,0.0,-516.4199,8803.5801,90.0,9410.0,-606.4199,-606.4199,False,4396.5356
2024-11-07,72.6683,7.1412,9410.0,8800.3593,-609.6407,0.0,-609.6407,8800.3593,-145.0,9265.0,-464.6407,-464.6407,False,4396.5356
2024-11-20,71.4405,7.2459,9265.0,8790.9172,-474.0828,0.0,-474.0828,8790.9172,0.0,9265.0,-474.0828,-474.0828,False,4396.5356
2024-12-04,71.9375,7.2632,9265.0,8826.4328,-438.5672,0.0,-438.5672,8826.4328,0.0,9265.0,-438.5672,-438.5672,False,4396.5356
2024-12-18,72.4446,7.2864,9265.0,8865.7501,-399.2499,0.0,-399.2499,8865.7501,0.0,9265.0,-399.2499,-399.2499,False,4396.5356
2025-01-03,74.0289,7.3199,9265.0,8968.5464,-296.4536,0.0,-296.4536,8968.5464,70.0,9335.0,-366.4536,-366.4536,False,4396.5356
2025-01-17,79.8637,7.3249,9335.0,9284.5388,-50.4612,0.0,-50.4612,9284.5388,340.0,9675.0,-390.4612,-390.4612,False,4396.5356
2025-02-06,75.7909,7.2883,9675.0,9045.5292,-629.4708,0.0,-629.4708,9045.5292,0.0,9675.0,-629.4708,-629.4708,False,4396.5356
2025-02-20,75.2835,7.2555,9675.0,9000.3241,-674.6759,0.0,-674.6759,9000.3241,-170.0,9505.0,-504.6759,-504.6759,False,4396.5356
2025-03-06,71.8729,7.2468,9505.0,8814.3571,-690.6429,0.0,-690.6429,8814.3571,-135.0,9370.0,-555.6429,-555.6429,False,4396.5356
2025-03-20,70.8708,7.2477,9370.0,8761.5941,-608.4059,0.0,-608.4059,8761.5941,-280.0,9090.0,-328.4059,-328.4059,False,4396.5356
2025-04-03,74.0158,7.2813,9090.0,8946.9034,-143.0966,0.0,-143.0966,8946.9034,230.0,9320.0,-373.0966,-373.0966,False,4396.5356
2025-04-18,65.5343,7.2996,9320.0,8503.0184,-816.9816,0.0,-816.9816,8503.0184,-480.0,8840.0,-336.9816,-336.9816,False,4396.5356
2025-04-30,65.845,7.2706,8840.0,8505.646,-334.354,0.0,-334.354,8505.646,0.0,8840.0,-334.354,-334.354,False,4396.5356
2025-05-20,64.8376,7.2194,8840.0,8427.6249,-412.3751,0.0,-412.3751,8427.6249,-230.0,8610.0,-182.3751,-182.3751,False,4396.5356
2025-06-04,64.1779,7.1844,8610.0,8376.2516,-233.7484,0.0,-233.7484,8376.2516,65.0,8675.0,-298.7484,-298.7484,False,4396.5356
2025-06-18,71.7375,7.1888,8675.0,8776.6628,101.6628,0.0,101.6628,8776.6628,260.0,8935.0,-158.3372,-158.3372,False,4396.5356
2025-07-02,68.6067,7.1649,8935.0,8599.6698,-335.3302,0.0,-335.3302,8599.6698,235.0,9170.0,-570.3302,-570.3302,False,4396.5356
2025-07-16,70.2387,7.1791,9170.0,8692.6947,-477.3053,0.0,-477.3053,8692.6947,-130.0,9040.0,-347.3053,-347.3053,False,4396.5356
2025-07-29,69.7829,7.1769,9040.0,8667.5804,-372.4196,0.0,-372.4196,8667.5804,0.0,9040.0,-372.4196,-372.4196,False,4396.5356
2025-08-12,67.7462,7.1785,9040.0,8561.2326,-478.7674,0.0,-478.7674,8561.2326,0.0,9040.0,-478.7674,-478.7674,False,4396.5356
2025-08-27,67.2104,7.1536,9040.0,8520.7709,-519.2291,0.0,-519.2291,8520.7709,-180.0,8860.0,-339.2291,-339.2291,False,4396.5356
2025-09-09,66.9915,7.1209,8860.0,8493.2372,-366.7628,0.0,-366.7628,8493.2372,0.0,8860.0,-366.7628,-366.7628,False,4396.5356
2025-09-23,67.4566,7.1116,8860.0,8512.9169,-347.0831,0.0,-347.0831,8512.9169,0.0,8860.0,-347.0831,-347.0831,False,4396.5356
2025-10-14,64.3947,7.1384,8860.0,8365.9526,-494.0474,0.0,-494.0474,8365.9526,-75.0,8785.0,-419.0474,-419.0474,False,4396.5356
2025-10-28,63.1605,7.0988,8785.0,8283.0402,-501.9598,0.0,-501.9598,8283.0402,-265.0,8520.0,-236.9598,-236.9598,False,4396.5356
2025-11-11,63.4287,7.1193,8520.0,8306.5269,-213.4731,0.0,-213.4731,8306.5269,125.0,8645.0,-338.4731,-338.4731,False,4396.5356
2025-11-25,62.5872,7.0845,8645.0,8246.6487,-398.3513,0.0,-398.3513,8246.6487,-70.0,8575.0,-328.3513,-328.3513,False,4396.5356
2025-12-09,62.09,7.0633,8575.0,8211.1826,-363.8174,0.0,-363.8174,8211.1826,-55.0,8520.0,-308.8174,-308.8174,False,4396.5356
2025-12-23,59.5709,7.028,8520.0,8065.3466,-454.6534,0.0,-454.6534,8065.3466,-170.0,8350.0,-284.6534,-284.6534,False,4396.5356
2026-01-06,59.9956,6.9834,8350.0,8067.608,-282.392,0.0,-282.392,8067.608,0.0,8350.0,-282.392,-282.392,False,4396.5356
2026-01-21,63.276,6.9637,8350.0,8226.3908,-123.6092,0.0,-123.6092,8226.3908,85.0,8435.0,-208.6092,-208.6092,False,4396.5356
2026-02-04,66.1212,6.9415,8435.0,8360.863,-74.137,0.0,-74.137,8360.863,205.0,8640.0,-279.137,-279.137,False,4396.5356
2026-02-25,68.5437,6.8692,8640.0,8447.7957,-192.2043,0.0,-192.2043,8447.7957,175.0,8815.0,-367.2043,-367.2043,False,4396.5356
2026-03-10,87.0029,6.8766,8815.0,9297.9223,482.9223,0.0,482.9223,9297.9223,695.0,9510.0,-212.0777,-212.0777,False,4396.5356
2026-03-24,114.0633,6.8918,9510.0,10349.901,839.901,0.0,0.0,9510.0,1160.0,10670.0,-1160.0,-1160.0,True,4396.5356
2026-04-08,117.0957,6.8287,10670.0,10412.5389,-257.4611,0.0,-0.0,10670.0,420.0,11090.0,-420.0,-420.0,True,4396.5356
2026-04-22,102.8117,6.8275,11090.0,9868.0646,-1221.9354,0.0,-0.0,11090.0,-555.0,10535.0,555.0,555.0,True,4396.5356
2026-05-09,114.2522,6.8005,10535.0,10280.7159,-254.2841,0.0,-0.0,10535.0,320.0,10855.0,-320.0,-320.0,True,4396.5356
