w_wti,w_brent,w_basket,beta,alpha,pi0,lambda,lambda_factor,price_mae,price_rmse,change_mae,segments_used,rows_used
0.6000000000000001,0.05,0.3499999999999999,1785.113169097034,1.3245607107113373,2558.2387922864013,0.0,0.0,211.05773965363105,325.1881575167628,211.05773965363105,17,194
0.6000000000000001,0.0,0.3999999999999999,1784.3150931542054,1.3281432929446746,2549.8310315776625,0.0,0.0,211.17343368560097,323.1560241453615,211.17343368560097,17,194
0.55,0.0,0.44999999999999996,1780.3519707097983,1.332388755007571,2523.4763944704587,0.0,0.0,211.80263140467122,321.9593280339795,211.80263140467122,17,194
0.6000000000000001,0.1,0.29999999999999993,1765.6630407014559,1.3237016872556648,2575.8731336478195,0.0,0.0,211.8349675573816,328.48098876147014,211.8349675573816,17,194
0.65,0.0,0.35,1754.6875300850388,1.3275763347286076,2594.7352049163574,0.0,0.0,212.1794968737936,326.9368182010388,212.1794968737936,17,194
0.65,0.05,0.3,1751.5433467711919,1.3242036086842868,2606.0803315326725,0.0,0.0,212.28821585206347,329.47413816662777,212.28821585206347,17,194
0.65,0.1,0.24999999999999997,1750.005255868739,1.3205041637145678,2616.9759340836345,0.0,0.0,212.39622251099775,332.17978427259334,212.39622251099775,17,194
0.55,0.05,0.39999999999999997,1757.1409580268037,1.332361947912041,2541.8125590254613,0.0,0.0,212.63461455205334,325.0330466812925,212.63461455205334,17,194
0.65,0.15000000000000002,0.19999999999999996,1749.9442584926935,1.3165044326988409,2627.4483421645955,0.0,0.0,212.72527243483142,335.0608220160906,212.72527243483142,17,194
0.6000000000000001,0.15000000000000002,0.2499999999999999,1741.5344685693065,1.3233292412113913,2596.0623338270025,0.0,0.0,212.84039439121216,332.25970843446856,212.84039439121216,17,194
0.65,0.2,0.14999999999999997,1742.2746604996369,1.3134040598185581,2641.79008339309,0.0,0.0,213.4663005906849,338.5693638233064,213.4663005906849,17,194
0.7000000000000001,0.0,0.29999999999999993,1724.5133141180956,1.3257778719362106,2644.690869028855,0.0,0.0,213.47558918706508,331.6777005151875,213.47558918706508,17,194
0.55,0.1,0.35,1732.6022867845418,1.3324212343370645,2560.958344223895,0.0,0.0,213.64081776011685,328.3988482389393,213.64081776011685,17,194
0.7000000000000001,0.05,0.24999999999999994,1717.025619250648,1.3225904388483212,2659.4657271030997,0.0,0.0,213.76010822783795,334.7846176913065,213.76010822783795,17,194
0.5,0.0,0.5,1741.897859022876,1.3404402103305193,2515.9818485381256,0.0,0.0,214.26686870134944,323.6539680495255,214.26686870134944,17,194
0.7000000000000001,0.1,0.19999999999999993,1709.799919566494,1.3191809630291527,2674.7237216898156,0.0,0.0,214.2779235743597,338.1655627595012,214.2779235743597,17,194
0.6000000000000001,0.2,0.1999999999999999,1716.1740801238443,1.3230687770716583,2616.858212055699,0.0,0.0,214.2916110457911,336.31214489092895,214.2916110457911,17,194
0.55,0.15000000000000002,0.29999999999999993,1707.034149816813,1.3325579331923034,2580.6478746423954,0.0,0.0,214.82587304473515,332.03109237760077,214.82587304473515,17,194
0.7000000000000001,0.15000000000000002,0.1499999999999999,1703.4173180644414,1.3155138597668221,2690.0157417897926,0.0,0.0,214.9599219496094,341.77884013138777,214.9599219496094,17,194
0.1,0.8500000000000001,0.04999999999999993,2229.02744221318,1.2480692327694487,2209.5140760329077,0.0,0.0,214.9652338627292,331.283986010361,214.9652338627292,15,194
0.5,0.05,0.45,1717.4254146957214,1.3408519320771584,2533.9268611788043,0.0,0.0,215.08712164358542,326.6146266611796,215.08712164358542,17,194
0.75,0.0,0.25,1685.3467833304894,1.3231733440354823,2706.488284170552,0.0,0.0,215.16892978606424,338.1329221937845,215.16892978606424,17,194
0.65,0.25,0.09999999999999998,1714.9083902994219,1.3129023511149918,2665.2751308576235,0.0,0.0,215.437029959416,343.2501753079565,215.437029959416,17,194
0.1,0.9,0.0,2252.6959050827627,1.243039417696663,2201.1906991611927,0.0,0.0,215.4574026187084,332.5438244206196,215.4574026187084,15,194
0.7000000000000001,0.2,0.09999999999999992,1697.6715500160594,1.3116171573282835,2705.4401231552347,0.0,0.0,215.8325133183254,345.6373261062215,215.8325133183254,17,194
0.75,0.05,0.2,1672.2848930850564,1.3201771010585512,2725.9047786984247,0.0,0.0,215.83957691804042,341.95318632228594,215.83957691804042,17,194
0.5,0.1,0.4,1692.0550291701245,1.341312554827017,2552.3999047835964,0.0,0.0,216.20229937884662,329.8372501579303,216.20229937884662,17,194
0.6000000000000001,0.25,0.1499999999999999,1689.115234236631,1.3230028243748697,2638.393913230314,0.0,0.0,216.2446503216458,340.6549425613731,216.2446503216458,17,194
0.55,0.2,0.24999999999999994,1680.4355213309912,1.3328005943031278,2600.768300386257,0.0,0.0,216.26624878213346,335.91748321911285,216.26624878213346,17,194
0.75,0.1,0.15,1659.3686801175077,1.3169382493818202,2745.9847159266174,0.0,0.0,216.826890022807,346.0815342287013,216.826890022807,17,194
0.7000000000000001,0.25,0.04999999999999993,1692.3519522850356,1.307516635287829,2721.109401519747,0.0,0.0,217.24421587473955,349.7543021120183,217.24421587473955,17,194
0.45,0.0,0.55,1696.5653807600806,1.3487950171992027,2513.7525345079716,0.0,0.0,217.50838372639097,326.7490285674759,217.50838372639097,17,194
0.5,0.15000000000000002,0.35,1665.400813107925,1.3418919074461688,2571.5020664809203,0.0,0.0,217.58192204237224,333.34185722602973,217.58192204237224,17,194
0.8,0.0,0.19999999999999996,1638.104018128593,1.3192820872968452,2780.9854541652758,0.0,0.0,217.67599063022854,346.47280125948174,217.67599063022854,17,194
0.65,0.30000000000000004,0.04999999999999993,1685.2200474030026,1.312659154789275,2689.8700466235705,0.0,0.0,217.72625186091895,348.25704446792497,217.72625186091895,17,194
0.05,0.8,0.1499999999999999,2170.4806469771634,1.257074641991312,2223.4336686895426,0.0,0.0,217.94831261426168,333.9236088603982,217.94831261426168,15,194
0.75,0.15000000000000002,0.09999999999999998,1646.2531843133615,1.3134880423396038,2766.951900854077,0.0,0.0,218.08698052921486,350.54715688569496,218.08698052921486,17,194
0.55,0.25,0.19999999999999996,1652.070553971924,1.3332656647545518,2621.579883345089,0.0,0.0,218.29059820685185,340.0979969256462,218.29059820685185,17,194
0.05,0.8500000000000001,0.09999999999999987,2189.8576755412823,1.2525378362832806,2217.6001462771865,0.0,0.0,218.34258534795362,335.1667521781919,218.34258534795362,15,194
0.45,0.05,0.5,1670.2631433407219,1.3496955077812205,2531.6594232809066,0.0,0.0,218.49379820778265,329.66688047730196,218.49379820778265,17,194
0.6000000000000001,0.30000000000000004,0.09999999999999987,1659.8106962253987,1.3232272234855829,2660.8290964231865,0.0,0.0,218.60877497486976,345.3082284507567,218.60877497486976,17,194
0.7000000000000001,0.30000000000000004,0.0,1683.2341901157477,1.3036500859288938,2739.5059812749887,0.0,0.0,219.0072288105609,354.382224761435,219.0072288105609,17,194
0.8,0.05,0.14999999999999997,1616.4814648972856,1.3165306136358639,2807.838948935307,0.0,0.0,219.2179645332694,351.32497841929086,219.2179645332694,17,194
0.5,0.2,0.3,1636.9919805470029,1.3426736035752942,2591.363424576164,0.0,0.0,219.33959924032808,337.15277370534636,219.33959924032808,17,194
0.45,0.1,0.45000000000000007,1642.928971796338,1.3506693538594559,2550.129393483803,0.0,0.0,219.69113375088887,332.854815950639,219.69113375088887,17,194
0.75,0.2,0.04999999999999999,1632.5351100328755,1.3098575737018057,2789.089721611905,0.0,0.0,219.79532687536198,355.3855879056586,219.79532687536198,17,194
0.65,0.35000000000000003,0.0,1652.6119887406212,1.312772065966526,2715.778901866131,0.0,0.0,220.2625841078802,353.6124030044278,220.2625841078802,17,194
0.55,0.30000000000000004,0.1499999999999999,1621.320654455456,1.3340611211499749,2643.2628498189615,0.0,0.0,220.83828740147123,344.6003789606471,220.83828740147123,17,194
0.8,0.1,0.09999999999999995,1593.5982600311613,1.3135766671604834,2836.5978520447075,0.0,0.0,220.93597583319342,356.6406689708284,220.93597583319342,17,194
0.6000000000000001,0.35000000000000003,0.04999999999999988,1627.622049772494,1.3238530718447845,2684.3523709776427,0.0,0.0,221.28570756124134,350.2968434102178,221.28570756124134,17,194
0.45,0.15000000000000002,0.4,1614.1131875086367,1.3517951458570239,2569.2904240432217,0.0,0.0,221.4694428256737,336.3403288156705,221.4694428256737,17,194
0.5,0.25,0.25,1606.060476677201,1.3437796825779658,2612.257413553013,0.0,0.0,221.5719721212452,341.3125259423841,221.5719721212452,17,194
0.4,0.0,0.6,1646.470363668622,1.3572809907219605,2515.3457100364394,0.0,0.0,221.79919535592677,331.08681950080836,221.79919535592677,17,194
0.75,0.25,0.0,1618.099613425781,1.3060325385392684,2812.581019389931,0.0,0.0,221.82947519118449,360.6206249477789,221.82947519118449,17,194
0.8500000000000001,0.0,0.1499999999999999,1575.4703025506187,1.3141027123527094,2875.4532684344495,0.0,0.0,222.05234022926254,357.56367110974264,222.05234022926254,17,194
0.8,0.15000000000000002,0.04999999999999993,1568.7657037920112,1.3104533798236035,2867.822502592313,0.0,0.0,223.0788731921527,362.49136078864365,223.0788731921527,17,194
0.4,0.05,0.5499999999999999,1616.991171068032,1.3588258369778405,2533.924459449677,0.0,0.0,223.18747464142538,334.09081765201506,223.18747464142538,17,194
0.45,0.2,0.35000000000000003,1583.2631122738499,1.3531678483719238,2589.3069006554642,0.0,0.0,223.56557165378678,340.15727354423217,223.56557165378678,17,194
0.55,0.35000000000000003,0.09999999999999992,1587.4511539732457,1.3353140567695316,2666.035424950226,0.0,0.0,223.82430631294517,349.4595157491551,223.82430631294517,17,194
0.8500000000000001,0.05,0.09999999999999991,1541.3251323687582,1.3115627698530268,2913.8486777380385,0.0,0.0,224.3266283518797,363.9354853752889,224.3266283518797,17,194
0.6000000000000001,0.4,0.0,1591.8073376175878,1.3250091073342116,2709.1836696791775,0.0,0.0,224.34328887114137,355.6520051946895,224.34328887114137,17,194
0.5,0.30000000000000004,0.19999999999999996,1572.0517990356386,1.3453137388601506,2634.3154119226865,0.0,0.0,224.3512435885532,345.850346091294,224.3512435885532,17,194
0.4,0.1,0.5,1585.8204458526757,1.3605310382945688,2553.37408263584,0.0,0.0,224.91684560866113,337.41432424977336,224.91684560866113,17,194
0.8,0.2,0.0,1542.2996665423234,1.307076334689245,2901.5384300764117,0.0,0.0,225.66393522007476,368.8941540020507,225.66393522007476,17,194
0.45,0.25,0.30000000000000004,1549.7002443196784,1.3549022932310975,2610.388024108507,0.0,0.0,226.1140170141712,344.3480454382474,226.1140170141712,17,194
0.8500000000000001,0.1,0.049999999999999906,1503.2440779993058,1.3088561879931648,2956.6792208758457,0.0,0.0,226.97481687486723,371.0886824169308,226.97481687486723,17,194
0.4,0.15000000000000002,0.44999999999999996,1552.8490228105848,1.3624362936820253,2573.6372102449136,0.0,0.0,227.03518994523043,341.0641514467601,227.03518994523043,17,194
0.55,0.4,0.04999999999999993,1549.5914711099874,1.3371741611067423,2690.1591709823106,0.0,0.0,227.17144923198657,354.7199847183805,227.17144923198657,17,194
0.5,0.35000000000000003,0.14999999999999997,1534.510911644711,1.3473749415960181,2657.586762792226,0.0,0.0,227.60524217810703,350.78803094889537,227.60524217810703,17,194
0.35000000000000003,0.0,0.6499999999999999,1584.325191354421,1.3670876802310896,2523.7476640855793,0.0,0.0,227.65151122135998,336.8957631049106,227.65151122135998,17,194
0.05,0.9,0.04999999999999993,2216.848542227379,1.2404285006083509,2215.683339184153,0.0,0.0,227.82824617637723,348.6166365635042,227.82824617637723,14,194
0.05,0.9500000000000001,0.0,2241.553280551042,1.2353585944439067,2206.545832511711,0.0,0.0,228.32706100818515,349.81958966723516,228.32706100818515,14,194
0.9,0.0,0.09999999999999998,1483.9784865621218,1.3076573876056707,3003.2260735667933,0.0,0.0,228.41408812840638,372.9760767574691,228.41408812840638,17,194
0.0,0.7000000000000001,0.29999999999999993,2116.2873951895945,1.2607395736279567,2240.5321670754242,0.0,0.0,228.7004800599804,347.34374982479255,228.7004800599804,14,194
0.45,0.30000000000000004,0.25,1512.591682446607,1.3571375725435144,2632.798223836152,0.0,0.0,229.46648583398118,348.9666084167951,229.46648583398118,17,194
0.0,0.75,0.25,2125.1342901524777,1.257609315769599,2239.7447080050756,0.0,0.0,229.48385729532274,348.89303402363834,229.48385729532274,14,194
0.4,0.2,0.39999999999999997,1517.4227508103959,1.3646507599979052,2594.920335130008,0.0,0.0,229.78783161729643,345.0864451205642,229.78783161729643,17,194
0.35000000000000003,0.05,0.5999999999999999,1550.5179868304435,1.3691960005148351,2543.9828424651587,0.0,0.0,229.90028091256764,340.41193036269783,229.90028091256764,17,194
0.8500000000000001,0.15000000000000002,0.0,1461.1174589258517,1.305875748003744,3004.485758305028,0.0,0.0,230.04908762969058,379.11157025954157,230.04908762969058,17,194
0.0,0.8,0.19999999999999996,2140.3871488353307,1.2536430372672525,2235.908836841013,0.0,0.0,230.07462763924258,350.1795236371222,230.07462763924258,14,194
0.0,0.8500000000000001,0.1499999999999999,2158.167863377239,1.2493704280380866,2230.71295478983,0.0,0.0,230.74702102397663,351.43602164715116,230.74702102397663,14,194
0.55,0.45,0.0,1506.7125156763184,1.3398197513149641,2715.9377200357567,0.0,0.0,231.0298459078483,360.43889179007977,231.0298459078483,17,194
0.0,0.9,0.09999999999999998,2178.453695588216,1.2448061715778356,2224.129014954478,0.0,0.0,231.3742390171052,352.6557155668063,231.3742390171052,14,194
0.5,0.4,0.09999999999999998,1492.713631849877,1.3501014969695917,2682.2312268721353,0.0,0.0,231.45948425499836,356.1669808280668,231.45948425499836,17,194
0.9,0.05,0.049999999999999975,1429.3039719496837,1.3052594092427174,3061.4575893218653,0.0,0.0,231.56737438691889,381.872378066598,231.56737438691889,17,194
0.0,0.9500000000000001,0.04999999999999993,2201.222939969064,1.2399656288896201,2216.125863421955,0.0,0.0,231.95036959131338,353.83032403269954,231.95036959131338,14,194
0.35000000000000003,0.1,0.5499999999999999,1514.8662588655036,1.3717198681246932,2564.689020959016,0.0,0.0,232.3229303472459,343.96893069056256,232.3229303472459,17,194
0.0,1.0,0.0,2226.4575314126205,1.2348646956832812,2206.667059186258,0.0,0.0,232.4436398142989,354.9498258603944,232.4436398142989,14,194
0.4,0.25,0.35,1478.7299097894054,1.367308035809935,2617.487633689352,0.0,0.0,233.07629927678167,349.53971703902755,233.07629927678167,17,194
0.45,0.35000000000000003,0.2,1470.9137749863455,1.3600426496744467,2656.87028367422,0.0,0.0,233.46367746295522,354.08273161485675,233.46367746295522,17,194
0.30000000000000004,0.0,0.7,1515.5087010873572,1.3776512626808106,2535.8359897149185,0.0,0.0,234.95804828113168,343.813768691189,234.95804828113168,17,194
0.35000000000000003,0.15000000000000002,0.4999999999999999,1477.0266495314497,1.374502588086535,2586.3552458723307,0.0,0.0,235.13935021471835,347.8899518837904,235.13935021471835,17,194
0.9,0.1,0.0,1365.820927565267,1.3026152784186413,3129.3120125905834,0.0,0.0,235.3919512729395,392.22056136423413,235.3919512729395,17,194
0.5,0.45,0.04999999999999999,1445.069366543136,1.3537414930946141,2708.8246117139242,0.0,0.0,236.28051521522235,362.0963448094257,236.28051521522235,17,194
0.4,0.30000000000000004,0.29999999999999993,1435.7615155852075,1.3705721685524828,2641.6758492289,0.0,0.0,237.20455421638445,354.49924233928334,237.20455421638445,17,194
0.9500000000000001,0.0,0.04999999999999993,1336.2597683852673,1.2999639892413184,3191.5635796969573,0.0,0.0,237.53105591402874,395.9279169213353,237.53105591402874,17,194
0.30000000000000004,0.05,0.6499999999999999,1476.4544613987377,1.3804420796336496,2558.122846257543,0.0,0.0,237.93908379913054,347.979693727667,237.93908379913054,17,194
0.35000000000000003,0.2,0.4499999999999999,1436.210512431579,1.377672406253251,2609.2428887793094,0.0,0.0,238.3088759291043,352.2373837144135,238.3088759291043,17,194
0.45,0.4,0.15000000000000002,1423.4049745719096,1.3638236590813577,2683.0222518033484,0.0,0.0,238.38273523851979,359.7879712628215,238.38273523851979,17,194
0.30000000000000004,0.1,0.6,1435.1032333887717,1.3837537111379952,2580.9899855411763,0.0,0.0,241.2285909065409,352.1832899931164,241.2285909065409,17,194
0.5,0.5,0.0,1390.032269665707,1.3585503596037076,2737.8676904163344,0.0,0.0,242.07133194581206,368.6894590312829,242.07133194581206,17,194
0.4,0.35000000000000003,0.24999999999999994,1387.2508272103748,1.3746526455162493,2667.9052219654673,0.0,0.0,242.16822959657057,360.05588504743696,242.16822959657057,17,194
0.35000000000000003,0.25,0.3999999999999999,1391.413066003212,1.381401199923914,2633.6728194472616,0.0,0.0,242.3247208438716,357.0780768311577,242.3247208438716,17,194
0.9500000000000001,0.05,0.0,1241.7953597436203,1.297582468265197,3289.40018865029,0.0,0.0,242.48902977058344,409.7893098230042,242.48902977058344,17,194
0.25,0.0,0.75,1441.759585273604,1.388667983197898,2550.748062745824,0.0,0.0,243.41509962370387,351.9203167949541,243.41509962370387,17,194
0.45,0.45,0.10000000000000003,1368.4301934642544,1.3687431247113646,2711.8182418276656,0.0,0.0,244.3620567225944,366.20748362956596,244.3620567225944,17,194
0.30000000000000004,0.15000000000000002,0.5499999999999999,1390.060407278603,1.3877217249614227,2605.1747472038764,0.0,0.0,244.82864621290236,356.59714962209824,244.82864621290236,17,194
0.35000000000000003,0.30000000000000004,0.34999999999999987,1339.5524066333096,1.3860629517223428,2661.2311713721388,0.0,0.0,247.423368829371,362.66900433203097,247.423368829371,17,194
0.25,0.05,0.7,1391.8582381134754,1.393029122355735,2577.66563702702,0.0,0.0,247.45122633320378,356.91755452314976,247.45122633320378,17,194
0.4,0.4,0.19999999999999996,1331.6101180511112,1.3798096920501497,2696.7115710436015,0.0,0.0,248.16654466837664,366.3298629831516,248.16654466837664,17,194
0.30000000000000004,0.2,0.49999999999999994,1338.3774048352338,1.3924851062366952,2632.652209177569,0.0,0.0,249.2185583428699,361.75063489747527,249.2185583428699,17,194
0.45,0.5,0.050000000000000044,1303.3318296661716,1.375212498832355,2744.2685620111592,0.0,0.0,251.80856503700886,373.5382500265725,251.80856503700886,17,194
1.0,0.0,0.0,1064.2873750815947,1.29109606361449,3508.16982135669,0.0,0.0,252.03321580032258,434.53967629703885,252.03321580032258,17,194
0.25,0.1,0.65,1339.1726986458448,1.3977139190109986,2605.8708767525295,0.0,0.0,252.09439330280068,362.3828215248015,252.09439330280068,17,194
0.2,0.0,0.8,1358.197213349538,1.400664079591083,2571.5640692852494,0.0,0.0,253.28565113877985,361.50415058268334,253.28565113877985,17,194
0.35000000000000003,0.35000000000000003,0.2999999999999999,1278.9186519923664,1.3919115286672281,2692.5693044136274,0.0,0.0,253.7115932905311,369.17429223946453,253.7115932905311,17,194
0.30000000000000004,0.25,0.44999999999999996,1281.631503089608,1.397953361837604,2662.132436134403,0.0,0.0,254.31238553352722,367.5329462772958,254.31238553352722,17,194
0.4,0.45,0.14999999999999997,1263.7531147187428,1.3866348159057387,2730.7975610278468,0.0,0.0,255.78841134080625,373.77129030532365,255.78841134080625,17,194
0.25,0.15000000000000002,0.6,1282.7104328068083,1.4032053136902205,2635.065011382885,0.0,0.0,256.95010662624804,367.95911524952095,256.95010662624804,17,194
0.2,0.05,0.75,1298.100721563498,1.4066253788577867,2602.1973365422264,0.0,0.0,258.36398369776794,367.3945226230521,258.36398369776794,17,194
0.30000000000000004,0.30000000000000004,0.3999999999999999,1218.2518091709708,1.404372019188678,2694.175987673929,0.0,0.0,260.59993300777046,374.0898078807983,260.59993300777046,17,194
0.45,0.55,0.0,1226.6002978812642,1.3834876618611556,2780.793754547853,0.0,0.0,260.9643776658483,381.9598806773963,260.9643776658483,17,194
0.35000000000000003,0.4,0.2499999999999999,1209.4140326627166,1.3990767760311649,2727.2054620349318,0.0,0.0,261.2769943701011,376.62283375181187,261.2769943701011,17,194
0.25,0.2,0.55,1221.1722210143178,1.4095546253979743,2666.0160967284673,0.0,0.0,262.4180993633844,373.9572383859224,262.4180993633844,17,194
0.2,0.1,0.7000000000000001,1233.4740298554027,1.4131517087173409,2634.864505822798,0.0,0.0,264.0912751032811,373.93670707319575,264.0912751032811,17,194
0.15000000000000002,0.0,0.85,1264.8420098700756,1.4138326655202196,2597.188612820283,0.0,0.0,264.43871447824074,372.68055554828607,264.43871447824074,17,194
0.4,0.5,0.09999999999999998,1183.3241095445778,1.3953237859373033,2769.6635806661843,0.0,0.0,265.01845819928684,382.44396979958697,265.01845819928684,17,194
0.30000000000000004,0.35000000000000003,0.3499999999999999,1146.2151087666202,1.4120547733317723,2729.5152919680695,0.0,0.0,268.14669774269885,381.6164025186613,268.14669774269885,17,194
0.25,0.25,0.5,1153.2004027961448,1.4168123264610197,2699.501856413232,0.0,0.0,268.828458782432,380.74478880092505,268.828458782432,17,194
0.15000000000000002,0.05,0.7999999999999999,1195.3095084533768,1.4213416749453582,2630.9899075269336,0.0,0.0,270.5101887802678,379.4601168811072,270.5101887802678,17,194
0.35000000000000003,0.45,0.1999999999999999,1128.452165489655,1.4079601329454945,2766.075447398408,0.0,0.0,270.5369254581451,385.266890317068,270.5369254581451,17,194
0.2,0.15000000000000002,0.65,1164.5699782492718,1.420245917920626,2669.3142143776995,0.0,0.0,270.7305976469099,381.10819329327245,270.7305976469099,17,194
0.4,0.55,0.04999999999999993,1087.9159964627804,1.4063055351399407,2813.9323093418375,0.0,0.0,276.03714772835417,392.6045241281947,276.03714772835417,17,194
0.25,0.30000000000000004,0.44999999999999996,1076.753940182329,1.4252929709384627,2736.267051771183,0.0,0.0,276.3637695033253,388.5276956635088,276.3637695033253,17,194
0.30000000000000004,0.4,0.29999999999999993,1062.8884542098026,1.4214070221794057,2769.114820601044,0.0,0.0,277.3318420338248,390.3783884539864,277.3318420338248,17,194
0.15000000000000002,0.1,0.75,1119.8561616435165,1.4296204904786605,2667.3672245650496,0.0,0.0,277.5327074811029,387.0552161667596,277.5327074811029,17,194
0.2,0.2,0.6000000000000001,1089.7258171383885,1.4285287976497578,2705.4595576989773,0.0,0.0,277.7324079557377,388.5493181188314,277.7324079557377,17,194
0.1,0.0,0.9,1121.0746399312964,1.433043013168645,2639.3622178190253,0.0,0.0,285.32224325797415,394.20331385859237,285.32224325797415,16,194
0.35000000000000003,0.5,0.1499999999999999,905.9144435033697,1.4568522685194898,2789.5699369277304,0.0,0.0,295.30082633090535,399.47950839564743,295.30082633090535,16,194
0.15000000000000002,0.15000000000000002,0.7,933.0813568149385,1.4666428839065602,2702.567363248849,0.0,0.0,295.7848836060595,401.5954855663831,295.7848836060595,16,194
0.2,0.25,0.55,895.5146021324688,1.4683641258213826,2737.5898838952244,0.0,0.0,297.03026440032767,402.7802931718566,297.03026440032767,16,194
0.25,0.35000000000000003,0.39999999999999997,871.4419058232306,1.468386500791747,2766.0978883718003,0.0,0.0,298.29575272637464,403.25586830268634,298.29575272637464,16,194
0.30000000000000004,0.45,0.24999999999999994,838.9918400358445,1.4691065075516234,2798.608626929697,0.0,0.0,302.1933216647229,406.21133392378533,302.1933216647229,16,194
0.1,0.05,0.85,932.3652258213928,1.4701787636019863,2676.081235323698,0.0,0.0,303.8427754544392,409.5843386540079,303.8427754544392,15,194
0.4,0.6000000000000001,0.0,835.6899182949957,1.4617383783435347,2840.285486936199,0.0,0.0,305.19811494110627,408.94374139302687,305.19811494110627,16,194
0.15000000000000002,0.2,0.6499999999999999,833.6790519022836,1.4785921812838496,2747.327922755846,0.0,0.0,305.98810492469687,412.3845248273813,305.98810492469687,16,194
0.2,0.30000000000000004,0.5,793.5737907026593,1.4811420353978813,2782.246965850542,0.0,0.0,307.7704471062592,413.4722050293695,307.7704471062592,16,194
0.35000000000000003,0.55,0.09999999999999987,781.6462489544315,1.4728666943958486,2842.0368569308152,0.0,0.0,310.00189039960276,413.27024540006767,310.00189039960276,16,194
0.05,0.0,0.95,894.3029946773304,1.4770043370073873,2676.794504389345,0.0,0.0,310.5785861338861,417.3416078948246,310.5785861338861,15,194
0.25,0.4,0.35,761.1603587499529,1.4823725891255026,2813.6519309626287,0.0,0.0,310.8836885746603,415.20805630922285,310.8836885746603,16,194
0.1,0.1,0.8,832.132085349206,1.4826851269040002,2719.9384771030373,0.0,0.0,313.75963061548435,420.15352387839414,313.75963061548435,15,194
0.30000000000000004,0.5,0.19999999999999996,712.4284002487303,1.4854966013874953,2852.095195058934,0.0,0.0,317.0912429850477,420.2313744263367,317.0912429850477,16,194
0.2,0.35000000000000003,0.45,675.8558779869513,1.496277867865064,2832.8008887509777,0.0,0.0,320.68757009410297,426.1312462746721,320.68757009410297,16,194
0.05,0.05,0.8999999999999999,785.067812831958,1.4910153032153883,2723.7322804235528,0.0,0.0,321.2656906044808,428.71649978050147,321.2656906044808,15,194
0.1,0.15000000000000002,0.75,720.62588974079,1.4968043565753382,2768.2427315729824,0.0,0.0,325.0865782870342,432.2447302000997,325.0865782870342,15,194
0.25,0.45,0.3,630.0648078821839,1.4994840450480054,2868.980571507878,0.0,0.0,326.02462336160926,429.6901057595677,326.02462336160926,16,194
0.35000000000000003,0.6000000000000001,0.04999999999999982,630.3784421388341,1.4929906913106754,2904.4272181812444,0.0,0.0,328.0800801660649,430.26764138977495,328.0800801660649,16,194
0.0,0.0,1.0,746.785956068592,1.4977064219857028,2725.0257221865504,0.0,0.0,328.13272905190286,437.0368167195579,328.13272905190286,15,194
0.15000000000000002,0.25,0.6,660.8049966942528,1.5016430885725083,2811.9361850151013,0.0,0.0,329.5897052504154,435.9489928007883,329.5897052504154,15,194
0.05,0.1,0.85,663.798937267726,1.5067372692423393,2775.455450594866,0.0,0.0,333.3616451446054,441.7427890911096,333.3616451446054,15,194
0.30000000000000004,0.55,0.1499999999999999,558.481471119774,1.506023348259839,2915.7656396173447,0.0,0.0,335.2611688153817,437.55495070183423,335.2611688153817,16,194
0.2,0.4,0.4,537.424092217122,1.5145328244061365,2891.0412036328257,0.0,0.0,336.3209305581941,441.38068384569635,336.3209305581941,16,194
0.1,0.2,0.7,594.5475378333861,1.513040961422364,2822.22075299778,0.0,0.0,338.49397066724885,446.26175489697226,338.49397066724885,15,194
0.0,0.05,0.95,613.5263034324214,1.5153725327608156,2781.011174389554,0.0,0.0,341.231334788586,451.2402906952301,341.231334788586,15,194
0.15000000000000002,0.30000000000000004,0.5499999999999999,526.4434885738592,1.5195351815592923,2868.2224942161847,0.0,0.0,344.1325854437527,450.49985138183104,344.1325854437527,15,194
0.25,0.5,0.25,471.0627553352618,1.520789420916288,2934.7696491861548,0.0,0.0,344.43980119340927,447.5973600831297,344.43980119340927,16,194
0.05,0.15000000000000002,0.7999999999999999,526.9146766693541,1.5247169320817,2833.3005959514003,0.0,0.0,347.5165109865221,456.86481077104077,347.5165109865221,15,194
0.35000000000000003,0.65,0.0,443.2169681419083,1.5185729376306059,2980.0741262688607,0.0,0.0,350.34966555186014,451.6442959338573,350.34966555186014,16,194
0.1,0.25,0.65,449.39037129980085,1.5320791914752312,2883.5639116883103,0.0,0.0,354.56189589158936,462.7695448758533,354.56189589158936,15,194
0.2,0.45,0.35000000000000003,370.2484649092621,1.5370918651047272,2960.116968858134,0.0,0.0,355.3029058815581,460.2239481497259,355.3029058815581,16,194
0.0,0.1,0.9,463.31121276843305,1.5354803516636835,2843.6800258996227,0.0,0.0,356.3946225598681,467.7531322843269,356.3946225598681,15,194
0.30000000000000004,0.6000000000000001,0.09999999999999987,367.6858975886781,1.5321138491045696,2993.199597706305,0.0,0.0,357.61286104155545,459.42431260670145,357.61286104155545,16,194
0.15000000000000002,0.35000000000000003,0.49999999999999994,370.7278081830257,1.5406367112052615,2932.4662470332137,0.0,0.0,361.46769886335164,467.82854306612643,361.46769886335164,15,194
0.05,0.2,0.75,369.4928478594535,1.5457004769751757,2899.120082761829,0.0,0.0,364.348278764016,474.7071949296619,364.348278764016,15,194
0.25,0.55,0.19999999999999996,274.06852882292577,1.5478041713840613,3014.853176987456,0.0,0.0,367.2216450084315,470.2539496727665,367.2216450084315,16,194
0.1,0.30000000000000004,0.6,278.21549975712355,1.5554538358711696,2954.006106600629,0.0,0.0,373.2133176019516,481.9247502896611,373.2133176019516,15,194
0.0,0.15000000000000002,0.85,290.6802564537522,1.5588565692262837,2915.092028724925,0.0,0.0,374.5931025899193,487.2760107212645,374.5931025899193,15,194
0.15000000000000002,0.4,0.44999999999999996,183.82177955096728,1.5663954791360453,3008.522447799947,0.0,0.0,382.58427421899694,489.18639926171454,382.58427421899694,15,194
0.05,0.25,0.7,184.60581751386866,1.5707326092605407,2975.5380418124905,0.0,0.0,384.7735910160864,496.1682318255243,384.7735910160864,15,194
0.30000000000000004,0.65,0.04999999999999993,126.33309122226399,1.5658295815015397,3089.600291875194,0.0,0.0,385.8145561548011,487.698586419529,385.8145561548011,16,194
0.2,0.5,0.30000000000000004,80.81253088796635,1.5785287087567206,3065.3354572157086,0.0,0.0,394.50863676402895,499.02809924249306,394.50863676402895,15,194
0.1,0.35000000000000003,0.55,72.55742113799975,1.5840100526098853,3037.5389783876685,0.0,0.0,395.95163749252634,505.48533075542895,395.95163749252634,15,194
0.25,0.6000000000000001,0.1499999999999999,24.26102981298959,1.5827504682013216,3114.882263137376,0.0,0.0,396.0688372248351,499.6613016875556,396.0688372248351,16,194
0.0,0.2,0.8,87.8806022046123,1.58666909859673,2998.1891004486683,0.0,0.0,396.1951407618227,510.8241711154283,396.1951407618227,15,194
0.15000000000000002,0.45,0.39999999999999997,-46.44620779045229,1.5986339454250071,3101.039254357228,0.0,0.0,408.6185092882088,516.198384206229,408.6185092882088,15,194
0.05,0.30000000000000004,0.6499999999999999,-37.78179953718316,1.6013207575707356,3066.3745288775317,0.0,0.0,409.69748292011025,522.5760483128355,409.69748292011025,15,194
0.30000000000000004,0.7000000000000001,0.0,-186.21415211275212,1.6102670236701777,3212.824690752593,0.0,0.0,422.57181947210086,525.2586912716097,422.57181947210086,16,194
0.0,0.25,0.75,-156.44097263876105,1.6206219012425387,3097.298624787666,0.0,0.0,423.05446144090934,539.9126915062473,423.05446144090934,15,194
0.1,0.4,0.5,-180.86839320433666,1.6196715525257348,3139.354942654951,0.0,0.0,424.0031317095944,535.3422383429375,424.0031317095944,15,194
0.2,0.55,0.25,-191.8654748328259,1.6171324440077126,3173.5426817650027,0.0,0.0,425.6423239762032,531.719280944487,425.6423239762032,15,194
0.25,0.65,0.09999999999999998,-301.05192499550543,1.6290246805767805,3243.529628836931,0.0,0.0,433.4391943148184,538.9672449898126,433.4391943148184,16,194
0.05,0.35000000000000003,0.5999999999999999,-313.444113226064,1.6403676920836119,3176.6683010403776,0.0,0.0,439.83676264516356,555.2556274391287,439.83676264516356,15,194
0.15000000000000002,0.5,0.35,-338.5299275026499,1.6401108152732415,3217.0810135504694,0.0,0.0,441.4955360063084,551.3820029104991,441.4955360063084,15,194
0.0,0.30000000000000004,0.7,-459.5564564519595,1.663300360434215,3219.025336457232,0.0,0.0,456.5112493294747,576.8868478621341,456.5112493294747,15,194
0.1,0.45,0.45,-500.58252799287783,1.6652428569546505,3266.397917776917,0.0,0.0,459.48875384565883,574.074174402911,459.48875384565883,15,194
0.2,0.6000000000000001,0.19999999999999996,-548.3467803694459,1.6682768109449173,3313.638109027018,0.0,0.0,466.15036477385814,575.5923097868618,466.15036477385814,15,194
0.05,0.4,0.5499999999999999,-665.3080531648682,1.6907760239857341,3316.1522741621757,0.0,0.0,478.3103453855964,598.1527733959847,478.3103453855964,15,194
0.15000000000000002,0.55,0.29999999999999993,-721.7593216285939,1.695205571387377,3367.894702006878,0.0,0.0,484.39820671227574,598.8153140411417,484.39820671227574,15,194
0.0,0.35000000000000003,0.6499999999999999,-849.0583979724336,1.7188486950859254,3373.9050422708037,0.0,0.0,499.4610473843962,625.5251178483289,499.4610473843962,15,194
0.25,0.7000000000000001,0.04999999999999993,-856.166788088126,1.7109697076097634,3446.872435077749,0.0,0.0,503.7300869938171,613.950893860172,503.7300869938171,15,194
0.1,0.5,0.4,-919.1285643417717,1.725600056424805,3431.073811956547,0.0,0.0,505.81929541515956,626.224182127098,505.81929541515956,15,194
0.2,0.65,0.15000000000000002,-1031.6384056102295,1.738382267829388,3502.117989500224,0.0,0.0,521.0085112852895,636.7352039541605,521.0085112852895,15,194
0.05,0.45,0.49999999999999994,-1132.5050127392358,1.7583616945875817,3499.886453532978,0.0,0.0,529.3082633969902,656.7691872048753,529.3082633969902,15,194
0.15000000000000002,0.6000000000000001,0.2499999999999999,-1245.6809266402063,1.771310180265487,3572.501721514011,0.0,0.0,543.0401475247596,665.4963920420687,543.0401475247596,15,194
0.0,0.4,0.6,-1372.4227902955354,1.794879432931473,3579.1946762592884,0.0,0.0,556.098033944296,691.7022975559419,556.098033944296,15,194
0.1,0.55,0.35,-1496.8447085531063,1.8097055415572922,3656.7018435081536,0.0,0.0,569.6548244657054,700.2623026223474,569.6548244657054,15,194
0.25,0.75,0.0,-1491.659954767467,1.8039313056066848,3692.8115869009907,0.0,0.0,576.2874898991921,696.2567541650905,576.2874898991921,15,194
0.2,0.7000000000000001,0.09999999999999998,-1718.072757533013,1.8388356210742123,3768.2907535963423,0.0,0.0,598.6266911983129,726.0873759706676,598.6266911983129,15,194
0.05,0.5,0.44999999999999996,-1784.943971298617,1.8535484304481977,3754.728093481149,0.0,0.0,600.5155919187273,740.9879816002176,600.5155919187273,15,194
0.15000000000000002,0.65,0.19999999999999996,-2000.4297654006564,1.8818836672243555,3865.442490048405,0.0,0.0,627.2550800855321,764.3263690065457,627.2550800855321,15,194
0.0,0.45,0.55,-2115.055090574432,1.9035697057311132,3868.721332982966,0.0,0.0,636.3439173766001,788.3234966716216,636.3439173766001,15,194
0.1,0.6000000000000001,0.29999999999999993,-2344.2001984889303,1.9340263792403705,3985.7401699350876,0.0,0.0,663.1583131016523,811.9424878910015,663.1583131016523,15,194
0.05,0.55,0.3999999999999999,-2760.6452910148273,1.996907708434997,4133.731178714517,0.0,0.0,707.1807101865805,870.4846166425378,707.1807101865805,15,194
0.2,0.75,0.050000000000000044,-2757.4283281049925,1.9919677252878847,4169.706236505816,0.0,0.0,715.2692188573903,865.2674535206495,715.2692188573903,15,194
0.15000000000000002,0.7000000000000001,0.1499999999999999,-3172.6650229732186,2.054729772435221,4318.549198863723,0.0,0.0,757.645823170946,922.134380829374,757.645823170946,15,194
0.0,0.5,0.5,-3254.6734421530755,2.071404064472763,4310.810548511136,0.0,0.0,759.7699509368452,940.7171880529604,759.7699509368452,15,194
0.1,0.65,0.25,-3699.4117110322395,2.1340623081258263,4509.779869161378,0.0,0.0,812.3047722649404,995.4529580265653,812.3047722649404,15,194
0.05,0.6000000000000001,0.34999999999999987,-4372.819753607675,2.235149080982672,4757.181338929707,0.0,0.0,883.3142692578633,1090.1714632912494,883.3142692578633,15,194
0.2,0.8,0.0,-4490.707379677306,2.248571239510135,4837.583877050346,0.0,0.0,909.3236523188937,1103.6015410791463,909.3236523188937,15,194
0.0,0.55,0.44999999999999996,-5226.0176387566125,2.3631592204258367,5072.642771696406,0.0,0.0,974.3550717092875,1211.1150038999747,974.3550717092875,15,194
0.15000000000000002,0.75,0.09999999999999998,-5214.555394985845,2.3572114618344053,5105.7591002666395,0.0,0.0,984.2412974346014,1204.1485657761873,984.2412974346014,15,194
0.1,0.7000000000000001,0.19999999999999996,-6188.223816507677,2.503048895249578,5469.459606722576,0.0,0.0,1086.922433826469,1340.864289496259,1086.922433826469,15,194
0.05,0.65,0.29999999999999993,-7532.942920948195,2.7041023089254015,5975.509305091779,0.0,0.0,1229.875147132884,1531.0039227333057,1229.875147132884,15,194
0.0,0.6000000000000001,0.3999999999999999,-9447.822753475033,2.9902110863480593,6699.858490586382,0.0,0.0,1436.4580297051727,1803.0205754510232,1436.4580297051727,15,194
0.15000000000000002,0.8,0.04999999999999993,-9584.09779111793,3.006438061571087,6788.331373196454,0.0,0.0,1471.8923473904542,1820.7351179420803,1471.8923473904542,15,194
0.1,0.75,0.15000000000000002,-12158.8973095537,3.3907166952919665,7768.502503899505,0.0,0.0,1752.3023591918015,2186.2935954225836,1752.3023591918015,15,194
0.05,0.7000000000000001,0.2499999999999999,-16443.768201032526,4.0297673220357355,9405.76600537386,0.0,0.0,2223.4907811187004,2797.040319319325,2223.4907811187004,15,194
0.15000000000000002,0.8500000000000001,0.0,-24963.269712515503,5.296019050382958,12704.890242932892,0.0,0.0,3211.745453568696,4024.942647577093,3211.745453568696,15,194
0.0,0.65,0.35,-25780.528355051905,5.414767538095809,12994.823416934069,0.0,0.0,3266.811479191226,4139.671285478724,3266.811479191226,14,194
0.1,0.8,0.09999999999999998,-44405.236200381536,8.193093148590378,20173.203635109552,0.0,0.0,5388.154333887737,6814.658185728629,5388.154333887737,15,194
0.05,0.75,0.19999999999999996,-184072.6292853689,29.001826119233534,73881.17932283181,0.0,0.0,21063.981337261714,26878.888334501833,21063.981337261714,15,194
