date,weighted_oil_mean,filtered_oil_price,exchange_rate,previous_actual,theory_price,delta_p_theory,carry_before,stacked_change,delta_p_rule,carry_after,actual_change,actual_after,is_changed,is_special_regulated,rule_error,abs_rule_error
2016-01-27,27.043460000000003,40.0,6.5773,6925.0,6699.850103999999,-225.1498960000008,0.0,-225.1498960000008,-225.1498960000008,0.0,0,6925,False,True,-225.1498960000008,225.1498960000008
2016-02-15,27.9361,40.0,6.571,6925.0,6697.26408,-227.73592000000008,0.0,-227.73592000000008,-227.73592000000008,0.0,0,6925,False,True,-227.73592000000008,227.73592000000008
2016-02-29,30.7133,40.0,6.5525,6925.0,6689.6702000000005,-235.32979999999952,0.0,-235.32979999999952,-235.32979999999952,0.0,0,6925,False,True,-235.32979999999952,235.32979999999952
2016-03-14,36.465329999999994,40.0,6.4984,6925.0,6667.463232,-257.53676799999994,0.0,-257.53676799999994,-257.53676799999994,0.0,0,6925,False,True,-257.53676799999994,257.53676799999994
2016-03-28,37.4581,40.0,6.5051,6925.0,6670.213448,-254.78655199999957,0.0,-254.78655199999957,-254.78655199999957,0.0,0,6925,False,True,-254.78655199999957,254.78655199999957
2016-04-12,36.698280000000004,40.0,6.4639,6925.0,6653.301672,-271.6983280000004,0.0,-271.6983280000004,-271.6983280000004,0.0,0,6925,False,True,-271.6983280000004,271.6983280000004
2016-04-27,40.8815,40.8815,6.494,6925.0,6724.401538782,-200.598461218,0.0,-200.598461218,-200.598461218,0.0,165,7090,True,False,-365.598461218,365.598461218
2016-05-12,42.85246000000001,42.85246000000001,6.514,7090.0,6864.54416660328,-225.45583339671975,0.0,-225.45583339671975,-225.45583339671975,0.0,120,7210,True,False,-345.45583339671975,345.45583339671975
2016-05-26,46.472120000000004,46.472120000000004,6.554,7210.0,7125.582252713761,-84.41774728623932,0.0,-84.41774728623932,-84.41774728623932,0.0,210,7420,True,False,-294.4177472862393,294.4177472862393
2016-06-09,47.98892,47.98892,6.559,7420.0,7230.0602062853595,-189.93979371464047,0.0,-189.93979371464047,-189.93979371464047,0.0,110,7530,True,False,-299.9397937146405,299.9397937146405
2016-06-23,46.894400000000005,46.894400000000005,6.574,7530.0,7163.6082078272,-366.3917921727998,0.0,-366.3917921727998,-366.3917921727998,0.0,0,7530,False,False,-366.3917921727998,366.3917921727998
2016-07-07,46.3621,46.3621,6.679,7530.0,7177.6536050658,-352.34639493420036,0.0,-352.34639493420036,-352.34639493420036,0.0,0,7530,False,False,-352.34639493420036,352.34639493420036
2016-07-22,43.88862,43.88862,6.676,7530.0,7006.7703831054405,-523.2296168945595,0.0,-523.2296168945595,-523.2296168945595,0.0,-155,7375,True,False,-368.2296168945595,368.2296168945595
2016-08-05,40.2283,40.2283,6.653,7375.0,6746.5101855338,-628.4898144662002,0.0,-628.4898144662002,-628.4898144662002,0.0,-220,7155,True,False,-408.4898144662002,408.4898144662002
2016-08-19,44.919889999999995,44.919889999999995,6.6515,7155.0,7066.12806121377,-88.8719387862302,0.0,-88.8719387862302,-88.8719387862302,0.0,175,7330,True,False,-263.8719387862302,263.8719387862302
2016-09-02,45.25617,45.25617,6.679,7330.0,7101.85327567066,-228.14672432934003,0.0,-228.14672432934003,-228.14672432934003,0.0,205,7535,True,False,-433.14672432934003,433.14672432934003
2016-09-19,43.57897,43.57897,6.665,7535.0,6980.6372552831,-554.3627447169001,0.0,-554.3627447169001,-554.3627447169001,0.0,-155,7380,True,False,-399.3627447169001,399.3627447169001
2016-09-30,44.619150000000005,44.619150000000005,6.6685,7380.0,7053.384231815051,-326.61576818494905,0.0,-326.61576818494905,-326.61576818494905,0.0,0,7380,False,False,-326.61576818494905,326.61576818494905
2016-10-20,49.45073000000001,49.45073000000001,6.7439,7380.0,7422.282364318315,42.28236431831465,0.0,42.28236431831465,0.0,42.28236431831465,355,7735,True,False,-355.0,355.0
2016-11-02,47.20910000000001,47.20910000000001,6.7606,7735.0,7275.23881706252,-459.76118293748004,42.28236431831465,-417.4788186191654,-417.4788186191654,0.0,0,7735,False,False,-417.4788186191654,417.4788186191654
2016-11-17,43.3181,43.3181,6.8674,7735.0,7052.76767202428,-682.2323279757202,0.0,-682.2323279757202,-682.2323279757202,0.0,-365,7370,True,False,-317.2323279757202,317.2323279757202
2016-12-01,46.408240000000006,46.408240000000006,6.883,7370.0,7277.96927317104,-92.03072682895981,0.0,-92.03072682895981,-92.03072682895981,0.0,175,7545,True,False,-267.0307268289598,267.0307268289598
2016-12-15,51.45433,51.45433,6.941,7545.0,7665.01690548686,120.0169054868602,0.0,120.0169054868602,120.0169054868602,0.0,435,7980,True,False,-314.9830945131398,314.9830945131398
2016-12-29,52.66959000000001,52.66959000000001,6.9535,7980.0,7758.33429509503,-221.66570490496997,0.0,-221.66570490496997,-221.66570490496997,0.0,100,8080,True,False,-321.66570490496997,321.66570490496997
2017-01-13,52.7275,52.7275,6.8985,8080.0,7732.7066400925,-347.2933599075004,0.0,-347.2933599075004,-347.2933599075004,0.0,70,8150,True,False,-417.2933599075004,417.2933599075004
2017-01-26,52.454100000000004,52.454100000000004,6.8768,8150.0,7701.671233778559,-448.3287662214407,0.0,-448.3287662214407,-448.3287662214407,0.0,-70,8080,True,False,-378.3287662214407,378.3287662214407
2017-02-15,53.169520000000006,53.169520000000006,6.8685,8080.0,7747.62953140744,-332.3704685925604,0.0,-332.3704685925604,-332.3704685925604,0.0,50,8130,True,False,-382.3704685925604,382.3704685925604
2017-02-28,53.94231,53.94231,6.8665,8130.0,7800.99217251313,-329.00782748687016,0.0,-329.00782748687016,-329.00782748687016,0.0,0,8130,False,False,-329.00782748687016,329.00782748687016
2017-03-15,50.403999999999996,50.403999999999996,6.9132,8130.0,7575.823996393599,-554.1760036064006,0.0,-554.1760036064006,-554.1760036064006,0.0,-85,8045,True,False,-469.1760036064006,469.1760036064006
2017-03-29,48.46696,48.46696,6.8879,8045.0,7425.820658171408,-619.1793418285924,0.0,-619.1793418285924,-619.1793418285924,0.0,-230,7815,True,False,-389.17934182859244,389.17934182859244
2017-04-13,52.668130000000005,52.668130000000005,6.8865,7815.0,7722.01793068819,-92.98206931180994,0.0,-92.98206931180994,-92.98206931180994,0.0,200,8015,True,False,-292.98206931180994,292.98206931180994
2017-04-26,50.642579999999995,50.642579999999995,6.8918,8015.0,7581.6281840451265,-433.37181595487345,0.0,-433.37181595487345,-433.37181595487345,0.0,0,8015,False,False,-433.37181595487345,433.37181595487345
2017-05-12,47.30783,47.30783,6.8972,8015.0,7348.404040809912,-666.5959591900883,0.0,-666.5959591900883,-666.5959591900883,0.0,-250,7765,True,False,-416.59595919008825,416.59595919008825
2017-05-26,50.59535,50.59535,6.8525,7765.0,7557.882973349249,-207.11702665075063,0.0,-207.11702665075063,-207.11702665075063,0.0,140,7905,True,False,-347.11702665075063,347.11702665075063
2017-06-10,47.04957,47.04957,6.797,7905.0,7281.74580584998,-623.2541941500203,0.0,-623.2541941500203,-623.2541941500203,0.0,-180,7725,True,False,-443.25419415002034,443.25419415002034
2017-06-24,43.762010000000004,43.762010000000004,6.8345,7725.0,7069.27653527439,-655.72346472561,0.0,-655.72346472561,-655.72346472561,0.0,-250,7475,True,False,-405.72346472561003,405.72346472561003
2017-07-07,45.8573,45.8573,6.8039,7475.0,7201.83105736914,-273.16894263086033,0.0,-273.16894263086033,-273.16894263086033,0.0,0,7475,False,False,-273.16894263086033,273.16894263086033
2017-07-22,46.67285,46.67285,6.7663,7475.0,7240.765305848209,-234.2346941517908,0.0,-234.2346941517908,-234.2346941517908,0.0,75,7550,True,False,-309.2346941517908,309.2346941517908
2017-08-05,49.825860000000006,49.825860000000006,6.7272,7550.0,7439.704647572704,-110.29535242729617,0.0,-110.29535242729617,-110.29535242729617,0.0,175,7725,True,False,-285.29535242729617,285.29535242729617
2017-08-18,48.972120000000004,48.972120000000004,6.67,7725.0,7352.021142584799,-372.97885741520076,0.0,-372.97885741520076,-372.97885741520076,0.0,0,7725,False,False,-372.97885741520076,372.97885741520076
2017-09-01,48.86412,48.86412,6.5552,7725.0,7287.063083049088,-437.93691695091184,0.0,-437.93691695091184,-437.93691695091184,0.0,0,7725,False,False,-437.93691695091184,437.93691695091184
2017-09-16,51.42017,51.42017,6.55,7725.0,7456.263288737,-268.73671126299996,0.0,-268.73671126299996,-268.73671126299996,0.0,95,7820,True,False,-363.73671126299996,363.73671126299996
2017-09-30,54.149390000000004,54.149390000000004,6.6533,7820.0,7697.112664629593,-122.88733537040662,0.0,-122.88733537040662,-122.88733537040662,0.0,210,8030,True,False,-332.8873353704066,332.8873353704066
2017-10-19,53.872370000000004,53.872370000000004,6.6126,8030.0,7655.698284291844,-374.3017157081558,0.0,-374.3017157081558,-374.3017157081558,0.0,0,8030,False,False,-374.3017157081558,374.3017157081558
2017-11-03,56.58967,56.58967,6.636,8030.0,7853.67911233144,-176.32088766856032,0.0,-176.32088766856032,-176.32088766856032,0.0,150,8180,True,False,-326.3208876685603,326.3208876685603
2017-11-17,59.16275,59.16275,6.6245,8180.0,8021.92036674225,-158.07963325775017,0.0,-158.07963325775017,-158.07963325775017,0.0,265,8445,True,False,-423.0796332577502,423.0796332577502
2017-11-30,60.01971,60.01971,6.609,8445.0,8070.630242908179,-374.36975709182116,0.0,-374.36975709182116,-374.36975709182116,0.0,0,8445,False,False,-374.36975709182116,374.36975709182116
2017-12-14,59.7692,59.7692,6.6091,8445.0,8053.701599566639,-391.29840043336117,0.0,-391.29840043336117,-391.29840043336117,0.0,0,8445,False,False,-391.29840043336117,391.29840043336117
2017-12-29,61.89611,61.89611,6.5063,8445.0,8132.657845979166,-312.34215402083373,0.0,-312.34215402083373,-312.34215402083373,0.0,70,8515,True,False,-382.34215402083373,382.34215402083373
2018-01-13,65.33127999999999,65.33127999999999,6.4607,8515.0,8331.444486742352,-183.55551325764827,0.0,-183.55551325764827,-183.55551325764827,0.0,180,8695,True,False,-363.5555132576483,363.5555132576483
2018-01-27,66.56944999999999,66.56944999999999,6.3199,8695.0,8317.349284518408,-377.65071548159176,0.0,-377.65071548159176,-377.65071548159176,0.0,65,8760,True,False,-442.65071548159176,442.65071548159176
2018-02-10,64.22841,64.22841,6.2966,8760.0,8150.164262938371,-609.8357370616286,0.0,-609.8357370616286,-609.8357370616286,0.0,-170,8590,True,False,-439.8357370616286,439.8357370616286
2018-03-01,63.36148,63.36148,6.3565,8590.0,8133.094875076439,-456.90512492356083,0.0,-456.90512492356083,-456.90512492356083,0.0,-190,8400,True,False,-266.90512492356083,266.90512492356083
2018-03-14,62.23675,62.23675,6.314,8400.0,8032.584658949,-367.4153410509998,0.0,-367.4153410509998,-367.4153410509998,0.0,0,8400,False,False,-367.4153410509998,367.4153410509998
2018-03-29,65.73140000000001,65.73140000000001,6.2876,8400.0,8241.210207067681,-158.78979293231896,0.0,-158.78979293231896,-158.78979293231896,0.0,170,8570,True,False,-328.78979293231896,328.78979293231896
2018-04-13,66.19297,66.19297,6.2725,8570.0,8260.73523918315,-309.26476081684996,0.0,-309.26476081684996,-309.26476081684996,0.0,55,8625,True,False,-364.26476081684996,364.26476081684996
2018-04-27,70.03688,70.03688,6.3325,8625.0,8551.2846641612,-73.71533583880046,0.0,-73.71533583880046,-73.71533583880046,0.0,255,8880,True,False,-328.71533583880046,328.71533583880046
2018-05-01,70.11758,70.11758,6.3325,8880.0,8556.528882241699,-323.47111775830126,0.0,-323.47111775830126,-323.47111775830126,0.0,-75,8805,True,True,-248.47111775830126,248.47111775830126
2018-05-12,71.99072,71.99072,6.3333,8805.0,8678.844242427713,-126.15575757228726,0.0,-126.15575757228726,-126.15575757228726,0.0,170,8975,True,False,-296.15575757228726,296.15575757228726
2018-05-26,74.494,74.494,6.3903,8975.0,8885.1123021484,-89.88769785160002,0.0,-89.88769785160002,-89.88769785160002,0.0,260,9235,True,False,-349.8876978516,349.8876978516
2018-06-09,70.60988,70.60988,6.4031,9235.0,8639.677222408536,-595.3227775914638,0.0,-595.3227775914638,-595.3227775914638,0.0,-130,9105,True,False,-465.3227775914638,465.3227775914638
2018-06-26,70.56957,70.56957,6.5759,9105.0,8762.167663695105,-342.83233630489485,0.0,-342.83233630489485,-342.83233630489485,0.0,-55,9050,True,False,-287.83233630489485,287.83233630489485
2018-07-10,74.85387,74.85387,6.6296,9050.0,9092.529984256624,42.52998425662372,0.0,42.52998425662372,0.0,42.52998425662372,270,9320,True,False,-270.0,270.0
2018-07-24,70.42929000000001,70.42929000000001,6.7912,9320.0,8908.308383772976,-411.6916162270245,42.52998425662372,-369.1616319704008,-369.1616319704008,0.0,-125,9195,True,False,-244.16163197040078,244.16163197040078
2018-08-07,71.28914,71.28914,6.828,9195.0,8995.15418815504,-199.84581184495983,0.0,-199.84581184495983,-199.84581184495983,0.0,70,9265,True,False,-269.8458118449598,269.8458118449598
2018-08-21,68.81972999999999,68.81972999999999,6.8444,9265.0,8833.707397243143,-431.2926027568574,0.0,-431.2926027568574,-431.2926027568574,0.0,-50,9215,True,False,-381.2926027568574,381.2926027568574
2018-09-04,73.15973,73.15973,6.8427,9215.0,9137.2606868414,-77.73931315859954,0.0,-77.73931315859954,-77.73931315859954,0.0,180,9395,True,False,-257.73931315859954,257.73931315859954
2018-09-18,73.54198,73.54198,6.8591,9395.0,9176.479080474715,-218.52091952528463,0.0,-218.52091952528463,-218.52091952528463,0.0,145,9540,True,False,-363.5209195252846,363.5209195252846
2018-10-01,77.93767,77.93767,6.868,9540.0,9493.00146600072,-46.99853399927997,0.0,-46.99853399927997,0.0,-46.99853399927997,240,9780,True,False,-240.0,240.0
2018-10-20,75.81458,75.81458,6.9291,9780.0,9390.903686024836,-389.09631397516387,-46.99853399927997,-436.09484797444384,-436.09484797444384,0.0,165,9945,True,False,-601.0948479744438,601.0948479744438
2018-11-03,71.069,71.069,6.8894,9945.0,9024.5088513732,-920.4911486267993,0.0,-920.4911486267993,-920.4911486267993,0.0,-375,9570,True,False,-545.4911486267993,545.4911486267993
2018-11-17,63.60299,63.60299,6.9367,9570.0,8527.541660842046,-1042.4583391579545,0.0,-1042.4583391579545,-1042.4583391579545,0.0,-510,9060,True,False,-532.4583391579545,532.4583391579545
2018-12-01,56.032030000000006,56.032030000000006,6.9558,9060.0,7999.589812439788,-1060.4101875602119,0.0,-1060.4101875602119,-1060.4101875602119,0.0,-540,8520,True,False,-520.4101875602119,520.4101875602119
2018-12-15,56.16041,56.16041,6.905,8520.0,7979.4766698350995,-540.5233301649005,0.0,-540.5233301649005,-540.5233301649005,0.0,-125,8395,True,False,-415.52333016490047,415.52333016490047
2018-12-29,49.36295,49.36295,6.8755,8395.0,7482.871107483949,-912.1288925160507,0.0,-912.1288925160507,-912.1288925160507,0.0,-370,8025,True,False,-542.1288925160507,542.1288925160507
2019-01-15,55.26813,55.26813,6.7595,8025.0,7833.728497630569,-191.2715023694309,0.0,-191.2715023694309,-191.2715023694309,0.0,105,8130,True,False,-296.2715023694309,296.2715023694309
2019-01-29,57.41569,57.41569,6.7304,8130.0,7965.5504064737115,-164.44959352628848,0.0,-164.44959352628848,-164.44959352628848,0.0,245,8375,True,False,-409.4495935262885,409.4495935262885
2019-02-15,58.9936,58.9936,6.768,8375.0,8097.2952434176,-277.70475658239957,0.0,-277.70475658239957,-277.70475658239957,0.0,50,8425,True,False,-327.70475658239957,327.70475658239957
2019-03-01,61.86927,61.86927,6.7048,8425.0,8256.89393831195,-168.10606168804952,0.0,-168.10606168804952,-168.10606168804952,0.0,270,8695,True,False,-438.1060616880495,438.1060616880495
2019-03-14,62.21573000000001,62.21573000000001,6.7209,8695.0,8291.011170906335,-403.9888290936651,0.0,-403.9888290936651,-403.9888290936651,0.0,0,8695,False,False,-403.9888290936651,403.9888290936651
2019-03-29,64.05885,64.05885,6.7112,8695.0,8411.75442077944,-283.2455792205601,0.0,-283.2455792205601,-283.2455792205601,0.0,80,8775,True,False,-363.2455792205601,363.2455792205601
2019-04-01,64.21548,64.21548,6.7102,8775.0,8421.882602000751,-353.1173979992491,0.0,-353.1173979992491,-353.1173979992491,0.0,-225,8550,True,True,-128.11739799924908,128.11739799924908
2019-04-13,67.53413,67.53413,6.7039,8550.0,8646.038959246034,96.03895924603421,0.0,96.03895924603421,96.03895924603421,0.0,155,8705,True,False,-58.96104075396579,58.96104075396579
2019-04-27,69.657,69.657,6.7282,8705.0,8809.4528255788,104.4528255787991,0.0,104.4528255787991,104.4528255787991,0.0,195,8900,True,False,-90.5471744212009,90.5471744212009
2019-05-14,67.03331,67.03331,6.8737,8900.0,8728.389547562114,-171.61045243788612,0.0,-171.61045243788612,-171.61045243788612,0.0,-75,8825,True,False,-96.61045243788612,96.61045243788612
2019-05-28,66.06162,66.06162,6.9078,8825.0,8682.965786522633,-142.0342134773673,0.0,-142.0342134773673,-142.0342134773673,0.0,50,8875,True,False,-192.0342134773673,192.0342134773673
2019-06-12,58.34985,58.34985,6.9161,8875.0,8141.26496601727,-733.7350339827299,0.0,-733.7350339827299,-733.7350339827299,0.0,-465,8410,True,False,-268.7350339827299,268.7350339827299
2019-06-26,60.7655,60.7655,6.8781,8410.0,8289.0150661141,-120.98493388590032,0.0,-120.98493388590032,-120.98493388590032,0.0,-120,8290,True,False,-0.9849338859003183,0.9849338859003183
2019-07-10,61.735929999999996,61.735929999999996,6.8705,8290.0,8352.696127901028,62.696127901028376,0.0,62.696127901028376,62.696127901028376,0.0,150,8440,True,False,-87.30387209897162,87.30387209897162
2019-07-23,61.2263,61.2263,6.8787,8440.0,8321.916723750219,-118.08327624978119,0.0,-118.08327624978119,-118.08327624978119,0.0,0,8440,False,False,-118.08327624978119,118.08327624978119
2019-08-07,59.21388,59.21388,7.0592,8440.0,8289.54290384435,-150.4570961556492,0.0,-150.4570961556492,-150.4570961556492,0.0,-80,8360,True,False,-70.4570961556492,70.4570961556492
2019-08-21,57.79600000000001,57.79600000000001,7.0623,8360.0,8188.6681529896,-171.33184701040045,0.0,-171.33184701040045,-171.33184701040045,0.0,-210,8150,True,False,38.66815298959955,38.66815298959955
2019-09-04,57.658,57.658,7.144,8150.0,8227.007613024,77.00761302399951,0.0,77.00761302399951,77.00761302399951,0.0,115,8265,True,False,-37.99238697600049,37.99238697600049
2019-09-19,61.27487000000001,61.27487000000001,7.0959,8265.0,8461.921192038648,196.92119203864786,0.0,196.92119203864786,196.92119203864786,0.0,125,8390,True,False,71.92119203864786,71.92119203864786
2019-10-08,56.668549999999996,56.668549999999996,7.1422,8390.0,8153.422564966219,-236.5774350337806,0.0,-236.5774350337806,-236.5774350337806,0.0,0,8390,False,False,-236.5774350337806,236.5774350337806
2019-10-22,57.20612,57.20612,7.0761,8390.0,8154.018868461783,-235.9811315382167,0.0,-235.9811315382167,-235.9811315382167,0.0,-150,8240,True,False,-85.98113153821669,85.98113153821669
2019-11-05,59.01861,59.01861,7.0082,8240.0,8244.509152341725,4.509152341724985,0.0,4.509152341724985,0.0,4.509152341724985,105,8345,True,False,-105.0,105.0
2019-11-19,60.28676,60.28676,7.0263,8345.0,8346.909947668457,1.90994766845688,4.509152341724985,6.4191000101818645,0.0,6.4191000101818645,70,8415,True,False,-70.0,70.0
2019-12-03,61.19858,61.19858,7.0609,8415.0,8434.385203242764,19.385203242763964,6.4191000101818645,25.80430325294583,0.0,25.80430325294583,55,8470,True,False,-55.0,55.0
2019-12-16,63.47217,63.47217,6.9921,8470.0,8554.314183652534,84.31418365253376,25.80430325294583,110.11848690547959,110.11848690547959,0.0,0,8470,False,False,110.11848690547959,110.11848690547959
2019-12-31,65.54466000000001,65.54466000000001,6.9618,8470.0,8682.641049144855,212.64104914485506,0.0,212.64104914485506,212.64104914485506,0.0,235,8705,True,False,-22.35895085514494,22.35895085514494
2020-01-14,64.7304,64.7304,6.8837,8705.0,8572.58972427376,-132.4102757262408,0.0,-132.4102757262408,-132.4102757262408,0.0,0,8705,False,False,-132.4102757262408,132.4102757262408
2020-02-05,55.5671,55.5671,6.972,8705.0,7975.6406331544,-729.3593668455997,0.0,-729.3593668455997,-729.3593668455997,0.0,-420,8285,True,False,-309.35936684559965,309.35936684559965
2020-02-19,54.25734,54.25734,6.9975,8285.0,7896.1297895023,-388.8702104977001,0.0,-388.8702104977001,-388.8702104977001,0.0,-415,7870,True,False,26.1297895022999,26.1297895022999
2020-03-03,51.16229,51.16229,6.9579,7870.0,7653.0882854788415,-216.9117145211585,0.0,-216.9117145211585,-216.9117145211585,0.0,0,7870,False,False,-216.9117145211585,216.9117145211585
2020-03-18,31.36598,40.0,7.0459,7870.0,6892.201032,-977.7989680000001,0.0,-977.7989680000001,-977.7989680000001,0.0,-1015,6855,True,False,37.20103199999994,37.20103199999994
2020-03-31,22.0693,40.0,7.0808,6855.0,6906.526784,51.52678399999968,0.0,51.52678399999968,51.52678399999968,0.0,0,6855,False,True,51.52678399999968,51.52678399999968
2020-04-15,21.8782,40.0,7.0664,6855.0,6900.615872,45.61587200000031,0.0,45.61587200000031,0.0,45.61587200000031,0,6855,False,True,0.0,0.0
2020-04-28,10.687999999999999,40.0,7.0776,6855.0,6905.213248,50.21324800000002,45.61587200000031,95.82912000000033,95.82912000000033,0.0,0,6855,False,True,95.82912000000033,95.82912000000033
2020-05-14,24.013330000000003,40.0,7.0935,6855.0,6911.73988,56.739880000000085,0.0,56.739880000000085,56.739880000000085,0.0,0,6855,False,True,56.739880000000085,56.739880000000085
2020-05-28,31.24055,40.0,7.1447,6855.0,6932.756455999999,77.75645599999916,0.0,77.75645599999916,77.75645599999916,0.0,0,6855,False,True,77.75645599999916,77.75645599999916
2020-06-11,37.3971,40.0,7.064,6855.0,6899.630719999999,44.6307199999992,0.0,44.6307199999992,0.0,44.6307199999992,0,6855,False,True,0.0,0.0
2020-06-29,39.00965,40.0,7.0794,6855.0,6905.952112,50.95211199999994,44.6307199999992,95.58283199999914,95.58283199999914,0.0,120,6975,True,False,-24.417168000000856,24.417168000000856
2020-07-11,42.121880000000004,42.121880000000004,6.999,6975.0,7025.35087318744,50.3508731874399,0.0,50.3508731874399,50.3508731874399,0.0,100,7075,True,False,-49.6491268125601,49.6491268125601
2020-07-24,42.74075,42.74075,7.0168,7075.0,7077.607609185199,2.6076091851991805,0.0,2.6076091851991805,0.0,2.6076091851991805,0,7075,False,False,0.0,0.0
2020-08-07,42.9179,42.9179,6.967,7075.0,7068.4304534366,-6.569546563399854,2.6076091851991805,-3.9619373782006733,0.0,-3.9619373782006733,0,7075,False,False,0.0,0.0
2020-08-22,44.04575,44.04575,6.9179,7075.0,7126.87341185835,51.873411858349755,-3.9619373782006733,47.91147448014908,0.0,47.91147448014908,85,7160,True,False,-85.0,85.0
2020-09-04,43.849289999999996,43.849289999999996,6.8409,7160.0,7078.277854895781,-81.72214510421873,47.91147448014908,-33.810670624069644,0.0,-33.810670624069644,0,7160,False,False,0.0,0.0
2020-09-19,39.865269999999995,40.0,6.7675,7160.0,6777.9234,-382.0766000000003,-33.810670624069644,-415.88727062406997,-415.88727062406997,0.0,-315,6845,True,False,-100.88727062406997,100.88727062406997
2020-10-09,39.93687,40.0,6.6933,6845.0,6747.465784,-97.53421600000001,0.0,-97.53421600000001,-97.53421600000001,0.0,0,6845,False,False,-97.53421600000001,97.53421600000001
2020-10-23,40.91836000000001,40.91836000000001,6.6861,6845.0,6807.5215406205525,-37.478459379447486,0.0,-37.478459379447486,0.0,-37.478459379447486,80,6925,True,False,-80.0,80.0
2020-11-06,37.698040000000006,40.0,6.608,6925.0,6712.45184,-212.54816000000028,-37.478459379447486,-250.02661937944777,-250.02661937944777,0.0,-160,6765,True,False,-90.02661937944777,90.02661937944777
2020-11-20,42.22712,42.22712,6.5608,6765.0,6843.0223354507525,78.02233545075251,0.0,78.02233545075251,78.02233545075251,0.0,150,6915,True,False,-71.97766454924749,71.97766454924749
2020-12-04,46.40875,46.40875,6.5301,6915.0,7109.93787368425,194.93787368425,0.0,194.93787368425,194.93787368425,0.0,250,7165,True,False,-55.06212631574999,55.06212631574999
2020-12-18,48.839,48.839,6.5395,7165.0,7277.504656810999,112.50465681099922,0.0,112.50465681099922,112.50465681099922,0.0,155,7320,True,False,-42.49534318900078,42.49534318900078
2021-01-01,49.33168,49.33168,6.525,7320.0,7303.227093543999,-16.772906456000783,0.0,-16.772906456000783,0.0,-16.772906456000783,90,7410,True,False,-90.0,90.0
2021-01-16,53.89472000000001,53.89472000000001,6.48,7410.0,7583.8781558272,173.87815582720032,-16.772906456000783,157.10524937119953,157.10524937119953,0.0,185,7595,True,False,-27.894750628800466,27.894750628800466
2021-01-30,53.95056,53.95056,6.4282,7595.0,7558.9128052455035,-36.08719475449652,0.0,-36.08719475449652,0.0,-36.08719475449652,75,7670,True,False,-75.0,75.0
2021-02-19,61.057069999999996,61.057069999999996,6.4555,7670.0,8044.80747968087,374.8074796808696,-36.08719475449652,338.7202849263731,338.7202849263731,0.0,275,7945,True,False,63.7202849263731,63.7202849263731
2021-03-04,63.19164,63.19164,6.4694,7945.0,8195.228701063792,250.22870106379196,0.0,250.22870106379196,250.22870106379196,0.0,260,8205,True,False,-9.77129893620804,9.77129893620804
2021-03-18,65.86285000000001,65.86285000000001,6.5054,8205.0,8396.899460210181,191.89946021018113,0.0,191.89946021018113,191.89946021018113,0.0,235,8440,True,False,-43.10053978981887,43.10053978981887
2021-04-01,61.532399999999996,61.532399999999996,6.5645,8440.0,8145.1239112276,-294.8760887724002,0.0,-294.8760887724002,-294.8760887724002,0.0,-225,8215,True,False,-69.87608877240018,69.87608877240018
2021-04-15,61.499750000000006,61.499750000000006,6.522,8215.0,8116.102253809,-98.8977461909999,0.0,-98.8977461909999,-98.8977461909999,0.0,0,8215,False,False,-98.8977461909999,98.8977461909999
2021-04-29,63.752880000000005,63.752880000000005,6.471,8215.0,8233.53562505776,18.535625057760626,0.0,18.535625057760626,0.0,18.535625057760626,100,8315,True,False,-100.0,100.0
2021-05-15,66.29773,66.29773,6.4367,8315.0,8379.191499767043,64.19149976704284,18.535625057760626,82.72712482480347,82.72712482480347,0.0,100,8415,True,False,-17.272875175196532,17.272875175196532
2021-05-28,66.13705000000002,66.13705000000002,6.3674,8415.0,8321.54423736854,-93.45576263145995,0.0,-93.45576263145995,-93.45576263145995,0.0,0,8415,False,False,-93.45576263145995,93.45576263145995
2021-06-12,70.32515000000001,70.32515000000001,6.3967,8415.0,8616.34927844531,201.34927844531012,0.0,201.34927844531012,201.34927844531012,0.0,175,8590,True,False,26.34927844531012,26.34927844531012
2021-06-29,73.66575,73.66575,6.4635,8590.0,8886.13405793275,296.1340579327498,0.0,296.1340579327498,296.1340579327498,0.0,225,8815,True,False,71.13405793274978,71.13405793274978
2021-07-13,74.36685,74.36685,6.4685,8815.0,8936.45268818695,121.45268818694967,0.0,121.45268818694967,121.45268818694967,0.0,70,8885,True,False,51.45268818694967,51.45268818694967
2021-07-27,71.30885,71.30885,6.5104,8885.0,8764.12464430448,-120.87535569551983,0.0,-120.87535569551983,-120.87535569551983,0.0,-100,8785,True,False,-20.87535569551983,20.87535569551983
2021-08-09,70.68065000000001,70.68065000000001,6.4857,8785.0,8704.23925187671,-80.76074812328989,0.0,-80.76074812328989,-80.76074812328989,0.0,0,8785,False,False,-80.76074812328989,80.76074812328989
2021-08-24,67.17613,67.17613,6.471,8785.0,8460.857917454261,-324.14208254573896,0.0,-324.14208254573896,-324.14208254573896,0.0,-250,8535,True,False,-74.14208254573896,74.14208254573896
2021-09-07,70.69585000000001,70.69585000000001,6.4662,8535.0,8691.10403108074,156.10403108074024,0.0,156.10403108074024,156.10403108074024,0.0,140,8675,True,False,16.104031080740242,16.104031080740242
2021-09-19,72.61285000000001,72.61285000000001,6.4655,8675.0,8817.78715274885,142.78715274884962,0.0,142.78715274884962,142.78715274884962,0.0,90,8765,True,False,52.78715274884962,52.78715274884962
2021-10-10,79.04384,79.04384,6.4435,8765.0,9226.631403956479,461.6314039564786,0.0,461.6314039564786,461.6314039564786,0.0,345,9110,True,False,116.63140395647861,116.63140395647861
2021-10-23,83.37645,83.37645,6.3839,9110.0,9408.09992436861,298.0999243686092,0.0,298.0999243686092,298.0999243686092,0.0,300,9410,True,False,-1.9000756313907914,1.9000756313907914
2021-11-05,82.32562999999999,82.32562999999999,6.3961,9410.0,9366.379036485265,-43.620963514735195,0.0,-43.620963514735195,0.0,-43.620963514735195,0,9410,False,False,0.0,0.0
2021-11-20,80.58,80.58,6.3863,9410.0,9271.627850148,-138.3721498520008,-43.620963514735195,-181.993113366736,-181.993113366736,0.0,-95,9315,True,False,-86.993113366736,86.993113366736
2021-12-04,70.89058,70.89058,6.3758,9315.0,8638.261449550568,-676.7385504494323,0.0,-676.7385504494323,-676.7385504494323,0.0,-430,8885,True,False,-246.7385504494323,246.7385504494323
2021-12-18,73.08485,73.08485,6.3748,8885.0,8781.07915886636,-103.92084113364035,0.0,-103.92084113364035,-103.92084113364035,0.0,-130,8755,True,False,26.07915886635965,26.07915886635965
2022-01-01,76.43422000000001,76.43422000000001,6.3726,8755.0,8998.463297837465,243.46329783746478,0.0,243.46329783746478,243.46329783746478,0.0,140,8895,True,False,103.46329783746478,103.46329783746478
2022-01-18,83.74724,83.74724,6.3525,8895.0,9399.472718630199,504.47271863019887,0.0,504.47271863019887,504.47271863019887,0.0,345,9240,True,False,159.47271863019887,159.47271863019887
2022-01-30,87.95598999999999,87.95598999999999,6.3605,9240.0,9613.71925144149,373.7192514414892,0.0,373.7192514414892,373.7192514414892,0.0,310,9550,True,False,63.71925144148918,63.71925144148918
2022-02-18,93.29688000000002,93.29688000000002,6.3251,9550.0,9842.980245950257,292.9802459502571,0.0,292.9802459502571,292.9802459502571,0.0,210,9760,True,False,82.98024595025709,82.98024595025709
2022-03-04,103.77663000000001,103.77663000000001,6.3188,9760.0,10348.816484086728,588.8164840867285,0.0,588.8164840867285,588.8164840867285,0.0,260,10020,True,False,328.81648408672845,328.81648408672845
2022-03-18,108.09548000000001,108.09548000000001,6.3609,10020.0,10606.464856467785,586.4648564677846,0.0,586.4648564677846,586.4648564677846,0.0,750,10770,True,False,-163.53514353221544,163.53514353221544
2022-04-01,110.99780000000001,110.99780000000001,6.3625,10770.0,10751.300782655,-18.69921734499985,0.0,-18.69921734499985,0.0,-18.69921734499985,110,10880,True,False,-110.0,110.0
2022-04-16,101.92017000000001,101.92017000000001,6.3705,10880.0,10312.213709912072,-567.7862900879281,-18.69921734499985,-586.485507432928,-586.485507432928,0.0,-545,10335,True,False,-41.48550743292799,41.48550743292799
2022-04-29,104.63562,104.63562,6.608,10335.0,10701.30707996352,366.30707996352066,0.0,366.30707996352066,366.30707996352066,0.0,205,10540,True,False,161.30707996352066,161.30707996352066
2022-05-17,109.64343,109.64343,6.7361,10540.0,11104.901314741624,564.9013147416244,0.0,564.9013147416244,564.9013147416244,0.0,285,10825,True,False,279.90131474162445,279.90131474162445
2022-05-31,116.30438000000001,116.30438000000001,6.6715,10825.0,11381.66889554654,556.6688955465397,0.0,556.6688955465397,556.6688955465397,0.0,400,11225,True,False,156.66889554653972,156.66889554653972
2022-06-15,121.42124,121.42124,6.7128,11225.0,11701.575201686463,476.5752016864626,0.0,476.5752016864626,476.5752016864626,0.0,390,11615,True,False,86.5752016864626,86.5752016864626
2022-06-29,112.85372000000001,112.85372000000001,6.6997,11615.0,11233.295708625606,-381.7042913743935,0.0,-381.7042913743935,-381.7042913743935,0.0,-320,11295,True,False,-61.704291374393506,61.704291374393506
2022-07-13,106.49931000000001,106.49931000000001,6.7175,11295.0,10917.539377360348,-377.4606226396518,0.0,-377.4606226396518,-377.4606226396518,0.0,-360,10935,True,False,-17.460622639651774,17.460622639651774
2022-07-27,105.81325,105.81325,6.757,10935.0,10924.114096625499,-10.88590337450114,0.0,-10.88590337450114,0.0,-10.88590337450114,-300,10635,True,False,300.0,300.0
2022-08-10,99.13602,99.13602,6.723,10635.0,10533.359067764519,-101.64093223548116,-10.88590337450114,-112.5268356099823,-112.5268356099823,0.0,-130,10505,True,False,17.4731643900177,17.4731643900177
2022-08-24,96.68603999999999,96.68603999999999,6.8581,10505.0,10537.576292342088,32.57629234208798,0.0,32.57629234208798,0.0,32.57629234208798,-205,10300,True,False,205.0,205.0
2022-09-07,95.24739,95.24739,6.965,10300.0,10563.8327681937,263.83276819370076,32.57629234208798,296.40906053578874,296.40906053578874,0.0,190,10490,True,False,106.40906053578874,106.40906053578874
2022-09-22,91.64441,91.64441,7.0772,10490.0,10469.477108954425,-20.522891045575307,0.0,-20.522891045575307,0.0,-20.522891045575307,-290,10200,True,False,290.0,290.0
2022-10-10,92.46032,92.46032,7.1103,10200.0,10547.085213643551,347.08521364355147,-20.522891045575307,326.56232259797616,326.56232259797616,0.0,0,10200,False,False,326.56232259797616,326.56232259797616
2022-10-25,89.22402,89.22402,7.2688,10200.0,10507.85175358291,307.85175358291053,0.0,307.85175358291053,307.85175358291053,0.0,185,10385,True,False,122.85175358291053,122.85175358291053
2022-11-08,92.95500999999999,92.95500999999999,7.2485,10385.0,10707.095250026068,322.09525002606824,0.0,322.09525002606824,322.09525002606824,0.0,155,10540,True,False,167.09525002606824,167.09525002606824
2022-11-22,86.99214,86.99214,7.1388,10540.0,10261.027756446383,-278.97224355361686,0.0,-278.97224355361686,-278.97224355361686,0.0,-175,10365,True,False,-103.97224355361686,103.97224355361686
2022-12-06,80.92831,80.92831,6.9935,10365.0,9793.15309947807,-571.8469005219304,0.0,-571.8469005219304,-571.8469005219304,0.0,-440,9925,True,False,-131.84690052193037,131.84690052193037
2022-12-20,77.35613000000001,77.35613000000001,6.96,9925.0,9525.0470981776,-399.95290182240024,0.0,-399.95290182240024,-399.95290182240024,0.0,-480,9445,True,False,80.04709817759976,80.04709817759976
2023-01-04,79.531,79.531,6.8875,9445.0,9621.213302775,176.21330277500056,0.0,176.21330277500056,176.21330277500056,0.0,250,9695,True,False,-73.78669722499944,73.78669722499944
2023-01-18,79.67822,79.67822,6.7534,9695.0,9521.970818908376,-173.0291810916242,0.0,-173.0291810916242,-173.0291810916242,0.0,-205,9490,True,False,31.970818908375804,31.970818908375804
2023-02-04,80.60499,80.60499,6.7733,9490.0,9592.979933706953,102.97993370695258,0.0,102.97993370695258,102.97993370695258,0.0,210,9700,True,False,-107.02006629304742,107.02006629304742
2023-02-17,81.45312999999999,81.45312999999999,6.8661,9700.0,9715.930796933966,15.930796933966121,0.0,15.930796933966121,0.0,15.930796933966121,0,9700,False,False,0.0,0.0
2023-03-03,79.94588,79.94588,6.9048,9700.0,9664.729824042688,-35.27017595731195,15.930796933966121,-19.339379023345828,0.0,-19.339379023345828,0,9700,False,False,0.0,0.0
2023-03-18,75.38628,75.38628,6.887,9700.0,9327.879654914319,-372.12034508568104,-19.339379023345828,-391.45972410902687,-391.45972410902687,0.0,-100,9600,True,False,-291.45972410902687,291.45972410902687
2023-04-01,75.03040000000001,75.03040000000001,6.8676,9600.0,9287.790789460481,-312.2092105395186,0.0,-312.2092105395186,-312.2092105395186,0.0,-335,9265,True,False,22.790789460481392,22.790789460481392
2023-04-18,84.45939000000001,84.45939000000001,6.8755,9265.0,9887.79865986759,622.7986598675907,0.0,622.7986598675907,622.7986598675907,0.0,550,9815,True,False,72.79865986759069,72.79865986759069
2023-04-29,79.50827000000001,79.50827000000001,6.911,9815.0,9638.780733040141,-176.21926695985894,0.0,-176.21926695985894,-176.21926695985894,0.0,-160,9655,True,False,-16.219266959858942,16.219266959858942
2023-05-17,74.15094,74.15094,6.9981,9655.0,9325.112843762068,-329.8871562379318,0.0,-329.8871562379318,-329.8871562379318,0.0,-380,9275,True,False,50.11284376206822,50.11284376206822
2023-05-31,74.08632,74.08632,7.11,9275.0,9405.5468306224,130.54683062239928,0.0,130.54683062239928,130.54683062239928,0.0,100,9375,True,False,30.546830622399284,30.546830622399284
2023-06-14,73.23662,73.23662,7.148,9375.0,9372.10938185712,-2.890618142879248,0.0,-2.890618142879248,0.0,-2.890618142879248,-55,9320,True,False,55.0,55.0
2023-06-29,73.03075000000001,73.03075000000001,7.2515,9320.0,9434.575446959752,114.5754469597523,-2.890618142879248,111.68482881687305,111.68482881687305,0.0,70,9390,True,False,41.68482881687305,41.68482881687305
2023-07-13,76.80112,76.80112,7.15,9390.0,9635.151618095999,245.15161809599886,0.0,245.15161809599886,245.15161809599886,0.0,155,9545,True,False,90.15161809599886,90.15161809599886
2023-07-27,80.65847,80.65847,7.173,9545.0,9926.680092891218,381.680092891218,0.0,381.680092891218,381.680092891218,0.0,275,9820,True,False,106.68009289121801,106.68009289121801
2023-08-10,85.32637,85.32637,7.2165,9820.0,10233.68410131551,413.6841013155099,0.0,413.6841013155099,413.6841013155099,0.0,240,10060,True,False,173.6841013155099,173.6841013155099
2023-08-24,83.89308,83.89308,7.2786,10060.0,10203.935973967054,143.93597396705445,0.0,143.93597396705445,143.93597396705445,0.0,55,10115,True,False,88.93597396705445,88.93597396705445
2023-09-06,87.13238000000001,87.13238000000001,7.316,10115.0,10427.50148972496,312.50148972496027,0.0,312.50148972496027,312.50148972496027,0.0,0,10115,False,False,312.50148972496027,312.50148972496027
2023-09-21,93.36911,93.36911,7.3066,10115.0,10786.940844911014,671.9408449110142,0.0,671.9408449110142,671.9408449110142,0.0,385,10500,True,False,286.9408449110142,286.9408449110142
2023-10-11,88.60918000000001,88.60918000000001,7.2992,10500.0,10499.469731743871,-0.5302682561286929,0.0,-0.5302682561286929,0.0,-0.5302682561286929,-85,10415,True,False,85.0,85.0
2023-10-25,90.59927,90.59927,7.3165,10415.0,10632.779093996209,217.77909399620876,-0.5302682561286929,217.24882574008006,217.24882574008006,0.0,-70,10345,True,False,287.24882574008006,287.24882574008006
2023-11-08,85.19235,85.19235,7.28,10345.0,10281.417960695999,-63.58203930400123,0.0,-63.58203930400123,-63.58203930400123,0.0,-140,10205,True,False,76.41796069599877,76.41796069599877
2023-11-22,81.07735,81.07735,7.155,10205.0,9935.835203583498,-269.1647964165022,0.0,-269.1647964165022,-269.1647964165022,0.0,-340,9865,True,False,70.83520358349779,70.83520358349779
2023-12-06,78.44995,78.44995,7.158,9865.0,9762.5721434302,-102.4278565698005,0.0,-102.4278565698005,-102.4278565698005,0.0,-55,9810,True,False,-47.4278565698005,47.4278565698005
2023-12-20,75.12213,75.12213,7.1355,9810.0,9500.780483307131,-309.21951669286864,0.0,-309.21951669286864,-309.21951669286864,0.0,-415,9395,True,False,105.78048330713136,105.78048330713136
2024-01-04,76.59284,76.59284,7.1589,9395.0,9626.864789116313,231.86478911631275,0.0,231.86478911631275,231.86478911631275,0.0,200,9595,True,False,31.86478911631275,31.86478911631275
2024-01-18,76.54925,76.54925,7.1961,9595.0,9652.88486642635,57.88486642634962,0.0,57.88486642634962,57.88486642634962,0.0,-50,9545,True,False,107.88486642634962,107.88486642634962
2024-02-01,80.04840000000002,80.04840000000002,7.1799,9545.0,9897.20242247592,352.2024224759207,0.0,352.2024224759207,352.2024224759207,0.0,200,9745,True,False,152.20242247592068,152.20242247592068
2024-02-19,80.83207999999999,80.83207999999999,7.1928,9745.0,9953.105724316287,208.1057243162868,0.0,208.1057243162868,208.1057243162868,0.0,0,9745,False,False,208.1057243162868,208.1057243162868
2024-03-05,81.39871,81.39871,7.1965,9745.0,9988.95468907693,243.95468907693066,0.0,243.95468907693066,243.95468907693066,0.0,125,9870,True,False,118.95468907693066,118.95468907693066
2024-03-18,82.72818000000001,82.72818000000001,7.1981,9870.0,10067.223501243996,197.223501243996,0.0,197.223501243996,197.223501243996,0.0,0,9870,False,False,197.223501243996,197.223501243996
2024-04-02,85.26124999999999,85.26124999999999,7.232,9870.0,10243.465252319998,373.4652523199984,0.0,373.4652523199984,373.4652523199984,0.0,200,10070,True,False,173.4652523199984,173.4652523199984
2024-04-17,88.69326000000001,88.69326000000001,7.2389,10070.0,10449.53914777127,379.5391477712692,0.0,379.5391477712692,379.5391477712692,0.0,200,10270,True,False,179.5391477712692,179.5391477712692
2024-04-30,86.65929,86.65929,7.2401,10270.0,10332.055159778596,62.055159778596135,0.0,62.055159778596135,62.055159778596135,0.0,-70,10200,True,False,132.05515977859613,132.05515977859613
2024-05-16,82.0935,82.0935,7.2181,10200.0,10047.345405695702,-152.65459430429837,0.0,-152.65459430429837,-152.65459430429837,0.0,-235,9965,True,False,82.34540569570163,82.34540569570163
2024-05-29,81.62939,81.62939,7.2494,9965.0,10046.61295282489,81.61295282488936,0.0,81.61295282488936,81.61295282488936,0.0,0,9965,False,False,81.61295282488936,81.61295282488936
2024-06-14,79.77185,79.77185,7.2557,9965.0,9939.651880805788,-25.348119194211904,0.0,-25.348119194211904,0.0,-25.348119194211904,-190,9775,True,False,190.0,190.0
2024-06-28,84.62965,84.62965,7.2672,9775.0,10237.26692002976,462.2669200297605,-25.348119194211904,436.9188008355486,436.9188008355486,0.0,210,9985,True,False,226.9188008355486,226.9188008355486
2024-07-12,85.59085,85.59085,7.2495,9985.0,10278.023677923651,293.0236779236511,0.0,293.0236779236511,293.0236779236511,0.0,110,10095,True,False,183.02367792365112,183.02367792365112
2024-07-26,82.18997999999999,82.18997999999999,7.2502,10095.0,10080.022423724951,-14.977576275048705,0.0,-14.977576275048705,0.0,-14.977576275048705,-145,9950,True,False,145.0,145.0
2024-08-09,77.63224000000001,77.63224000000001,7.166,9950.0,9708.880227942082,-241.11977205791845,-14.977576275048705,-256.09734833296716,-256.09734833296716,0.0,-305,9645,True,False,48.90265166703284,48.90265166703284
2024-08-22,78.09575000000001,78.09575000000001,7.144,9645.0,9725.334381956,80.33438195599956,0.0,80.33438195599956,80.33438195599956,0.0,0,9645,False,False,80.33438195599956,80.33438195599956
2024-09-06,74.7582,74.7582,7.0876,9645.0,9437.38451239984,-207.61548760016012,0.0,-207.61548760016012,-207.61548760016012,0.0,-100,9545,True,False,-107.61548760016012,107.61548760016012
2024-09-21,72.85597999999999,72.85597999999999,7.0505,9545.0,9271.29269469138,-273.70730530862056,0.0,-273.70730530862056,-273.70730530862056,0.0,-365,9180,True,False,91.29269469137944,91.29269469137944
2024-10-11,76.25900000000001,76.25900000000001,7.0667,9180.0,9530.1864155286,350.18641552860026,0.0,350.18641552860026,350.18641552860026,0.0,140,9320,True,False,210.18641552860026,210.18641552860026
2024-10-24,72.70625,72.70625,7.119,9320.0,9311.5680354625,-8.43196453749988,0.0,-8.43196453749988,0.0,-8.43196453749988,90,9410,True,False,-90.0,90.0
2024-11-07,72.18075,72.18075,7.1412,9410.0,9289.6214980378,-120.37850196219915,-8.43196453749988,-128.81046649969903,-128.81046649969903,0.0,-145,9265,True,False,16.189533500300968,16.189533500300968
2024-11-20,70.90303,70.90303,7.2459,9265.0,9272.166792220174,7.166792220174102,0.0,7.166792220174102,0.0,7.166792220174102,0,9265,False,False,0.0,0.0
2024-12-04,71.34982000000001,71.34982000000001,7.2632,9265.0,9318.055865547489,53.05586554748879,7.166792220174102,60.222657767662895,60.222657767662895,0.0,0,9265,False,False,60.222657767662895,60.222657767662895
2024-12-18,72.03237,72.03237,7.2864,9265.0,9386.079052801215,121.07905280121486,0.0,121.07905280121486,121.07905280121486,0.0,0,9265,False,False,121.07905280121486,121.07905280121486
2025-01-03,73.76968000000001,73.76968000000001,7.3199,9265.0,9541.343316645583,276.3433166455834,0.0,276.3433166455834,276.3433166455834,0.0,70,9335,True,False,206.3433166455834,206.3433166455834
2025-01-17,79.49468999999999,79.49468999999999,7.3249,9335.0,9975.46669936262,640.4666993626197,0.0,640.4666993626197,640.4666993626197,0.0,340,9675,True,False,300.4666993626197,300.4666993626197
2025-02-06,75.81792,75.81792,7.2883,9675.0,9670.614404900032,-4.385595099967759,0.0,-4.385595099967759,0.0,-4.385595099967759,0,9675,False,False,0.0,0.0
2025-02-20,75.23044,75.23044,7.2555,9675.0,9601.35320204404,-73.64679795596021,-4.385595099967759,-78.03239305592797,-78.03239305592797,0.0,-170,9505,True,False,91.96760694407203,91.96760694407203
2025-03-06,71.77154,71.77154,7.2468,9505.0,9337.409827690864,-167.5901723091356,0.0,-167.5901723091356,-167.5901723091356,0.0,-135,9370,True,False,-32.590172309135596,32.590172309135596
2025-03-20,70.80799999999999,70.80799999999999,7.2477,9370.0,9266.408543099198,-103.59145690080186,0.0,-103.59145690080186,-103.59145690080186,0.0,-280,9090,True,False,176.40854309919814,176.40854309919814
2025-04-03,73.86077,73.86077,7.2813,9090.0,9518.928481255462,428.9284812554615,0.0,428.9284812554615,428.9284812554615,0.0,230,9320,True,False,198.92848125546152,198.92848125546152
2025-04-18,65.17415,65.17415,7.2996,9320.0,8882.09750243908,-437.9024975609209,0.0,-437.9024975609209,-437.9024975609209,0.0,-480,8840,True,False,42.09750243907911,42.09750243907911
2025-04-30,65.89838,65.89838,7.2706,8840.0,8916.737255826536,76.73725582653606,0.0,76.73725582653606,76.73725582653606,0.0,0,8840,False,False,76.73725582653606,76.73725582653606
2025-05-20,64.52642,64.52642,7.2194,8840.0,8780.470979055575,-59.5290209444247,0.0,-59.5290209444247,-59.5290209444247,0.0,-230,8610,True,False,170.4709790555753,170.4709790555753
2025-06-04,63.73932,63.73932,7.1844,8610.0,8699.265043979296,89.26504397929602,0.0,89.26504397929602,89.26504397929602,0.0,65,8675,True,False,24.265043979296024,24.265043979296024
2025-06-18,71.14658,71.14658,7.1888,8675.0,9248.587479027647,573.5874790276466,0.0,573.5874790276466,573.5874790276466,0.0,260,8935,True,False,313.5874790276466,313.5874790276466
2025-07-02,68.39686,68.39686,7.1649,8935.0,9028.961467640067,93.96146764006699,0.0,93.96146764006699,93.96146764006699,0.0,235,9170,True,False,-141.03853235993301,141.03853235993301
2025-07-16,70.0095,70.0095,7.1791,9170.0,9157.7345772799,-12.265422720100105,0.0,-12.265422720100105,0.0,-12.265422720100105,-130,9040,True,False,130.0,130.0
2025-07-29,69.65058,69.65058,7.1769,9040.0,9129.719790891724,89.71979089172419,-12.265422720100105,77.45436817162408,77.45436817162408,0.0,0,9040,False,False,77.45436817162408,77.45436817162408
2025-08-12,67.93416,67.93416,7.1785,9040.0,9004.422001900719,-35.5779980992811,0.0,-35.5779980992811,0.0,-35.5779980992811,0,9040,False,False,0.0,0.0
2025-08-27,67.31923,67.31923,7.1536,9040.0,8941.921046336734,-98.07895366326557,-35.5779980992811,-133.65695176254667,-133.65695176254667,0.0,-180,8860,True,False,46.34304823745333,46.34304823745333
2025-09-09,67.39752,67.39752,7.1209,8860.0,8925.051923724015,65.05192372401507,0.0,65.05192372401507,65.05192372401507,0.0,0,8860,False,False,65.05192372401507,65.05192372401507
2025-09-23,67.57754,67.57754,7.1116,8860.0,8931.757456207568,71.75745620756788,0.0,71.75745620756788,71.75745620756788,0.0,0,8860,False,False,71.75745620756788,71.75745620756788
2025-10-14,64.11661000000001,64.11661000000001,7.1384,8860.0,8696.814870551889,-163.18512944811118,0.0,-163.18512944811118,-163.18512944811118,0.0,-75,8785,True,False,-88.18512944811118,88.18512944811118
2025-10-28,63.21571,63.21571,7.0988,8785.0,8605.130810202776,-179.86918979722395,0.0,-179.86918979722395,-179.86918979722395,0.0,-265,8520,True,False,85.13081020277605,85.13081020277605
2025-11-11,63.433670000000006,63.433670000000006,7.1193,8520.0,8634.353339939722,114.35333993972199,0.0,114.35333993972199,114.35333993972199,0.0,125,8645,True,False,-10.646660060278009,10.646660060278009
2025-11-25,62.353730000000006,62.353730000000006,7.0845,8645.0,8533.187191898469,-111.81280810153112,0.0,-111.81280810153112,-111.81280810153112,0.0,-70,8575,True,False,-41.81280810153112,41.81280810153112
2025-12-09,61.73243000000001,61.73243000000001,7.0633,8575.0,8474.587812468579,-100.4121875314213,0.0,-100.4121875314213,-100.4121875314213,0.0,-55,8520,True,False,-45.412187531421296,45.412187531421296
2025-12-23,59.09312,59.09312,7.028,8520.0,8261.87476280832,-258.12523719167984,0.0,-258.12523719167984,-258.12523719167984,0.0,-170,8350,True,False,-88.12523719167984,88.12523719167984
2026-01-06,59.31768,59.31768,6.9834,8350.0,8250.921505786144,-99.07849421385617,0.0,-99.07849421385617,-99.07849421385617,0.0,0,8350,False,False,-99.07849421385617,99.07849421385617
2026-01-21,62.08109,62.08109,6.9637,8350.0,8436.407154975446,86.40715497544625,0.0,86.40715497544625,86.40715497544625,0.0,85,8435,True,False,1.4071549754462467,1.4071549754462467
2026-02-04,64.84012000000001,64.84012000000001,6.9415,8435.0,8618.79990536076,183.79990536076002,0.0,183.79990536076002,183.79990536076002,0.0,205,8640,True,False,-21.20009463923998,21.20009463923998
2026-02-25,67.66169,67.66169,6.8692,8640.0,8769.589609888375,129.58960988837498,0.0,129.58960988837498,129.58960988837498,0.0,175,8815,True,False,-45.41039011162502,45.41039011162502
2026-03-10,87.46715,87.46715,6.8766,8815.0,10052.87850706678,1237.87850706678,0.0,1237.87850706678,1237.87850706678,0.0,695,9510,True,False,542.87850706678,542.87850706678
2026-03-24,117.67143,117.67143,6.8918,9510.0,11719.410338593789,2209.4103385937888,0.0,2209.4103385937888,2209.4103385937888,0.0,1160,10670,True,True,1049.4103385937888,1049.4103385937888
2026-04-08,114.56184,114.56184,6.8287,10670.0,11475.059738523696,805.0597385236961,0.0,805.0597385236961,805.0597385236961,0.0,420,11090,True,True,385.05973852369607,385.05973852369607
2026-04-22,100.10225,100.10225,6.8275,11090.0,10691.90852406125,-398.0914759387506,0.0,-398.0914759387506,-398.0914759387506,0.0,-555,10535,True,True,156.9085240612494,156.9085240612494
2026-05-09,112.08568,112.08568,6.8005,10535.0,11308.72231911208,773.7223191120793,0.0,773.7223191120793,773.7223191120793,0.0,320,10855,True,True,453.7223191120793,453.7223191120793
