date,notice_date,effective_date,wti_mean,wti_valid_days,wti_window_start,wti_window_end,brent_mean,brent_valid_days,brent_window_start,brent_window_end,basket_mean,basket_valid_days,basket_window_start,basket_window_end
2016-01-14,2016-01-13,2016-01-14,34.668,10,2015-12-29,2016-01-12,33.936,10,2015-12-29,2016-01-12,29.61,10,2015-12-29,2016-01-12
2016-01-27,2016-01-27,2016-01-27,29.813,10,2016-01-12,2016-01-26,28.576,10,2016-01-13,2016-01-26,24.442,10,2016-01-13,2016-01-26
2016-02-15,2016-02-15,2016-02-15,29.702,10,2016-02-01,2016-02-12,31.297,10,2016-02-01,2016-02-12,28.122,10,2016-02-01,2016-02-12
2016-02-29,2016-02-29,2016-02-29,30.602,10,2016-02-12,2016-02-26,32.654,10,2016-02-12,2016-02-26,29.175,10,2016-02-15,2016-02-26
2016-03-14,2016-03-14,2016-03-14,36.064,10,2016-02-29,2016-03-11,37.787,10,2016-02-29,2016-03-11,33.3,10,2016-02-29,2016-03-11
2016-03-28,2016-03-28,2016-03-28,38.788,10,2016-03-11,2016-03-24,38.951,10,2016-03-11,2016-03-24,35.493,10,2016-03-14,2016-03-25
2016-04-12,2016-04-12,2016-04-12,37.018,10,2016-03-29,2016-04-11,37.581,10,2016-03-29,2016-04-11,34.606,10,2016-03-29,2016-04-11
2016-04-27,2016-04-26,2016-04-27,41.662,10,2016-04-12,2016-04-25,42.834,10,2016-04-12,2016-04-25,38.674,10,2016-04-12,2016-04-25
2016-05-12,2016-05-11,2016-05-12,44.651,10,2016-04-27,2016-05-10,44.283,10,2016-04-27,2016-05-10,41.279,10,2016-04-27,2016-05-10
2016-05-26,2016-05-25,2016-05-26,47.519,10,2016-05-11,2016-05-24,47.743,10,2016-05-11,2016-05-24,43.883,10,2016-05-11,2016-05-24
2016-06-09,2016-06-08,2016-06-09,49.158,10,2016-05-24,2016-06-07,49.022,10,2016-05-24,2016-06-07,45.461,10,2016-05-25,2016-06-07
2016-06-23,2016-06-23,2016-06-23,48.656,10,2016-06-09,2016-06-22,48.252,10,2016-06-09,2016-06-22,45.925,10,2016-06-09,2016-06-22
2016-07-07,2016-07-07,2016-07-07,48.017,10,2016-06-22,2016-07-06,47.014,10,2016-06-23,2016-07-06,45.21,10,2016-06-23,2016-07-06
2016-07-22,2016-07-21,2016-07-22,45.341,10,2016-07-07,2016-07-20,45.502,10,2016-07-07,2016-07-20,43.027,10,2016-07-07,2016-07-20
2016-08-05,2016-08-04,2016-08-05,41.685,10,2016-07-21,2016-08-03,42.258,10,2016-07-21,2016-08-03,40.168,10,2016-07-21,2016-08-03
2016-08-19,2016-08-18,2016-08-19,43.842,10,2016-08-04,2016-08-17,44.611,10,2016-08-04,2016-08-17,41.994,10,2016-08-04,2016-08-17
2016-09-02,2016-09-01,2016-09-02,46.989,10,2016-08-18,2016-08-31,48.766,10,2016-08-18,2016-08-31,45.558,10,2016-08-18,2016-08-31
2016-09-19,2016-09-18,2016-09-19,44.992,10,2016-09-02,2016-09-16,46.857,10,2016-09-05,2016-09-16,43.204,10,2016-09-05,2016-09-16
2016-09-30,2016-09-30,2016-09-30,45.106,10,2016-09-16,2016-09-29,46.193,10,2016-09-16,2016-09-29,42.509,10,2016-09-16,2016-09-29
2016-10-20,2016-10-19,2016-10-20,50.166,10,2016-10-05,2016-10-18,49.903,10,2016-10-05,2016-10-18,48.316,10,2016-10-05,2016-10-18
2016-11-02,2016-11-02,2016-11-02,49.281,10,2016-10-19,2016-11-01,48.929,10,2016-10-19,2016-11-01,47.32,10,2016-10-19,2016-11-01
2016-11-17,2016-11-16,2016-11-17,44.625,10,2016-11-02,2016-11-15,43.26,10,2016-11-02,2016-11-15,42.066,10,2016-11-02,2016-11-15
2016-12-01,2016-11-30,2016-12-01,46.242,10,2016-11-15,2016-11-29,45.783,10,2016-11-16,2016-11-29,44.083,10,2016-11-16,2016-11-29
2016-12-15,2016-12-14,2016-12-15,51.279,10,2016-11-30,2016-12-13,52.115,10,2016-11-30,2016-12-13,50.357,10,2016-11-30,2016-12-13
2016-12-29,2016-12-28,2016-12-29,51.943,10,2016-12-13,2016-12-27,53.536,10,2016-12-12,2016-12-23,51.861,10,2016-12-13,2016-12-27
2017-01-13,2017-01-12,2017-01-13,52.989,10,2016-12-28,2017-01-11,54.659,10,2016-12-28,2017-01-11,52.78,10,2016-12-28,2017-01-11
2017-01-26,2017-01-25,2017-01-26,52.082,10,2017-01-10,2017-01-24,54.296,10,2017-01-11,2017-01-24,52.077,10,2017-01-11,2017-01-24
2017-02-15,2017-02-14,2017-02-15,53.137,10,2017-01-31,2017-02-13,54.946,10,2017-01-31,2017-02-13,53.126,10,2017-01-31,2017-02-13
2017-02-28,2017-02-28,2017-02-28,53.624,10,2017-02-13,2017-02-27,54.982,10,2017-02-14,2017-02-27,53.492,10,2017-02-14,2017-02-27
2017-03-15,2017-03-14,2017-03-15,51.423,10,2017-02-28,2017-03-13,53.138,10,2017-02-28,2017-03-13,52.329,10,2017-02-28,2017-03-13
2017-03-29,2017-03-28,2017-03-29,47.564,10,2017-03-14,2017-03-27,50.2,10,2017-03-14,2017-03-27,48.841,10,2017-03-14,2017-03-27
2017-04-13,2017-04-12,2017-04-13,51.307,10,2017-03-29,2017-04-11,53.172,10,2017-03-29,2017-04-11,51.469,10,2017-03-29,2017-04-11
2017-04-26,2017-04-26,2017-04-26,51.328,10,2017-04-11,2017-04-25,52.376,10,2017-04-11,2017-04-25,51.698,10,2017-04-11,2017-04-25
2017-05-12,2017-05-11,2017-05-12,47.39,10,2017-04-27,2017-05-10,48.42,10,2017-04-27,2017-05-10,48.005,10,2017-04-27,2017-05-10
2017-05-26,2017-05-25,2017-05-26,49.478,10,2017-05-11,2017-05-24,51.684,10,2017-05-11,2017-05-24,50.138,10,2017-05-11,2017-05-24
2017-06-10,2017-06-09,2017-06-10,47.908,10,2017-05-25,2017-06-08,49.175,10,2017-05-26,2017-06-08,48.032,10,2017-05-26,2017-06-08
2017-06-24,2017-06-23,2017-06-24,44.491,10,2017-06-09,2017-06-22,45.654,10,2017-06-09,2017-06-22,44.564,10,2017-06-09,2017-06-22
2017-07-07,2017-07-07,2017-07-07,44.163,10,2017-06-21,2017-07-06,46.934,10,2017-06-23,2017-07-06,45.416,10,2017-06-23,2017-07-06
2017-07-22,2017-07-21,2017-07-22,45.803,10,2017-07-07,2017-07-20,47.445,10,2017-07-07,2017-07-20,46.033,10,2017-07-07,2017-07-20
2017-08-05,2017-08-04,2017-08-05,48.514,10,2017-07-21,2017-08-03,50.495,10,2017-07-21,2017-08-03,48.655,10,2017-07-21,2017-08-03
2017-08-18,2017-08-18,2017-08-18,48.398,10,2017-08-04,2017-08-17,51.425,10,2017-08-04,2017-08-17,49.574,10,2017-08-04,2017-08-17
2017-09-01,2017-09-01,2017-09-01,47.305,10,2017-08-18,2017-08-31,51.921,10,2017-08-18,2017-08-31,49.548,10,2017-08-18,2017-08-31
2017-09-16,2017-09-15,2017-09-16,48.431,10,2017-08-31,2017-09-14,54.411,10,2017-09-01,2017-09-14,51.853,10,2017-09-01,2017-09-14
2017-09-30,2017-09-29,2017-09-30,50.772,10,2017-09-15,2017-09-28,57.808,10,2017-09-15,2017-09-28,54.843,10,2017-09-15,2017-09-28
2017-10-19,2017-10-19,2017-10-19,50.976,10,2017-10-05,2017-10-18,56.679,10,2017-10-05,2017-10-18,54.881,10,2017-10-05,2017-10-18
2017-11-03,2017-11-02,2017-11-03,52.824,10,2017-10-19,2017-11-01,59.157,10,2017-10-19,2017-11-01,56.863,10,2017-10-19,2017-11-01
2017-11-17,2017-11-16,2017-11-17,56.316,10,2017-11-02,2017-11-15,62.874,10,2017-11-02,2017-11-15,60.746,10,2017-11-02,2017-11-15
2017-11-30,2017-11-30,2017-11-30,56.981,10,2017-11-15,2017-11-29,62.646,10,2017-11-16,2017-11-29,60.853,10,2017-11-16,2017-11-29
2017-12-14,2017-12-14,2017-12-14,57.188,10,2017-11-30,2017-12-13,63.772,10,2017-11-30,2017-12-13,61.316,10,2017-11-30,2017-12-13
2017-12-29,2017-12-28,2017-12-29,57.944,10,2017-12-13,2017-12-27,64.4,10,2017-12-12,2017-12-27,62.2,10,2017-12-13,2017-12-27
2018-01-13,2018-01-12,2018-01-13,61.781,10,2017-12-28,2018-01-11,68.248,10,2017-12-28,2018-01-11,65.746,10,2017-12-28,2018-01-11
2018-01-27,2018-01-26,2018-01-27,64.253,10,2018-01-11,2018-01-25,69.67,10,2018-01-12,2018-01-25,67.352,10,2018-01-12,2018-01-25
2018-02-10,2018-02-09,2018-02-10,64.373,10,2018-01-26,2018-02-08,67.454,10,2018-01-26,2018-02-08,66.015,10,2018-01-26,2018-02-08
2018-03-01,2018-02-28,2018-03-01,62.003,10,2018-02-13,2018-02-27,65.26,10,2018-02-14,2018-02-27,63.072,10,2018-02-14,2018-02-27
2018-03-14,2018-03-14,2018-03-14,61.391,10,2018-02-28,2018-03-13,64.89,10,2018-02-28,2018-03-13,62.498,10,2018-02-28,2018-03-13
2018-03-29,2018-03-28,2018-03-29,63.557,10,2018-03-14,2018-03-27,66.638,10,2018-03-14,2018-03-27,64.597,10,2018-03-14,2018-03-27
2018-04-13,2018-04-12,2018-04-13,64.023,10,2018-03-28,2018-04-11,68.549,10,2018-03-27,2018-04-11,65.776,10,2018-03-28,2018-04-11
2018-04-27,2018-04-26,2018-04-27,67.542,10,2018-04-12,2018-04-25,73.577,10,2018-04-12,2018-04-25,69.788,10,2018-04-12,2018-04-25
2018-05-01,2018-04-29,2018-05-01,67.729,10,2018-04-16,2018-04-27,74.187,10,2018-04-16,2018-04-27,70.209,10,2018-04-16,2018-04-27
2018-05-12,2018-05-11,2018-05-12,69.211,10,2018-04-27,2018-05-10,75.218,10,2018-04-26,2018-05-10,71.785,10,2018-04-27,2018-05-10
2018-05-26,2018-05-25,2018-05-26,71.414,10,2018-05-11,2018-05-24,78.749,10,2018-05-11,2018-05-24,75.895,10,2018-05-11,2018-05-24
2018-06-09,2018-06-08,2018-06-09,66.75,10,2018-05-24,2018-06-07,75.167,10,2018-05-24,2018-06-07,73.738,10,2018-05-25,2018-06-07
2018-06-26,2018-06-25,2018-06-26,66.265,10,2018-06-11,2018-06-22,74.188,10,2018-06-11,2018-06-22,72.638,10,2018-06-11,2018-06-22
2018-07-10,2018-07-09,2018-07-10,73.406,10,2018-06-22,2018-07-06,75.783,10,2018-06-25,2018-07-06,74.536,10,2018-06-25,2018-07-06
2018-07-24,2018-07-23,2018-07-24,70.458,10,2018-07-09,2018-07-20,73.28,10,2018-07-09,2018-07-20,72.501,10,2018-07-09,2018-07-20
2018-08-07,2018-08-06,2018-08-07,69.736,10,2018-07-23,2018-08-03,73.686,10,2018-07-23,2018-08-03,72.669,10,2018-07-23,2018-08-03
2018-08-21,2018-08-20,2018-08-21,67.025,10,2018-08-06,2018-08-17,70.62,10,2018-08-06,2018-08-17,71.121,10,2018-08-06,2018-08-17
2018-09-04,2018-09-03,2018-09-04,68.879,10,2018-08-20,2018-08-31,74.424,10,2018-08-20,2018-08-31,73.521,10,2018-08-20,2018-08-31
2018-09-18,2018-09-17,2018-09-18,68.868,10,2018-08-31,2018-09-14,77.376,10,2018-09-03,2018-09-14,75.684,10,2018-09-03,2018-09-14
2018-10-01,2018-09-30,2018-10-01,71.557,10,2018-09-17,2018-09-28,80.406,10,2018-09-17,2018-09-28,78.674,10,2018-09-17,2018-09-28
2018-10-20,2018-10-19,2018-10-20,72.107,10,2018-10-05,2018-10-18,82.203,10,2018-10-05,2018-10-18,80.647,10,2018-10-05,2018-10-18
2018-11-03,2018-11-02,2018-11-03,66.845,10,2018-10-19,2018-11-01,77.087,10,2018-10-19,2018-11-01,75.948,10,2018-10-19,2018-11-01
2018-11-17,2018-11-16,2018-11-17,59.908,10,2018-11-02,2018-11-15,68.858,10,2018-11-02,2018-11-15,69.05,10,2018-11-02,2018-11-15
2018-12-01,2018-11-30,2018-12-01,53.835,10,2018-11-14,2018-11-29,60.692,10,2018-11-16,2018-11-29,61.584,10,2018-11-16,2018-11-29
2018-12-15,2018-12-14,2018-12-15,52.036,10,2018-11-30,2018-12-13,59.903,10,2018-11-30,2018-12-13,59.422,10,2018-11-30,2018-12-13
2018-12-29,2018-12-28,2018-12-29,48.041,10,2018-12-12,2018-12-27,56.197,10,2018-12-11,2018-12-27,55.541,10,2018-12-12,2018-12-27
2019-01-15,2019-01-14,2019-01-15,48.452,10,2018-12-27,2019-01-11,55.817,10,2018-12-27,2019-01-11,55.429,10,2018-12-27,2019-01-11
2019-01-29,2019-01-28,2019-01-29,52.256,10,2019-01-11,2019-01-25,60.586,10,2019-01-14,2019-01-25,60.047,10,2019-01-14,2019-01-25
2019-02-15,2019-02-14,2019-02-15,53.617,10,2019-01-31,2019-02-13,62.0,10,2019-01-31,2019-02-13,61.801,10,2019-01-31,2019-02-13
2019-03-01,2019-02-28,2019-03-01,55.844,10,2019-02-13,2019-02-27,65.664,10,2019-02-14,2019-02-27,65.441,10,2019-02-14,2019-02-27
2019-03-14,2019-03-14,2019-03-14,56.666,10,2019-02-28,2019-03-13,64.869,10,2019-02-28,2019-03-13,65.474,10,2019-02-28,2019-03-13
2019-03-29,2019-03-28,2019-03-29,59.225,10,2019-03-14,2019-03-27,67.124,10,2019-03-14,2019-03-27,67.068,10,2019-03-14,2019-03-27
2019-04-01,2019-03-29,2019-04-01,59.295,10,2019-03-15,2019-03-28,67.114,10,2019-03-15,2019-03-28,66.977,10,2019-03-15,2019-03-28
2019-04-13,2019-04-12,2019-04-13,62.864,10,2019-03-29,2019-04-11,70.07,10,2019-03-29,2019-04-11,69.267,10,2019-03-29,2019-04-11
2019-04-27,2019-04-26,2019-04-27,64.576,10,2019-04-11,2019-04-25,71.999,10,2019-04-11,2019-04-25,71.609,10,2019-04-11,2019-04-25
2019-05-14,2019-05-13,2019-05-14,62.357,10,2019-04-29,2019-05-10,71.419,10,2019-04-29,2019-05-10,70.745,10,2019-04-29,2019-05-10
2019-05-28,2019-05-27,2019-05-28,61.413,10,2019-05-13,2019-05-24,72.105,10,2019-05-13,2019-05-24,70.948,10,2019-05-13,2019-05-24
2019-06-12,2019-06-11,2019-06-12,54.59,10,2019-05-28,2019-06-10,65.72,10,2019-05-28,2019-06-10,63.872,10,2019-05-28,2019-06-10
2019-06-26,2019-06-25,2019-06-26,54.078,10,2019-06-11,2019-06-24,63.698,10,2019-06-11,2019-06-24,62.586,10,2019-06-11,2019-06-24
2019-07-10,2019-07-09,2019-07-10,57.858,10,2019-06-21,2019-07-08,65.148,10,2019-06-25,2019-07-08,64.565,10,2019-06-25,2019-07-08
2019-07-23,2019-07-23,2019-07-23,57.738,10,2019-07-09,2019-07-22,64.51,10,2019-07-09,2019-07-22,65.32,10,2019-07-09,2019-07-22
2019-08-07,2019-08-06,2019-08-07,56.176,10,2019-07-23,2019-08-05,62.429,10,2019-07-23,2019-08-05,63.634,10,2019-07-23,2019-08-05
2019-08-21,2019-08-20,2019-08-21,54.452,10,2019-08-06,2019-08-19,57.837,10,2019-08-06,2019-08-19,58.687,10,2019-08-06,2019-08-19
2019-09-04,2019-09-03,2019-09-04,55.351,10,2019-08-19,2019-08-30,59.576,10,2019-08-20,2019-09-02,59.82,10,2019-08-20,2019-09-02
2019-09-19,2019-09-18,2019-09-19,57.216,10,2019-09-04,2019-09-17,63.236,10,2019-09-04,2019-09-17,62.196,10,2019-09-04,2019-09-17
2019-10-08,2019-10-08,2019-10-08,54.416,10,2019-09-24,2019-10-07,60.667,10,2019-09-24,2019-10-07,60.635,10,2019-09-24,2019-10-07
2019-10-22,2019-10-21,2019-10-22,53.38,10,2019-10-07,2019-10-18,59.358,10,2019-10-07,2019-10-18,59.452,10,2019-10-07,2019-10-18
2019-11-05,2019-11-04,2019-11-05,55.187,10,2019-10-21,2019-11-01,60.487,10,2019-10-21,2019-11-01,60.853,10,2019-10-21,2019-11-01
2019-11-19,2019-11-18,2019-11-19,56.715,10,2019-11-01,2019-11-15,62.477,10,2019-11-04,2019-11-15,62.494,10,2019-11-04,2019-11-15
2019-12-03,2019-12-02,2019-12-03,57.432,10,2019-11-15,2019-11-29,64.251,10,2019-11-18,2019-11-29,63.671,10,2019-11-18,2019-11-29
2019-12-16,2019-12-16,2019-12-16,58.444,10,2019-12-02,2019-12-13,65.606,10,2019-12-02,2019-12-13,64.769,10,2019-12-02,2019-12-13
2019-12-31,2019-12-30,2019-12-31,60.902,10,2019-12-13,2019-12-27,68.687,10,2019-12-13,2019-12-27,67.828,10,2019-12-13,2019-12-27
2020-01-14,2020-01-14,2020-01-14,60.934,10,2019-12-30,2020-01-13,67.599,10,2019-12-30,2020-01-13,68.373,10,2019-12-30,2020-01-13
2020-02-05,2020-02-04,2020-02-05,53.815,10,2020-01-21,2020-02-03,59.323,10,2020-01-21,2020-02-03,61.266,10,2020-01-21,2020-02-03
2020-02-19,2020-02-18,2020-02-19,50.596,10,2020-02-03,2020-02-14,55.344,10,2020-02-04,2020-02-17,55.451,10,2020-02-04,2020-02-17
2020-03-03,2020-03-03,2020-03-03,50.113,10,2020-02-18,2020-03-02,55.822,10,2020-02-18,2020-03-02,55.218,10,2020-02-18,2020-03-02
2020-03-18,2020-03-17,2020-03-18,37.198,10,2020-03-03,2020-03-16,39.759,10,2020-03-03,2020-03-16,40.882,10,2020-03-03,2020-03-16
2020-03-31,2020-03-31,2020-03-31,20.33,10,2020-03-17,2020-03-30,23.929,10,2020-03-17,2020-03-30,26.312,10,2020-03-17,2020-03-30
2020-04-15,2020-04-15,2020-04-15,23.446,10,2020-03-31,2020-04-14,20.545,10,2020-03-30,2020-04-14,21.137,10,2020-03-31,2020-04-14
2020-04-28,2020-04-28,2020-04-28,10.703,10,2020-04-14,2020-04-27,16.633,10,2020-04-14,2020-04-27,15.699,10,2020-04-14,2020-04-27
2020-05-14,2020-05-14,2020-05-14,23.142,10,2020-04-30,2020-05-13,22.884,10,2020-04-29,2020-05-13,21.067,10,2020-04-30,2020-05-13
2020-05-28,2020-05-28,2020-05-28,31.519,10,2020-05-13,2020-05-27,32.509,10,2020-05-13,2020-05-27,27.658,10,2020-05-13,2020-05-27
2020-06-11,2020-06-11,2020-06-11,37.254,10,2020-05-28,2020-06-10,38.127,10,2020-05-28,2020-06-10,34.672,10,2020-05-28,2020-06-10
2020-06-29,2020-06-28,2020-06-29,38.785,10,2020-06-15,2020-06-26,41.321,10,2020-06-15,2020-06-26,37.873,10,2020-06-15,2020-06-26
2020-07-11,2020-07-10,2020-07-11,39.823,10,2020-06-25,2020-07-09,42.451,10,2020-06-26,2020-07-09,41.56,10,2020-06-26,2020-07-09
2020-07-24,2020-07-24,2020-07-24,40.887,10,2020-07-10,2020-07-23,43.484,10,2020-07-10,2020-07-23,43.719,10,2020-07-10,2020-07-23
2020-08-07,2020-08-07,2020-08-07,41.134,10,2020-07-24,2020-08-06,43.712,10,2020-07-24,2020-08-06,43.832,10,2020-07-24,2020-08-06
2020-08-22,2020-08-21,2020-08-22,42.285,10,2020-08-07,2020-08-20,44.678,10,2020-08-07,2020-08-20,45.08,10,2020-08-07,2020-08-20
2020-09-04,2020-09-04,2020-09-04,42.65,10,2020-08-21,2020-09-03,44.593,10,2020-08-20,2020-09-03,45.312,10,2020-08-21,2020-09-03
2020-09-19,2020-09-18,2020-09-19,38.726,10,2020-09-03,2020-09-17,40.004,10,2020-09-04,2020-09-17,40.604,10,2020-09-04,2020-09-17
2020-10-09,2020-10-09,2020-10-09,39.552,10,2020-09-25,2020-10-08,40.455,10,2020-09-25,2020-10-08,40.459,10,2020-09-25,2020-10-08
2020-10-23,2020-10-22,2020-10-23,40.507,10,2020-10-08,2020-10-21,41.323,10,2020-10-08,2020-10-21,41.108,10,2020-10-08,2020-10-21
2020-11-06,2020-11-05,2020-11-06,37.978,10,2020-10-22,2020-11-04,38.715,10,2020-10-22,2020-11-04,38.617,10,2020-10-22,2020-11-04
2020-11-20,2020-11-19,2020-11-20,40.284,10,2020-11-05,2020-11-18,41.506,10,2020-11-05,2020-11-18,41.788,10,2020-11-05,2020-11-18
2020-12-04,2020-12-03,2020-12-04,43.461,10,2020-11-17,2020-12-02,46.068,10,2020-11-19,2020-12-02,45.697,10,2020-11-19,2020-12-02
2020-12-18,2020-12-17,2020-12-18,46.453,10,2020-12-03,2020-12-16,49.596,10,2020-12-03,2020-12-16,48.751,10,2020-12-03,2020-12-16
2021-01-01,2020-12-31,2021-01-01,47.976,10,2020-12-16,2020-12-30,50.868,10,2020-12-16,2020-12-30,50.063,10,2020-12-16,2020-12-30
2021-01-16,2021-01-15,2021-01-16,51.033,10,2020-12-31,2021-01-14,53.986,10,2020-12-31,2021-01-14,53.503,10,2020-12-31,2021-01-14
2021-01-30,2021-01-29,2021-01-30,52.749,10,2021-01-14,2021-01-28,55.159,10,2021-01-15,2021-01-28,54.842,10,2021-01-15,2021-01-28
2021-02-19,2021-02-18,2021-02-19,58.252,10,2021-02-03,2021-02-17,61.666,10,2021-02-04,2021-02-17,60.706,10,2021-02-04,2021-02-17
2021-03-04,2021-03-03,2021-03-04,61.237,10,2021-02-17,2021-03-02,64.897,10,2021-02-17,2021-03-02,63.35,10,2021-02-17,2021-03-02
2021-03-18,2021-03-17,2021-03-18,64.651,10,2021-03-03,2021-03-16,67.947,10,2021-03-03,2021-03-16,66.413,10,2021-03-03,2021-03-16
2021-04-01,2021-03-31,2021-04-01,60.772,10,2021-03-17,2021-03-30,63.371,10,2021-03-17,2021-03-30,63.154,10,2021-03-17,2021-03-30
2021-04-15,2021-04-15,2021-04-15,60.039,10,2021-03-31,2021-04-14,62.928,10,2021-03-30,2021-04-14,61.748,10,2021-03-31,2021-04-14
2021-04-29,2021-04-28,2021-04-29,62.569,10,2021-04-14,2021-04-27,65.669,10,2021-04-14,2021-04-27,64.138,10,2021-04-14,2021-04-27
2021-05-15,2021-05-14,2021-05-15,64.901,10,2021-04-30,2021-05-13,68.638,10,2021-04-29,2021-05-13,66.717,10,2021-04-30,2021-05-13
2021-05-28,2021-05-28,2021-05-28,65.157,10,2021-05-14,2021-05-27,68.24,10,2021-05-14,2021-05-27,66.662,10,2021-05-14,2021-05-27
2021-06-12,2021-06-11,2021-06-12,68.771,10,2021-05-27,2021-06-10,70.667,10,2021-05-27,2021-06-10,69.738,10,2021-05-28,2021-06-10
2021-06-29,2021-06-28,2021-06-29,72.515,10,2021-06-14,2021-06-25,74.258,10,2021-06-14,2021-06-25,72.892,10,2021-06-14,2021-06-25
2021-07-13,2021-07-12,2021-07-13,73.793,10,2021-06-25,2021-07-09,76.197,10,2021-06-28,2021-07-09,74.224,10,2021-06-28,2021-07-09
2021-07-27,2021-07-26,2021-07-27,71.436,10,2021-07-12,2021-07-23,74.001,10,2021-07-12,2021-07-23,72.683,10,2021-07-12,2021-07-23
2021-08-09,2021-08-09,2021-08-09,71.125,10,2021-07-26,2021-08-06,74.007,10,2021-07-26,2021-08-06,72.934,10,2021-07-26,2021-08-06
2021-08-24,2021-08-23,2021-08-24,66.691,10,2021-08-09,2021-08-20,69.586,10,2021-08-09,2021-08-20,69.411,10,2021-08-09,2021-08-20
2021-09-07,2021-09-06,2021-09-07,68.37,10,2021-08-23,2021-09-03,71.266,10,2021-08-20,2021-09-03,70.861,10,2021-08-23,2021-09-03
2021-09-19,2021-09-18,2021-09-19,70.371,10,2021-09-03,2021-09-17,73.071,10,2021-09-06,2021-09-17,72.575,10,2021-09-06,2021-09-17
2021-10-10,2021-10-09,2021-10-10,76.979,10,2021-09-27,2021-10-08,80.228,10,2021-09-27,2021-10-08,78.676,10,2021-09-27,2021-10-08
2021-10-23,2021-10-22,2021-10-23,81.828,10,2021-10-08,2021-10-21,84.1,10,2021-10-08,2021-10-21,82.845,10,2021-10-08,2021-10-21
2021-11-05,2021-11-05,2021-11-05,83.144,10,2021-10-22,2021-11-04,83.619,10,2021-10-22,2021-11-04,83.068,10,2021-10-22,2021-11-04
2021-11-20,2021-11-19,2021-11-20,80.975,10,2021-11-05,2021-11-18,82.729,10,2021-11-05,2021-11-18,81.607,10,2021-11-05,2021-11-18
2021-12-04,2021-12-03,2021-12-04,73.479,10,2021-11-17,2021-12-02,76.572,10,2021-11-19,2021-12-02,76.472,10,2021-11-19,2021-12-02
2021-12-18,2021-12-17,2021-12-18,70.795,10,2021-12-03,2021-12-16,74.049,10,2021-12-03,2021-12-16,73.946,10,2021-12-03,2021-12-16
2022-01-01,2021-12-31,2022-01-01,73.468,10,2021-12-16,2021-12-30,74.811,10,2021-12-15,2021-12-30,75.152,10,2021-12-17,2021-12-30
2022-01-18,2022-01-17,2022-01-18,79.687,10,2022-01-03,2022-01-14,82.785,10,2022-01-03,2022-01-14,81.683,10,2022-01-03,2022-01-14
2022-01-30,2022-01-29,2022-01-30,86.223,10,2022-01-14,2022-01-28,89.641,10,2022-01-17,2022-01-28,88.254,10,2022-01-17,2022-01-28
2022-02-18,2022-02-17,2022-02-18,91.693,10,2022-02-03,2022-02-16,96.955,10,2022-02-03,2022-02-16,92.871,10,2022-02-03,2022-02-16
2022-03-04,2022-03-03,2022-03-04,95.61,10,2022-02-16,2022-03-02,102.123,10,2022-02-17,2022-03-02,98.592,10,2022-02-17,2022-03-02
2022-03-18,2022-03-17,2022-03-18,108.49,10,2022-03-03,2022-03-16,117.079,10,2022-03-03,2022-03-16,115.932,10,2022-03-03,2022-03-16
2022-04-01,2022-03-31,2022-04-01,109.573,10,2022-03-17,2022-03-30,118.869,10,2022-03-17,2022-03-30,112.719,10,2022-03-17,2022-03-30
2022-04-16,2022-04-15,2022-04-16,100.122,10,2022-04-01,2022-04-14,104.444,10,2022-04-01,2022-04-14,104.374,10,2022-04-01,2022-04-14
2022-04-29,2022-04-28,2022-04-29,103.537,10,2022-04-13,2022-04-27,105.209,10,2022-04-12,2022-04-27,107.029,10,2022-04-13,2022-04-27
2022-05-17,2022-05-16,2022-05-17,105.843,10,2022-05-02,2022-05-13,108.696,10,2022-04-29,2022-05-13,110.858,10,2022-05-02,2022-05-13
2022-05-31,2022-05-30,2022-05-31,112.779,10,2022-05-16,2022-05-27,115.295,10,2022-05-16,2022-05-27,115.363,10,2022-05-16,2022-05-27
2022-06-15,2022-06-14,2022-06-15,118.856,10,2022-05-31,2022-06-13,126.185,10,2022-05-30,2022-06-13,120.039,10,2022-05-31,2022-06-13
2022-06-29,2022-06-28,2022-06-29,112.525,10,2022-06-13,2022-06-27,120.083,10,2022-06-14,2022-06-27,116.169,10,2022-06-14,2022-06-27
2022-07-13,2022-07-12,2022-07-13,107.416,10,2022-06-27,2022-07-11,116.503,10,2022-06-28,2022-07-11,112.316,10,2022-06-28,2022-07-11
2022-07-27,2022-07-26,2022-07-27,100.454,10,2022-07-12,2022-07-25,111.005,10,2022-07-12,2022-07-25,106.816,10,2022-07-12,2022-07-25
2022-08-10,2022-08-09,2022-08-10,96.175,10,2022-07-26,2022-08-08,105.433,10,2022-07-26,2022-08-08,105.68,10,2022-07-26,2022-08-08
2022-08-24,2022-08-23,2022-08-24,93.223,10,2022-08-09,2022-08-22,99.845,10,2022-08-09,2022-08-22,99.905,10,2022-08-09,2022-08-22
2022-09-07,2022-09-06,2022-09-07,92.631,10,2022-08-22,2022-09-02,96.98,10,2022-08-22,2022-09-05,102.388,10,2022-08-23,2022-09-05
2022-09-22,2022-09-21,2022-09-22,86.084,10,2022-09-07,2022-09-20,90.458,10,2022-09-06,2022-09-20,96.179,10,2022-09-07,2022-09-20
2022-10-10,2022-10-10,2022-10-10,84.149,10,2022-09-26,2022-10-07,90.968,10,2022-09-26,2022-10-07,92.482,10,2022-09-26,2022-10-07
2022-10-25,2022-10-24,2022-10-25,87.165,10,2022-10-10,2022-10-21,92.83,10,2022-10-10,2022-10-21,93.495,10,2022-10-10,2022-10-21
2022-11-08,2022-11-07,2022-11-08,88.503,10,2022-10-24,2022-11-04,94.438,10,2022-10-24,2022-11-04,93.968,10,2022-10-24,2022-11-04
2022-11-22,2022-11-21,2022-11-22,86.215,10,2022-11-07,2022-11-18,94.082,10,2022-11-07,2022-11-18,92.801,10,2022-11-07,2022-11-18
2022-12-06,2022-12-05,2022-12-06,79.148,10,2022-11-18,2022-12-02,85.713,10,2022-11-21,2022-12-02,83.55,10,2022-11-21,2022-12-02
2022-12-20,2022-12-19,2022-12-20,74.094,10,2022-12-05,2022-12-16,79.679,10,2022-12-05,2022-12-16,78.2,10,2022-12-05,2022-12-16
2023-01-04,2023-01-03,2023-01-04,77.751,10,2022-12-16,2022-12-30,81.141,10,2022-12-15,2022-12-30,80.192,10,2022-12-16,2022-12-30
2023-01-18,2023-01-17,2023-01-18,76.271,10,2022-12-30,2023-01-13,79.449,10,2023-01-03,2023-01-16,78.849,10,2023-01-03,2023-01-16
2023-02-04,2023-02-03,2023-02-04,79.203,10,2023-01-20,2023-02-02,84.698,10,2023-01-20,2023-02-02,83.836,10,2023-01-20,2023-02-02
2023-02-17,2023-02-17,2023-02-17,77.717,10,2023-02-03,2023-02-16,83.423,10,2023-02-03,2023-02-16,82.191,10,2023-02-03,2023-02-16
2023-03-03,2023-03-03,2023-03-03,76.451,10,2023-02-16,2023-03-02,82.312,10,2023-02-17,2023-03-02,81.814,10,2023-02-17,2023-03-02
2023-03-18,2023-03-17,2023-03-18,74.756,10,2023-03-03,2023-03-16,80.389,10,2023-03-03,2023-03-16,80.844,10,2023-03-03,2023-03-16
2023-04-01,2023-03-31,2023-04-01,70.653,10,2023-03-17,2023-03-30,75.308,10,2023-03-17,2023-03-30,75.196,10,2023-03-17,2023-03-30
2023-04-18,2023-04-17,2023-04-18,80.75,10,2023-03-31,2023-04-14,85.105,10,2023-03-30,2023-04-14,85.127,10,2023-03-31,2023-04-14
2023-04-29,2023-04-28,2023-04-29,78.346,10,2023-04-14,2023-04-27,83.607,10,2023-04-14,2023-04-27,83.22,10,2023-04-14,2023-04-27
2023-05-17,2023-05-16,2023-05-17,71.141,10,2023-05-02,2023-05-15,75.957,10,2023-04-28,2023-05-15,75.511,10,2023-05-02,2023-05-15
2023-05-31,2023-05-30,2023-05-31,72.117,10,2023-05-15,2023-05-26,76.117,10,2023-05-15,2023-05-26,76.035,10,2023-05-16,2023-05-29
2023-06-14,2023-06-13,2023-06-14,70.43,10,2023-05-30,2023-06-12,74.764,10,2023-05-30,2023-06-12,74.832,10,2023-05-30,2023-06-12
2023-06-29,2023-06-28,2023-06-29,69.842,10,2023-06-13,2023-06-27,74.793,10,2023-06-14,2023-06-27,75.624,10,2023-06-14,2023-06-27
2023-07-13,2023-07-12,2023-07-13,71.281,10,2023-06-27,2023-07-11,76.236,10,2023-06-28,2023-07-11,76.853,10,2023-06-28,2023-07-11
2023-07-27,2023-07-26,2023-07-27,76.468,10,2023-07-12,2023-07-25,80.495,10,2023-07-12,2023-07-25,81.717,10,2023-07-12,2023-07-25
2023-08-10,2023-08-09,2023-08-10,81.17,10,2023-07-26,2023-08-08,85.436,10,2023-07-26,2023-08-08,86.418,10,2023-07-26,2023-08-08
2023-08-24,2023-08-23,2023-08-24,81.593,10,2023-08-09,2023-08-22,86.415,10,2023-08-09,2023-08-22,87.708,10,2023-08-09,2023-08-22
2023-09-06,2023-09-06,2023-09-06,81.839,10,2023-08-22,2023-09-05,87.006,10,2023-08-22,2023-09-05,88.12,10,2023-08-23,2023-09-05
2023-09-21,2023-09-20,2023-09-21,89.028,10,2023-09-06,2023-09-19,93.62,10,2023-09-06,2023-09-19,94.692,10,2023-09-06,2023-09-19
2023-10-11,2023-10-10,2023-10-11,88.472,10,2023-09-25,2023-10-06,92.707,10,2023-09-26,2023-10-09,93.225,10,2023-09-26,2023-10-09
2023-10-25,2023-10-24,2023-10-25,86.575,10,2023-10-10,2023-10-23,91.523,10,2023-10-10,2023-10-23,92.572,10,2023-10-10,2023-10-23
2023-11-08,2023-11-07,2023-11-08,83.198,10,2023-10-24,2023-11-06,88.567,10,2023-10-24,2023-11-06,90.282,10,2023-10-24,2023-11-06
2023-11-22,2023-11-21,2023-11-22,77.467,10,2023-11-06,2023-11-20,82.318,10,2023-11-07,2023-11-20,83.981,10,2023-11-07,2023-11-20
2023-12-06,2023-12-05,2023-12-06,75.828,10,2023-11-20,2023-12-04,80.758,10,2023-11-21,2023-12-04,83.436,10,2023-11-21,2023-12-04
2023-12-20,2023-12-19,2023-12-20,70.353,10,2023-12-05,2023-12-18,75.853,10,2023-12-05,2023-12-18,77.413,10,2023-12-05,2023-12-18
2024-01-04,2024-01-03,2024-01-04,73.082,10,2023-12-18,2024-01-02,79.155,10,2023-12-15,2024-01-02,80.061,10,2023-12-18,2024-01-02
2024-01-18,2024-01-17,2024-01-18,72.275,10,2024-01-02,2024-01-16,78.319,10,2024-01-03,2024-01-16,78.739,10,2024-01-03,2024-01-16
2024-02-01,2024-01-31,2024-02-01,75.817,10,2024-01-17,2024-01-30,82.032,10,2024-01-17,2024-01-30,81.22,10,2024-01-17,2024-01-30
2024-02-19,2024-02-19,2024-02-19,76.606,10,2024-02-05,2024-02-16,82.975,10,2024-02-05,2024-02-16,80.677,10,2024-02-05,2024-02-16
2024-03-05,2024-03-04,2024-03-05,79.239,10,2024-02-16,2024-03-01,84.637,10,2024-02-19,2024-03-01,82.259,10,2024-02-19,2024-03-01
2024-03-18,2024-03-18,2024-03-18,79.978,10,2024-03-04,2024-03-15,85.076,10,2024-03-04,2024-03-15,83.077,10,2024-03-04,2024-03-15
2024-04-02,2024-04-01,2024-04-02,82.682,10,2024-03-15,2024-03-28,85.798,10,2024-03-15,2024-03-28,85.577,10,2024-03-15,2024-03-28
2024-04-17,2024-04-16,2024-04-17,86.595,10,2024-04-02,2024-04-15,91.224,10,2024-04-02,2024-04-15,90.136,10,2024-04-02,2024-04-15
2024-04-30,2024-04-29,2024-04-30,84.561,10,2024-04-15,2024-04-26,89.063,10,2024-04-15,2024-04-26,88.497,10,2024-04-15,2024-04-26
2024-05-16,2024-05-15,2024-05-16,80.258,10,2024-05-01,2024-05-14,83.616,10,2024-04-30,2024-05-14,84.048,10,2024-05-01,2024-05-14
2024-05-29,2024-05-29,2024-05-29,80.041,10,2024-05-14,2024-05-28,80.741,10,2024-05-14,2024-05-28,83.251,10,2024-05-15,2024-05-28
2024-06-14,2024-06-13,2024-06-14,77.178,10,2024-05-30,2024-06-12,78.402,10,2024-05-30,2024-06-12,80.884,10,2024-05-30,2024-06-12
2024-06-28,2024-06-27,2024-06-28,81.442,10,2024-06-12,2024-06-26,84.747,10,2024-06-13,2024-06-26,84.8,10,2024-06-13,2024-06-26
2024-07-12,2024-07-11,2024-07-12,83.628,10,2024-06-26,2024-07-10,87.454,10,2024-06-27,2024-07-10,86.717,10,2024-06-27,2024-07-10
2024-07-26,2024-07-25,2024-07-26,82.058,10,2024-07-11,2024-07-24,85.272,10,2024-07-11,2024-07-24,84.334,10,2024-07-11,2024-07-24
2024-08-09,2024-08-08,2024-08-09,76.928,10,2024-07-25,2024-08-07,79.763,10,2024-07-25,2024-08-07,79.12,10,2024-07-25,2024-08-07
2024-08-22,2024-08-22,2024-08-22,77.721,10,2024-08-08,2024-08-21,81.291,10,2024-08-08,2024-08-21,78.904,10,2024-08-08,2024-08-21
2024-09-06,2024-09-05,2024-09-06,74.55,10,2024-08-21,2024-09-04,79.016,10,2024-08-21,2024-09-04,77.58,10,2024-08-22,2024-09-04
2024-09-21,2024-09-20,2024-09-21,70.068,10,2024-09-06,2024-09-19,73.229,10,2024-09-06,2024-09-19,72.829,10,2024-09-06,2024-09-19
2024-10-11,2024-10-10,2024-10-11,72.203,10,2024-09-26,2024-10-09,76.108,10,2024-09-26,2024-10-09,74.879,10,2024-09-26,2024-10-09
2024-10-24,2024-10-23,2024-10-24,72.791,10,2024-10-08,2024-10-22,75.858,10,2024-10-09,2024-10-22,74.973,10,2024-10-09,2024-10-22
2024-11-07,2024-11-06,2024-11-07,70.149,10,2024-10-23,2024-11-05,73.949,10,2024-10-23,2024-11-05,73.042,10,2024-10-23,2024-11-05
2024-11-20,2024-11-20,2024-11-20,70.034,10,2024-11-05,2024-11-19,73.941,10,2024-11-06,2024-11-19,72.541,10,2024-11-06,2024-11-19
2024-12-04,2024-12-04,2024-12-04,69.532,10,2024-11-19,2024-12-03,74.395,10,2024-11-20,2024-12-03,72.901,10,2024-11-20,2024-12-03
2024-12-18,2024-12-18,2024-12-18,69.717,10,2024-12-04,2024-12-17,73.986,10,2024-12-04,2024-12-17,72.809,10,2024-12-04,2024-12-17
2025-01-03,2025-01-02,2025-01-03,70.712,10,2024-12-17,2024-12-31,73.718,10,2024-12-16,2024-12-31,73.555,10,2024-12-17,2024-12-31
2025-01-17,2025-01-16,2025-01-17,75.993,10,2024-12-31,2025-01-15,79.21,10,2025-01-02,2025-01-15,77.796,10,2025-01-02,2025-01-15
2025-02-06,2025-02-06,2025-02-06,73.449,10,2025-01-23,2025-02-05,77.197,10,2025-01-23,2025-02-05,78.976,10,2025-01-23,2025-02-05
2025-02-20,2025-02-19,2025-02-20,71.976,10,2025-02-04,2025-02-18,75.626,10,2025-02-05,2025-02-18,77.06,10,2025-02-05,2025-02-18
2025-03-06,2025-03-05,2025-03-06,70.295,10,2025-02-19,2025-03-04,74.459,10,2025-02-19,2025-03-04,75.801,10,2025-02-19,2025-03-04
2025-03-20,2025-03-19,2025-03-20,67.055,10,2025-03-05,2025-03-18,71.606,10,2025-03-05,2025-03-18,72.828,10,2025-03-05,2025-03-18
2025-04-03,2025-04-02,2025-04-03,69.698,10,2025-03-19,2025-04-01,74.395,10,2025-03-19,2025-04-01,75.578,10,2025-03-19,2025-04-01
2025-04-18,2025-04-17,2025-04-18,62.266,10,2025-04-03,2025-04-16,67.309,10,2025-04-03,2025-04-16,67.84,10,2025-04-03,2025-04-16
2025-04-30,2025-04-30,2025-04-30,63.295,10,2025-04-15,2025-04-29,67.288,10,2025-04-14,2025-04-29,68.731,10,2025-04-15,2025-04-29
2025-05-20,2025-05-19,2025-05-20,62.167,10,2025-05-05,2025-05-16,63.841,10,2025-05-02,2025-05-16,63.389,10,2025-05-05,2025-05-16
2025-06-04,2025-06-03,2025-06-04,62.686,10,2025-05-19,2025-06-02,65.483,10,2025-05-19,2025-06-02,64.199,10,2025-05-20,2025-06-02
2025-06-18,2025-06-17,2025-06-18,67.269,10,2025-06-03,2025-06-16,69.965,10,2025-06-03,2025-06-16,67.733,10,2025-06-03,2025-06-16
2025-07-02,2025-07-01,2025-07-02,69.995,10,2025-06-16,2025-06-30,73.414,10,2025-06-17,2025-06-30,72.26,10,2025-06-17,2025-06-30
2025-07-16,2025-07-15,2025-07-16,68.365,10,2025-06-30,2025-07-14,70.971,10,2025-07-01,2025-07-14,70.362,10,2025-07-01,2025-07-14
2025-07-29,2025-07-29,2025-07-29,67.553,10,2025-07-15,2025-07-28,70.362,10,2025-07-15,2025-07-28,70.588,10,2025-07-15,2025-07-28
2025-08-12,2025-08-12,2025-08-12,67.389,10,2025-07-29,2025-08-11,69.936,10,2025-07-29,2025-08-11,71.74,10,2025-07-29,2025-08-11
2025-08-27,2025-08-26,2025-08-27,64.257,10,2025-08-12,2025-08-25,67.494,10,2025-08-11,2025-08-22,69.136,10,2025-08-12,2025-08-25
2025-09-09,2025-09-09,2025-09-09,64.153,10,2025-08-25,2025-09-08,67.079,10,2025-08-26,2025-09-08,70.442,10,2025-08-26,2025-09-08
2025-09-23,2025-09-23,2025-09-23,63.559,10,2025-09-09,2025-09-22,67.922,10,2025-09-09,2025-09-22,70.572,10,2025-09-09,2025-09-22
2025-10-14,2025-10-13,2025-10-14,62.345,10,2025-09-29,2025-10-10,66.901,10,2025-09-29,2025-10-10,67.17,10,2025-09-29,2025-10-10
2025-10-28,2025-10-27,2025-10-28,59.595,10,2025-10-10,2025-10-24,62.79,10,2025-10-13,2025-10-24,63.901,10,2025-10-13,2025-10-24
2025-11-11,2025-11-10,2025-11-11,61.182,10,2025-10-27,2025-11-07,64.661,10,2025-10-27,2025-11-07,65.935,10,2025-10-27,2025-11-07
2025-11-25,2025-11-24,2025-11-25,60.256,10,2025-11-07,2025-11-21,63.256,10,2025-11-10,2025-11-21,64.545,10,2025-11-10,2025-11-21
2025-12-09,2025-12-08,2025-12-09,59.103,10,2025-11-21,2025-12-05,64.179,10,2025-11-24,2025-12-05,63.552,10,2025-11-24,2025-12-05
2025-12-23,2025-12-22,2025-12-23,57.298,10,2025-12-08,2025-12-19,61.715,10,2025-12-08,2025-12-19,61.018,10,2025-12-08,2025-12-19
2026-01-06,2026-01-06,2026-01-06,57.71,10,2025-12-19,2026-01-05,62.339,10,2025-12-18,2026-01-05,60.838,10,2025-12-19,2026-01-05
2026-01-21,2026-01-20,2026-01-21,58.839,10,2026-01-05,2026-01-16,65.352,10,2026-01-06,2026-01-19,61.303,10,2026-01-06,2026-01-19
2026-02-04,2026-02-03,2026-02-04,61.674,10,2026-01-20,2026-02-02,68.787,10,2026-01-20,2026-02-02,64.204,10,2026-01-20,2026-02-02
2026-02-25,2026-02-24,2026-02-25,64.723,10,2026-02-09,2026-02-23,71.247,10,2026-02-10,2026-02-23,68.106,10,2026-02-10,2026-02-23
2026-03-10,2026-03-09,2026-03-10,72.118,10,2026-02-23,2026-03-06,78.319,10,2026-02-23,2026-03-06,77.672,10,2026-02-23,2026-03-06
2026-03-24,2026-03-23,2026-03-24,93.959,10,2026-03-09,2026-03-20,103.777,10,2026-03-09,2026-03-20,125.659,10,2026-03-09,2026-03-20
2026-04-08,2026-04-07,2026-04-08,100.815,10,2026-03-23,2026-04-06,117.037,10,2026-03-20,2026-04-02,123.192,10,2026-03-23,2026-04-06
2026-04-22,2026-04-21,2026-04-22,96.897,10,2026-04-07,2026-04-20,117.398,10,2026-04-07,2026-04-20,107.016,10,2026-04-07,2026-04-20
2026-05-09,2026-05-08,2026-05-09,102.368,10,2026-04-21,2026-05-04,114.626,10,2026-04-20,2026-05-01,112.562,10,2026-04-24,2026-05-07
