month,cpi_yoy,cpi_mom,ppi_yoy,usd_cny_avg,brent_month_avg_usd_per_barrel,cpi_target,source,assumption_flag,crude_production_ton,crude_import_ton,crude_export_ton,crude_processing_ton,crude_import_value_usd,crude_import_avg_usd_per_ton,source_oil,assumption_flag_oil,year,gasoline_consumption_ton,diesel_consumption_ton,gasoline_weight,diesel_weight,data_frequency,source_product,assumption_flag_product,energy_imputation_flag,energy_imputation_note,omega_gasoline,omega_diesel,oil_import_dependency,brent_pressure_h,crude_processing_ma12,processing_shortage_b,energy_dependency_pressure,energy_security_A_raw
2016-01-01,0.018,0.005,-0.053,6.566425806451613,31.353548387096776,0.03,NBS/AkShare CPI-PPI local CSV; local USD-CNY daily CSV averaged by month; FRED/EIA Brent daily averaged by month,0,17373400.0,26690000.0,,44905700.0,7526209000.0,281.986099662795,China customs import volume/value local CSV; NBS/AskCI crude output and processing local CSV; crude export unavailable,0,2016,10960800.0,14744800.0,0.42639736088634383,0.5736026391136562,monthly,NBS/AskCI monthly output used as apparent-consumption proxy; import/export unavailable,1,1,crude_production_ton: Jan-Feb filled with same-year March; crude_processing_ton: Jan-Feb filled with same-year March; gasoline_consumption_ton: Jan-Feb filled with same-year March; diesel_consumption_ton: Jan-Feb filled with same-year March,0.42639736088634383,0.5736026391136562,0.6057181243390206,0.0,,0.0,0.0,0.0
2016-02-01,0.023,0.016,-0.049,6.550841379310345,32.36448275862069,0.03,NBS/AkShare CPI-PPI local CSV; local USD-CNY daily CSV averaged by month; FRED/EIA Brent daily averaged by month,0,17373400.0,31800000.0,,44905700.0,7373263000.0,231.8636163522013,China customs import volume/value local CSV; NBS/AskCI crude output and processing local CSV; crude export unavailable,0,2016,10960800.0,14744800.0,0.42639736088634383,0.5736026391136562,monthly,NBS/AskCI monthly output used as apparent-consumption proxy; import/export unavailable,1,1,crude_production_ton: Jan-Feb filled with same-year March; crude_processing_ton: Jan-Feb filled with same-year March; gasoline_consumption_ton: Jan-Feb filled with same-year March; diesel_consumption_ton: Jan-Feb filled with same-year March,0.42639736088634383,0.5736026391136562,0.6466910972192282,0.0,,0.0,0.0,0.0
2016-03-01,0.023,-0.004,-0.043,6.500816129032258,38.32838709677419,0.03,NBS/AkShare CPI-PPI local CSV; local USD-CNY daily CSV averaged by month; FRED/EIA Brent daily averaged by month,0,17373400.0,32610000.0,,44905700.0,7711843000.0,236.48705918429928,China customs import volume/value local CSV; NBS/AskCI crude output and processing local CSV; crude export unavailable,0,2016,10960800.0,14744800.0,0.42639736088634383,0.5736026391136562,monthly,NBS/AskCI monthly output used as apparent-consumption proxy; import/export unavailable,1,0,,0.42639736088634383,0.5736026391136562,0.6524166023119675,0.0,44905700.0,0.0,0.0,0.0
2016-04-01,0.023,-0.002,-0.034,6.476183333333333,41.45766666666667,0.03,NBS/AkShare CPI-PPI local CSV; local USD-CNY daily CSV averaged by month; FRED/EIA Brent daily averaged by month,0,16587000.0,32580000.0,,44750000.0,8705697000.0,267.2098526703499,China customs import volume/value local CSV; NBS/AskCI crude output and processing local CSV; crude export unavailable,0,2016,10901000.0,14614000.0,0.42723887909073094,0.572761120909269,monthly,NBS/AskCI monthly output used as apparent-consumption proxy; import/export unavailable,1,0,,0.42723887909073094,0.572761120909269,0.662639575324913,0.0,44866775.0,0.0026027054540915806,0.0,0.0026027054540915806
2016-05-01,0.02,-0.005,-0.0279999999999999,6.527412903225806,46.93161290322581,0.03,NBS/AkShare CPI-PPI local CSV; local USD-CNY daily CSV averaged by month; FRED/EIA Brent daily averaged by month,0,16871000.0,32240000.0,,44229000.0,9401429000.0,291.6075992555831,China customs import volume/value local CSV; NBS/AskCI crude output and processing local CSV; crude export unavailable,0,2016,10566000.0,14522000.0,0.4211575255102041,0.5788424744897959,monthly,NBS/AskCI monthly output used as apparent-consumption proxy; import/export unavailable,1,0,,0.4211575255102041,0.5788424744897959,0.6564720734662296,0.0,44739220.0,0.011404311474361828,0.0,0.011404311474361828
2016-06-01,0.019,-0.001,-0.026,6.586943333333333,48.14533333333333,0.03,NBS/AkShare CPI-PPI local CSV; local USD-CNY daily CSV averaged by month; FRED/EIA Brent daily averaged by month,0,16579000.0,30620000.0,,45075000.0,9836361000.0,321.239745264533,China customs import volume/value local CSV; NBS/AskCI crude output and processing local CSV; crude export unavailable,0,2016,11005000.0,14573000.0,0.4302525607944327,0.5697474392055673,monthly,NBS/AskCI monthly output used as apparent-consumption proxy; import/export unavailable,1,0,,0.4302525607944327,0.5697474392055673,0.6487425581050446,0.0,44795183.333333336,0.0,0.0,0.0
2016-07-01,0.018,0.002,-0.017,6.67358064516129,44.86612903225806,0.03,NBS/AkShare CPI-PPI local CSV; local USD-CNY daily CSV averaged by month; FRED/EIA Brent daily averaged by month,0,16723000.0,31070000.0,,45319000.0,10612173000.0,341.5569037656904,China customs import volume/value local CSV; NBS/AskCI crude output and processing local CSV; crude export unavailable,0,2016,10542000.0,14735000.0,0.4170589864303517,0.5829410135696483,monthly,NBS/AskCI monthly output used as apparent-consumption proxy; import/export unavailable,1,0,,0.4170589864303517,0.5829410135696483,0.6500952022262675,0.0,44870014.28571428,0.0,0.0,0.0
2016-08-01,0.013,0.001,-0.008,6.647838709677419,46.053870967741936,0.03,NBS/AkShare CPI-PPI local CSV; local USD-CNY daily CSV averaged by month; FRED/EIA Brent daily averaged by month,0,16449000.0,32850000.0,,44276000.0,10714236000.0,326.1563470319635,China customs import volume/value local CSV; NBS/AskCI crude output and processing local CSV; crude export unavailable,0,2016,10533000.0,14428000.0,0.4219782861263571,0.5780217138736429,monthly,NBS/AskCI monthly output used as apparent-consumption proxy; import/export unavailable,1,0,,0.4219782861263571,0.5780217138736429,0.6663421164729507,0.0,44795762.5,0.011602939005670443,0.0,0.011602939005670443
2016-09-01,0.019,0.0069999999999999,0.001,6.671526666666667,46.56966666666666,0.03,NBS/AkShare CPI-PPI local CSV; local USD-CNY daily CSV averaged by month; FRED/EIA Brent daily averaged by month,0,15975000.0,33060000.0,,43799000.0,10513215000.0,318.0040834845735,China customs import volume/value local CSV; NBS/AskCI crude output and processing local CSV; crude export unavailable,0,2016,10118000.0,14384000.0,0.4129458819688189,0.5870541180311811,monthly,NBS/AskCI monthly output used as apparent-consumption proxy; import/export unavailable,1,0,,0.4129458819688189,0.5870541180311811,0.6742122973386356,0.0,44685011.11111111,0.019827926391424833,0.0,0.019827926391424833
2016-10-01,0.021,-0.001,0.012,6.725383870967741,49.39645161290323,0.03,NBS/AkShare CPI-PPI local CSV; local USD-CNY daily CSV averaged by month; FRED/EIA Brent daily averaged by month,0,16051000.0,28790000.0,,47050000.0,9400850000.0,326.5317818687044,China customs import volume/value local CSV; NBS/AskCI crude output and processing local CSV; crude export unavailable,0,2016,11193000.0,15547000.0,0.41858638743455495,0.581413612565445,monthly,NBS/AskCI monthly output used as apparent-consumption proxy; import/export unavailable,1,0,,0.41858638743455495,0.581413612565445,0.6420463415178074,0.0,44921510.0,0.0,0.0,0.0
2016-11-01,0.023,0.001,0.033,6.84118,44.498333333333335,0.03,NBS/AkShare CPI-PPI local CSV; local USD-CNY daily CSV averaged by month; FRED/EIA Brent daily averaged by month,0,16090000.0,32350000.0,,45774000.0,11215136000.0,346.6811746522411,China customs import volume/value local CSV; NBS/AskCI crude output and processing local CSV; crude export unavailable,0,2016,10605000.0,15268000.0,0.4098867545317513,0.5901132454682487,monthly,NBS/AskCI monthly output used as apparent-consumption proxy; import/export unavailable,1,0,,0.4098867545317513,0.5901132454682487,0.6678364987613542,0.0,44999009.09090909,0.0,0.0,0.0
2016-12-01,0.021,0.002,0.055,6.921864516129032,53.362258064516126,0.03,NBS/AkShare CPI-PPI local CSV; local USD-CNY daily CSV averaged by month; FRED/EIA Brent daily averaged by month,0,16772000.0,36380000.0,,47822000.0,12297887000.0,338.0397746014294,China customs import volume/value local CSV; NBS/AskCI crude output and processing local CSV; crude export unavailable,0,2016,11234000.0,15846000.0,0.41484490398818313,0.5851550960118168,monthly,NBS/AskCI monthly output used as apparent-consumption proxy; import/export unavailable,1,0,,0.41484490398818313,0.5851550960118168,0.6844521372667068,0.0,45234258.333333336,0.0,0.0,0.0
2017-01-01,0.025,0.01,0.069,6.893448387096774,54.71774193548387,0.03,NBS/AkShare CPI-PPI local CSV; local USD-CNY daily CSV averaged by month; FRED/EIA Brent daily averaged by month,0,16575000.0,34030000.0,,47505000.0,12968866000.0,381.1009697325889,China customs import volume/value local CSV; NBS/AskCI crude output and processing local CSV; crude export unavailable,0,2017,11236000.0,15559000.0,0.4193319649188281,0.5806680350811718,monthly,NBS/AskCI monthly output used as apparent-consumption proxy; import/export unavailable,1,1,crude_production_ton: Jan-Feb filled with same-year March; crude_processing_ton: Jan-Feb filled with same-year March; gasoline_consumption_ton: Jan-Feb filled with same-year March; diesel_consumption_ton: Jan-Feb filled with same-year March,0.4193319649188281,0.5806680350811718,0.6724631953364292,0.0,45450866.666666664,0.0,0.0,0.0
2017-02-01,0.008,-0.002,0.078,6.868753571428571,54.9275,0.03,NBS/AkShare CPI-PPI local CSV; local USD-CNY daily CSV averaged by month; FRED/EIA Brent daily averaged by month,0,16575000.0,31780000.0,,47505000.0,12491899000.0,393.0742290748898,China customs import volume/value local CSV; NBS/AskCI crude output and processing local CSV; crude export unavailable,0,2017,11236000.0,15559000.0,0.4193319649188281,0.5806680350811718,monthly,NBS/AskCI monthly output used as apparent-consumption proxy; import/export unavailable,1,1,crude_production_ton: Jan-Feb filled with same-year March; crude_processing_ton: Jan-Feb filled with same-year March; gasoline_consumption_ton: Jan-Feb filled with same-year March; diesel_consumption_ton: Jan-Feb filled with same-year March,0.4193319649188281,0.5806680350811718,0.6572226243408127,0.0,45667475.0,0.0,0.0,0.0
2017-03-01,0.009,-0.003,0.076,6.894303225806452,51.520967741935486,0.03,NBS/AkShare CPI-PPI local CSV; local USD-CNY daily CSV averaged by month; FRED/EIA Brent daily averaged by month,0,16575000.0,38950000.0,,47505000.0,15357543000.0,394.2886521181001,China customs import volume/value local CSV; NBS/AskCI crude output and processing local CSV; crude export unavailable,0,2017,11236000.0,15559000.0,0.4193319649188281,0.5806680350811718,monthly,NBS/AskCI monthly output used as apparent-consumption proxy; import/export unavailable,1,0,,0.4193319649188281,0.5806680350811718,0.7014858171994597,0.0,45884083.333333336,0.0,0.0,0.0
2017-04-01,0.012,0.001,0.064,6.887636666666666,52.35533333333333,0.03,NBS/AkShare CPI-PPI local CSV; local USD-CNY daily CSV averaged by month; FRED/EIA Brent daily averaged by month,0,15990000.0,34390000.0,,44452000.0,13063184000.0,379.8541436464088,China customs import volume/value local CSV; NBS/AskCI crude output and processing local CSV; crude export unavailable,0,2017,10463000.0,14550000.0,0.41830248270899134,0.5816975172910087,monthly,NBS/AskCI monthly output used as apparent-consumption proxy; import/export unavailable,1,0,,0.41830248270899134,0.5816975172910087,0.6826121476776499,0.0,45859250.0,0.03068628466448975,0.0,0.03068628466448975
2017-05-01,0.015,-0.001,0.055,6.8831225806451615,50.251935483870966,0.03,NBS/AkShare CPI-PPI local CSV; local USD-CNY daily CSV averaged by month; FRED/EIA Brent daily averaged by month,0,16263000.0,37200000.0,,46621000.0,14133347000.0,379.9286827956989,China customs import volume/value local CSV; NBS/AskCI crude output and processing local CSV; crude export unavailable,0,2017,11135000.0,15149000.0,0.42364175924516817,0.5763582407548319,monthly,NBS/AskCI monthly output used as apparent-consumption proxy; import/export unavailable,1,0,,0.42364175924516817,0.5763582407548319,0.695808316031648,0.0,46058583.333333336,0.0,0.0,0.0
2017-06-01,0.015,-0.002,0.055,6.808126666666666,46.33266666666667,0.03,NBS/AkShare CPI-PPI local CSV; local USD-CNY daily CSV averaged by month; FRED/EIA Brent daily averaged by month,0,16212000.0,36110000.0,,46079000.0,13108543000.0,363.01697590695096,China customs import volume/value local CSV; NBS/AskCI crude output and processing local CSV; crude export unavailable,0,2017,11020000.0,15116000.0,0.42164064891337616,0.5783593510866238,monthly,NBS/AskCI monthly output used as apparent-consumption proxy; import/export unavailable,1,0,,0.42164064891337616,0.5783593510866238,0.6901494591185352,0.0,46142250.0,0.0013707610703855844,0.0,0.0013707610703855844
2017-07-01,0.0139999999999999,0.001,0.055,6.771177419354839,48.38290322580645,0.03,NBS/AkShare CPI-PPI local CSV; local USD-CNY daily CSV averaged by month; FRED/EIA Brent daily averaged by month,0,16249000.0,34740000.0,,45497000.0,11865583000.0,341.5539147956246,China customs import volume/value local CSV; NBS/AskCI crude output and processing local CSV; crude export unavailable,0,2017,10583000.0,14765000.0,0.4175082846772921,0.5824917153227079,monthly,NBS/AskCI monthly output used as apparent-consumption proxy; import/export unavailable,1,0,,0.4175082846772921,0.5824917153227079,0.6813234226990135,0.0,46157083.333333336,0.01430080251315713,0.0,0.01430080251315713
2017-08-01,0.018,0.004,0.063,6.669377419354839,51.70193548387097,0.03,NBS/AkShare CPI-PPI local CSV; local USD-CNY daily CSV averaged by month; FRED/EIA Brent daily averaged by month,0,15957000.0,33980000.0,,47122000.0,11766552000.0,346.2787522071807,China customs import volume/value local CSV; NBS/AskCI crude output and processing local CSV; crude export unavailable,0,2017,10776000.0,14886000.0,0.419920505026888,0.580079494973112,monthly,NBS/AskCI monthly output used as apparent-consumption proxy; import/export unavailable,1,0,,0.419920505026888,0.580079494973112,0.6804573762941306,0.0,46394250.0,0.0,0.0,0.0
2017-09-01,0.016,0.005,0.069,6.5644366666666665,56.01033333333333,0.03,NBS/AkShare CPI-PPI local CSV; local USD-CNY daily CSV averaged by month; FRED/EIA Brent daily averaged by month,0,15529000.0,37010000.0,,49342000.0,13602554000.0,367.53726019994593,China customs import volume/value local CSV; NBS/AskCI crude output and processing local CSV; crude export unavailable,0,2017,11459000.0,15976000.0,0.417678148350647,0.582321851649353,monthly,NBS/AskCI monthly output used as apparent-consumption proxy; import/export unavailable,1,0,,0.417678148350647,0.582321851649353,0.7044290907706656,0.0,46856166.666666664,0.0,0.0,0.0
2017-10-01,0.019,0.001,0.069,6.627103225806452,57.5158064516129,0.03,NBS/AkShare CPI-PPI local CSV; local USD-CNY daily CSV averaged by month; FRED/EIA Brent daily averaged by month,0,16006000.0,31030000.0,,50510000.0,12135541000.0,391.090589751853,China customs import volume/value local CSV; NBS/AskCI crude output and processing local CSV; crude export unavailable,0,2017,11661000.0,16442000.0,0.41493790698501937,0.5850620930149806,monthly,NBS/AskCI monthly output used as apparent-consumption proxy; import/export unavailable,1,0,,0.41493790698501937,0.5850620930149806,0.6597074581171868,0.0,47144500.0,0.0,0.0,0.0
2017-11-01,0.017,0.0,0.0579999999999999,6.62143,62.703,0.03,NBS/AkShare CPI-PPI local CSV; local USD-CNY daily CSV averaged by month; FRED/EIA Brent daily averaged by month,0,15699000.0,37040000.0,,49429000.0,14133347000.0,381.569843412527,China customs import volume/value local CSV; NBS/AskCI crude output and processing local CSV; crude export unavailable,0,2017,11428000.0,15922000.0,0.41784277879341863,0.5821572212065813,monthly,NBS/AskCI monthly output used as apparent-consumption proxy; import/export unavailable,1,0,,0.41784277879341863,0.5821572212065813,0.7023265515083714,0.0,47449083.333333336,0.0,0.0,0.0
2017-12-01,0.018,0.003,0.049,6.589880645161291,64.49935483870968,0.03,NBS/AkShare CPI-PPI local CSV; local USD-CNY daily CSV averaged by month; FRED/EIA Brent daily averaged by month,0,15984000.0,33700000.0,,49111000.0,14927609000.0,442.9557566765579,China customs import volume/value local CSV; NBS/AskCI crude output and processing local CSV; crude export unavailable,0,2017,11140000.0,15932000.0,0.4114952718676123,0.5885047281323877,monthly,NBS/AskCI monthly output used as apparent-consumption proxy; import/export unavailable,1,0,,0.4114952718676123,0.5885047281323877,0.678286772401578,0.0,47556500.0,0.0,0.0,0.0
2018-01-01,0.015,0.006,0.043,6.425496774193549,69.00032258064518,0.03,NBS/AkShare CPI-PPI local CSV; local USD-CNY daily CSV averaged by month; FRED/EIA Brent daily averaged by month,0,15956000.0,40640000.0,,51513000.0,18768200000.0,461.8159448818898,China customs import volume/value local CSV; NBS/AskCI crude output and processing local CSV; crude export unavailable,0,2018,11884000.0,15605000.0,0.4323183818982138,0.5676816181017862,monthly,NBS/AskCI monthly output used as apparent-consumption proxy; import/export unavailable,1,1,crude_production_ton: Jan-Feb filled with same-year March; crude_processing_ton: Jan-Feb filled with same-year March; gasoline_consumption_ton: Jan-Feb filled with same-year March; diesel_consumption_ton: Jan-Feb filled with same-year March,0.4323183818982138,0.5676816181017862,0.7180719485476006,0.0,47890500.0,0.0,0.0,0.0
2018-02-01,0.0289999999999999,0.012,0.037,6.319114285714286,65.3575,0.03,NBS/AkShare CPI-PPI local CSV; local USD-CNY daily CSV averaged by month; FRED/EIA Brent daily averaged by month,0,15956000.0,32260000.0,,51513000.0,15792200000.0,489.5288282703038,China customs import volume/value local CSV; NBS/AskCI crude output and processing local CSV; crude export unavailable,0,2018,11884000.0,15605000.0,0.4323183818982138,0.5676816181017862,monthly,NBS/AskCI monthly output used as apparent-consumption proxy; import/export unavailable,1,1,crude_production_ton: Jan-Feb filled with same-year March; crude_processing_ton: Jan-Feb filled with same-year March; gasoline_consumption_ton: Jan-Feb filled with same-year March; diesel_consumption_ton: Jan-Feb filled with same-year March,0.4323183818982138,0.5676816181017862,0.6690725070516012,0.0,48224500.0,0.0,0.0,0.0
2018-03-01,0.021,-0.011,0.031,6.318687096774194,66.15193548387097,0.03,NBS/AkShare CPI-PPI local CSV; local USD-CNY daily CSV averaged by month; FRED/EIA Brent daily averaged by month,0,15956000.0,39170000.0,,51513000.0,18292800000.0,467.0104671942813,China customs import volume/value local CSV; NBS/AskCI crude output and processing local CSV; crude export unavailable,0,2018,11884000.0,15605000.0,0.4323183818982138,0.5676816181017862,monthly,NBS/AskCI monthly output used as apparent-consumption proxy; import/export unavailable,1,0,,0.4323183818982138,0.5676816181017862,0.710554003555491,0.0,48558500.0,0.0,0.0,0.0
2018-04-01,0.018,-0.002,0.034,6.29701,71.98133333333334,0.03,NBS/AkShare CPI-PPI local CSV; local USD-CNY daily CSV averaged by month; FRED/EIA Brent daily averaged by month,0,15510000.0,39460000.0,,49584000.0,18670600000.0,473.15255955397873,China customs import volume/value local CSV; NBS/AskCI crude output and processing local CSV; crude export unavailable,0,2018,11481000.0,14825000.0,0.4364403558123622,0.5635596441876378,monthly,NBS/AskCI monthly output used as apparent-consumption proxy; import/export unavailable,1,0,,0.4364403558123622,0.5635596441876378,0.7178460978715663,0.0,48986166.666666664,0.0,0.0,0.0
2018-05-01,0.018,-0.002,0.0409999999999999,6.369364516129032,76.83967741935484,0.03,NBS/AkShare CPI-PPI local CSV; local USD-CNY daily CSV averaged by month; FRED/EIA Brent daily averaged by month,0,15973000.0,39050000.0,,50660000.0,19963700000.0,511.2343149807938,China customs import volume/value local CSV; NBS/AskCI crude output and processing local CSV; crude export unavailable,0,2018,11455000.0,15144000.0,0.4306552877927742,0.5693447122072258,monthly,NBS/AskCI monthly output used as apparent-consumption proxy; import/export unavailable,1,0,,0.4306552877927742,0.5693447122072258,0.7097032150191738,0.0,49322750.0,0.0,0.0,0.0
2018-06-01,0.019,-0.001,0.047,6.463603333333333,74.354,0.03,NBS/AkShare CPI-PPI local CSV; local USD-CNY daily CSV averaged by month; FRED/EIA Brent daily averaged by month,0,15846000.0,34350000.0,,49779000.0,18637800000.0,542.5851528384279,China customs import volume/value local CSV; NBS/AskCI crude output and processing local CSV; crude export unavailable,0,2018,11428000.0,14831000.0,0.4352031684374881,0.5647968315625119,monthly,NBS/AskCI monthly output used as apparent-consumption proxy; import/export unavailable,1,0,,0.4352031684374881,0.5647968315625119,0.6843174754960555,0.0,49631083.333333336,0.0,0.0,0.0
2018-07-01,0.021,0.003,0.046,6.713216129032258,74.28612903225806,0.03,NBS/AkShare CPI-PPI local CSV; local USD-CNY daily CSV averaged by month; FRED/EIA Brent daily averaged by month,0,15855000.0,36020000.0,,50750000.0,19342400000.0,536.9905607995559,China customs import volume/value local CSV; NBS/AskCI crude output and processing local CSV; crude export unavailable,0,2018,11889000.0,14458000.0,0.4512468212699738,0.5487531787300262,monthly,NBS/AskCI monthly output used as apparent-consumption proxy; import/export unavailable,1,0,,0.4512468212699738,0.5487531787300262,0.6943614457831325,0.0,50068833.333333336,0.0,0.0,0.0
2018-08-01,0.023,0.0069999999999999,0.0409999999999999,6.8435,72.39387096774193,0.03,NBS/AkShare CPI-PPI local CSV; local USD-CNY daily CSV averaged by month; FRED/EIA Brent daily averaged by month,0,15997000.0,38380000.0,,50315000.0,20519100000.0,534.6300156331423,China customs import volume/value local CSV; NBS/AskCI crude output and processing local CSV; crude export unavailable,0,2018,11463000.0,14545000.0,0.44074900030759767,0.5592509996924023,monthly,NBS/AskCI monthly output used as apparent-consumption proxy; import/export unavailable,1,0,,0.44074900030759767,0.5592509996924023,0.7058131195174431,0.0,50334916.666666664,0.00039568291725922133,0.0,0.00039568291725922133
2018-09-01,0.025,0.0069999999999999,0.036,6.8534266666666666,78.72600000000001,0.03,NBS/AkShare CPI-PPI local CSV; local USD-CNY daily CSV averaged by month; FRED/EIA Brent daily averaged by month,0,15176000.0,37210000.0,,51341000.0,19944500000.0,535.9983875302338,China customs import volume/value local CSV; NBS/AskCI crude output and processing local CSV; crude export unavailable,0,2018,11721000.0,14535000.0,0.44641224862888484,0.5535877513711152,monthly,NBS/AskCI monthly output used as apparent-consumption proxy; import/export unavailable,1,0,,0.44641224862888484,0.5535877513711152,0.710304279769404,0.0,50501500.0,0.0,0.0,0.0
2018-10-01,0.025,0.002,0.033,6.916254838709677,80.99870967741936,0.03,NBS/AkShare CPI-PPI local CSV; local USD-CNY daily CSV averaged by month; FRED/EIA Brent daily averaged by month,0,16089000.0,40800000.0,,52784000.0,22939800000.0,562.25,China customs import volume/value local CSV; NBS/AskCI crude output and processing local CSV; crude export unavailable,0,2018,12398000.0,14926000.0,0.4537403015663885,0.5462596984336114,monthly,NBS/AskCI monthly output used as apparent-consumption proxy; import/export unavailable,1,0,,0.4537403015663885,0.5462596984336114,0.7171860992458999,0.01997419354838712,50691000.0,0.0,0.01432521395655038,0.01432521395655038
2018-11-01,0.022,-0.003,0.027,6.935726666666667,65.022,0.03,NBS/AkShare CPI-PPI local CSV; local USD-CNY daily CSV averaged by month; FRED/EIA Brent daily averaged by month,0,15534000.0,42870000.0,,50457000.0,24156800000.0,563.4896197807325,China customs import volume/value local CSV; NBS/AskCI crude output and processing local CSV; crude export unavailable,0,2018,12009000.0,14674000.0,0.4500618371247611,0.5499381628752389,monthly,NBS/AskCI monthly output used as apparent-consumption proxy; import/export unavailable,1,0,,0.4500618371247611,0.5499381628752389,0.7340250667762482,0.0,50776666.666666664,0.006295542572047452,0.0,0.006295542572047452
2018-12-01,0.019,0.0,0.009,6.8896612903225805,56.20903225806452,0.03,NBS/AkShare CPI-PPI local CSV; local USD-CNY daily CSV averaged by month; FRED/EIA Brent daily averaged by month,0,16333000.0,43780000.0,,51169000.0,21303600000.0,486.6057560529922,China customs import volume/value local CSV; NBS/AskCI crude output and processing local CSV; crude export unavailable,0,2018,11889000.0,14720000.0,0.4468037130294261,0.5531962869705739,monthly,NBS/AskCI monthly output used as apparent-consumption proxy; import/export unavailable,1,0,,0.4468037130294261,0.5531962869705739,0.7282950443331725,0.0,50948166.666666664,0.0,0.0,0.0
2019-01-01,0.017,0.005,0.001,6.788158064516129,59.1741935483871,0.03,NBS/AkShare CPI-PPI local CSV; local USD-CNY daily CSV averaged by month; FRED/EIA Brent daily averaged by month,0,16542000.0,42600000.0,,53037000.0,18678800000.0,438.46948356807513,China customs import volume/value local CSV; NBS/AskCI crude output and processing local CSV; crude export unavailable,0,2019,12070000.0,13685000.0,0.46864686468646866,0.5313531353135313,monthly,NBS/AskCI monthly output used as apparent-consumption proxy; import/export unavailable,1,1,crude_production_ton: Jan-Feb filled with same-year March; crude_processing_ton: Jan-Feb filled with same-year March; gasoline_consumption_ton: Jan-Feb filled with same-year March; diesel_consumption_ton: Jan-Feb filled with same-year March,0.46864686468646866,0.5313531353135313,0.7203002942071625,0.0,51075166.666666664,0.0,0.0,0.0
2019-02-01,0.015,0.01,0.001,6.739753571428572,63.95678571428572,0.03,NBS/AkShare CPI-PPI local CSV; local USD-CNY daily CSV averaged by month; FRED/EIA Brent daily averaged by month,0,16542000.0,39230000.0,,53037000.0,17234800000.0,439.3270456283457,China customs import volume/value local CSV; NBS/AskCI crude output and processing local CSV; crude export unavailable,0,2019,12070000.0,13685000.0,0.46864686468646866,0.5313531353135313,monthly,NBS/AskCI monthly output used as apparent-consumption proxy; import/export unavailable,1,1,crude_production_ton: Jan-Feb filled with same-year March; crude_processing_ton: Jan-Feb filled with same-year March; gasoline_consumption_ton: Jan-Feb filled with same-year March; diesel_consumption_ton: Jan-Feb filled with same-year March,0.46864686468646866,0.5313531353135313,0.7033995553324248,0.0,51202166.666666664,0.0,0.0,0.0
2019-03-01,0.023,-0.004,0.004,6.712296774193549,66.07451612903226,0.03,NBS/AkShare CPI-PPI local CSV; local USD-CNY daily CSV averaged by month; FRED/EIA Brent daily averaged by month,0,16542000.0,39340000.0,,53037000.0,18563200000.0,471.8657854600915,China customs import volume/value local CSV; NBS/AskCI crude output and processing local CSV; crude export unavailable,0,2019,12070000.0,13685000.0,0.46864686468646866,0.5313531353135313,monthly,NBS/AskCI monthly output used as apparent-consumption proxy; import/export unavailable,1,0,,0.46864686468646866,0.5313531353135313,0.7039833935793278,0.0,51329166.666666664,0.0,0.0,0.0
2019-04-01,0.025,0.001,0.009,6.71535,71.10300000000001,0.03,NBS/AkShare CPI-PPI local CSV; local USD-CNY daily CSV averaged by month; FRED/EIA Brent daily averaged by month,0,15711000.0,43730000.0,,52103000.0,21486500000.0,491.344614680997,China customs import volume/value local CSV; NBS/AskCI crude output and processing local CSV; crude export unavailable,0,2019,11582000.0,13207000.0,0.46722336520230745,0.5327766347976925,monthly,NBS/AskCI monthly output used as apparent-consumption proxy; import/export unavailable,1,0,,0.46722336520230745,0.5327766347976925,0.7356874884339093,0.0,51539083.333333336,0.0,0.0,0.0
2019-05-01,0.027,0.0,0.006,6.8512,71.22483870967741,0.03,NBS/AkShare CPI-PPI local CSV; local USD-CNY daily CSV averaged by month; FRED/EIA Brent daily averaged by month,0,16230000.0,40230000.0,,51899000.0,21071400000.0,523.7733035048471,China customs import volume/value local CSV; NBS/AskCI crude output and processing local CSV; crude export unavailable,0,2019,11682000.0,13181000.0,0.46985480432771587,0.5301451956722841,monthly,NBS/AskCI monthly output used as apparent-consumption proxy; import/export unavailable,1,0,,0.46985480432771587,0.5301451956722841,0.7125398512221042,0.0,51642333.333333336,0.0,0.0,0.0
2019-06-01,0.027,-0.001,0.0,6.89623,64.64833333333334,0.03,NBS/AkShare CPI-PPI local CSV; local USD-CNY daily CSV averaged by month; FRED/EIA Brent daily averaged by month,0,16100000.0,39580000.0,,53695000.0,20173561000.0,509.69077817079335,China customs import volume/value local CSV; NBS/AskCI crude output and processing local CSV; crude export unavailable,0,2019,11173000.0,13005000.0,0.4621143188022169,0.5378856811977831,monthly,NBS/AskCI monthly output used as apparent-consumption proxy; import/export unavailable,1,0,,0.4621143188022169,0.5378856811977831,0.7108477011494253,0.0,51968666.666666664,0.0,0.0,0.0
2019-07-01,0.0279999999999999,0.004,-0.003,6.8789870967741935,63.83548387096774,0.03,NBS/AkShare CPI-PPI local CSV; local USD-CNY daily CSV averaged by month; FRED/EIA Brent daily averaged by month,0,16287000.0,41040000.0,,52595000.0,19603669000.0,477.672246588694,China customs import volume/value local CSV; NBS/AskCI crude output and processing local CSV; crude export unavailable,0,2019,11403000.0,13560000.0,0.4567960581660858,0.5432039418339142,monthly,NBS/AskCI monthly output used as apparent-consumption proxy; import/export unavailable,1,0,,0.4567960581660858,0.5432039418339142,0.7158930346956931,0.0,52122416.666666664,0.0,0.0,0.0
2019-08-01,0.0279999999999999,0.0069999999999999,-0.008,7.058238709677419,59.10387096774193,0.03,NBS/AkShare CPI-PPI local CSV; local USD-CNY daily CSV averaged by month; FRED/EIA Brent daily averaged by month,0,16182000.0,42170000.0,,54003000.0,19793204000.0,469.3669433246384,China customs import volume/value local CSV; NBS/AskCI crude output and processing local CSV; crude export unavailable,0,2019,11500000.0,13514000.0,0.45974254417526184,0.5402574558247382,monthly,NBS/AskCI monthly output used as apparent-consumption proxy; import/export unavailable,1,0,,0.45974254417526184,0.5402574558247382,0.7226830271455992,0.0,52429750.0,0.0,0.0,0.0
2019-09-01,0.03,0.009,-0.012,7.11285,62.696000000000005,0.03,NBS/AkShare CPI-PPI local CSV; local USD-CNY daily CSV averaged by month; FRED/EIA Brent daily averaged by month,0,15643000.0,41240000.0,,56486000.0,18546378000.0,449.7181862269641,China customs import volume/value local CSV; NBS/AskCI crude output and processing local CSV; crude export unavailable,0,2019,11969000.0,14450000.0,0.45304515689465913,0.5469548431053408,monthly,NBS/AskCI monthly output used as apparent-consumption proxy; import/export unavailable,1,0,,0.45304515689465913,0.5469548431053408,0.7249969235096602,0.0,52858500.0,0.0,0.0,0.0
2019-10-01,0.038,0.009,-0.016,7.095458064516129,59.89935483870968,0.03,NBS/AkShare CPI-PPI local CSV; local USD-CNY daily CSV averaged by month; FRED/EIA Brent daily averaged by month,0,16113000.0,45510000.0,,57835000.0,20731412000.0,455.5353109206768,China customs import volume/value local CSV; NBS/AskCI crude output and processing local CSV; crude export unavailable,0,2019,12517000.0,14744000.0,0.45915410293092696,0.540845897069073,monthly,NBS/AskCI monthly output used as apparent-consumption proxy; import/export unavailable,1,0,,0.45915410293092696,0.540845897069073,0.7385229540918163,0.0,53279416.666666664,0.0,0.0,0.0
2019-11-01,0.045,0.004,-0.0139999999999999,7.019646666666668,63.08633333333333,0.03,NBS/AkShare CPI-PPI local CSV; local USD-CNY daily CSV averaged by month; FRED/EIA Brent daily averaged by month,0,15704000.0,45740000.0,,56080000.0,20894994000.0,456.8210319195453,China customs import volume/value local CSV; NBS/AskCI crude output and processing local CSV; crude export unavailable,0,2019,11857000.0,14404000.0,0.4515060355660485,0.5484939644339515,monthly,NBS/AskCI monthly output used as apparent-consumption proxy; import/export unavailable,1,0,,0.4515060355660485,0.5484939644339515,0.7444176811405507,0.0,53748000.0,0.0,0.0,0.0
2019-12-01,0.045,0.0,-0.005,7.012335483870968,67.36580645161291,0.03,NBS/AkShare CPI-PPI local CSV; local USD-CNY daily CSV averaged by month; FRED/EIA Brent daily averaged by month,0,16065000.0,45480000.0,,58509000.0,21929200000.0,482.1723834652594,China customs import volume/value local CSV; NBS/AskCI crude output and processing local CSV; crude export unavailable,0,2019,12223000.0,14694000.0,0.4540996396329457,0.5459003603670542,monthly,NBS/AskCI monthly output used as apparent-consumption proxy; import/export unavailable,1,0,,0.4540996396329457,0.5459003603670542,0.7389714842797953,0.0,54359666.666666664,0.0,0.0,0.0
2020-01-01,0.054,0.0139999999999999,0.001,6.916822580645162,64.07903225806452,0.035,NBS/AkShare CPI-PPI local CSV; local USD-CNY daily CSV averaged by month; FRED/EIA Brent daily averaged by month,0,16563000.0,65785000.0,,50037000.0,32056821000.0,486.0881780260435,China customs import volume/value local CSV; NBS/AskCI crude output and processing local CSV; crude export unavailable,0,2020,9430000.0,12380000.0,0.432370472260431,0.567629527739569,monthly,NBS/AskCI monthly output used as apparent-consumption proxy; import/export unavailable,1,1,crude_production_ton: Jan-Feb filled with same-year March; crude_processing_ton: Jan-Feb filled with same-year March; gasoline_consumption_ton: Jan-Feb filled with same-year March; diesel_consumption_ton: Jan-Feb filled with same-year March; crude_import_ton: internal linear interpolation; crude_import_value_usd: internal linear interpolation; crude_import_avg_usd_per_ton: internal linear interpolation,0.432370472260431,0.567629527739569,0.7988657890902026,0.0,54109666.666666664,0.07526689624158345,0.0,0.07526689624158345
2020-02-01,0.052,0.008,-0.004,6.992051724137931,55.896206896551725,0.035,NBS/AkShare CPI-PPI local CSV; local USD-CNY daily CSV averaged by month; FRED/EIA Brent daily averaged by month,0,16563000.0,86090000.0,,50037000.0,42184442000.0,490.0039725868277,China customs import volume/value local CSV; NBS/AskCI crude output and processing local CSV; crude export unavailable,0,2020,9430000.0,12380000.0,0.432370472260431,0.567629527739569,monthly,NBS/AskCI monthly output used as apparent-consumption proxy; import/export unavailable,1,1,crude_production_ton: Jan-Feb filled with same-year March; crude_processing_ton: Jan-Feb filled with same-year March; gasoline_consumption_ton: Jan-Feb filled with same-year March; diesel_consumption_ton: Jan-Feb filled with same-year March,0.432370472260431,0.567629527739569,0.838650599592803,0.0,53859666.666666664,0.07097456971512384,0.0,0.07097456971512384
2020-03-01,0.043,-0.012,-0.015,7.022396774193548,32.48838709677419,0.035,NBS/AkShare CPI-PPI local CSV; local USD-CNY daily CSV averaged by month; FRED/EIA Brent daily averaged by month,0,16563000.0,41100000.0,,50037000.0,16738643000.0,407.2662530413625,China customs import volume/value local CSV; NBS/AskCI crude output and processing local CSV; crude export unavailable,0,2020,9430000.0,12380000.0,0.432370472260431,0.567629527739569,monthly,NBS/AskCI monthly output used as apparent-consumption proxy; import/export unavailable,1,0,,0.432370472260431,0.567629527739569,0.7127620831382342,0.0,53609666.666666664,0.06664221004918258,0.0,0.06664221004918258
2020-04-01,0.033,-0.009,-0.031,7.070426666666666,18.94633333333333,0.035,NBS/AkShare CPI-PPI local CSV; local USD-CNY daily CSV averaged by month; FRED/EIA Brent daily averaged by month,0,15874700.0,40430000.0,,53850000.0,10887905000.0,269.3026218154836,China customs import volume/value local CSV; NBS/AskCI crude output and processing local CSV; crude export unavailable,0,2020,10040000.0,13386000.0,0.4285836250320157,0.5714163749679843,monthly,NBS/AskCI monthly output used as apparent-consumption proxy; import/export unavailable,1,0,,0.4285836250320157,0.5714163749679843,0.7180572847382191,0.0,53755250.0,0.0,0.0,0.0
2020-05-01,0.024,-0.008,-0.037,7.101790322580645,29.01516129032258,0.035,NBS/AkShare CPI-PPI local CSV; local USD-CNY daily CSV averaged by month; FRED/EIA Brent daily averaged by month,0,16456000.0,47970000.0,,57904000.0,9468574000.0,197.38532416093392,China customs import volume/value local CSV; NBS/AskCI crude output and processing local CSV; crude export unavailable,0,2020,10194000.0,13213000.0,0.4355107446490366,0.5644892553509634,monthly,NBS/AskCI monthly output used as apparent-consumption proxy; import/export unavailable,1,0,,0.4355107446490366,0.5644892553509634,0.744575171514606,0.0,54255666.666666664,0.0,0.0,0.0
2020-06-01,0.025,-0.001,-0.03,7.08053,40.385,0.035,NBS/AkShare CPI-PPI local CSV; local USD-CNY daily CSV averaged by month; FRED/EIA Brent daily averaged by month,0,16242000.0,5210000.0,,57872000.0,2739377000.0,525.7921305182342,China customs import volume/value local CSV; NBS/AskCI crude output and processing local CSV; crude export unavailable,0,2020,10696000.0,14543000.0,0.4237885811640715,0.5762114188359285,monthly,NBS/AskCI monthly output used as apparent-consumption proxy; import/export unavailable,1,0,,0.4237885811640715,0.5762114188359285,0.24286779787432408,0.0,54603750.0,0.0,0.0,0.0
2020-07-01,0.027,0.006,-0.024,7.009758064516129,43.24483870967742,0.035,NBS/AkShare CPI-PPI local CSV; local USD-CNY daily CSV averaged by month; FRED/EIA Brent daily averaged by month,0,16463000.0,51290000.0,,59561000.0,14341352000.0,279.6130239812829,China customs import volume/value local CSV; NBS/AskCI crude output and processing local CSV; crude export unavailable,0,2020,11784000.0,15108000.0,0.4381972333779563,0.5618027666220438,monthly,NBS/AskCI monthly output used as apparent-consumption proxy; import/export unavailable,1,0,,0.4381972333779563,0.5618027666220438,0.7570144495446696,0.0,55184250.0,0.0,0.0,0.0
2020-08-01,0.024,0.004,-0.02,6.929529032258065,44.59290322580645,0.035,NBS/AkShare CPI-PPI local CSV; local USD-CNY daily CSV averaged by month; FRED/EIA Brent daily averaged by month,0,16651000.0,47480000.0,,59474000.0,14922926000.0,314.299199663016,China customs import volume/value local CSV; NBS/AskCI crude output and processing local CSV; crude export unavailable,0,2020,11904000.0,14232000.0,0.4554637281910009,0.5445362718089991,monthly,NBS/AskCI monthly output used as apparent-consumption proxy; import/export unavailable,1,0,,0.4554637281910009,0.5445362718089991,0.7403595764918682,0.0,55640166.666666664,0.0,0.0,0.0
2020-09-01,0.017,0.002,-0.021,6.813006666666666,40.865,0.035,NBS/AkShare CPI-PPI local CSV; local USD-CNY daily CSV averaged by month; FRED/EIA Brent daily averaged by month,0,16096000.0,1000000.0,,57351000.0,1010198000.0,1010.198,China customs import volume/value local CSV; NBS/AskCI crude output and processing local CSV; crude export unavailable,0,2020,11956000.0,13224000.0,0.4748212867355044,0.5251787132644956,monthly,NBS/AskCI monthly output used as apparent-consumption proxy; import/export unavailable,1,0,,0.4748212867355044,0.5251787132644956,0.0584932147870847,0.0,55712250.0,0.0,0.0,0.0
2020-10-01,0.005,-0.003,-0.021,6.720964516129032,40.124516129032266,0.035,NBS/AkShare CPI-PPI local CSV; local USD-CNY daily CSV averaged by month; FRED/EIA Brent daily averaged by month,0,16412000.0,42560000.0,,59817000.0,13275237000.0,311.91816259398496,China customs import volume/value local CSV; NBS/AskCI crude output and processing local CSV; crude export unavailable,0,2020,11902000.0,13297000.0,0.4723203301718322,0.5276796698281678,monthly,NBS/AskCI monthly output used as apparent-consumption proxy; import/export unavailable,1,0,,0.4723203301718322,0.5276796698281678,0.7216984331547175,0.0,55877416.666666664,0.0,0.0,0.0
2020-11-01,-0.005,-0.006,-0.015,6.600106666666666,42.446333333333335,0.035,NBS/AkShare CPI-PPI local CSV; local USD-CNY daily CSV averaged by month; FRED/EIA Brent daily averaged by month,0,15965000.0,2800000.0,,58350000.0,422030000.0,150.725,China customs import volume/value local CSV; NBS/AskCI crude output and processing local CSV; crude export unavailable,0,2020,11740000.0,12987000.0,0.4747846483600922,0.5252153516399078,monthly,NBS/AskCI monthly output used as apparent-consumption proxy; import/export unavailable,1,0,,0.4747846483600922,0.5252153516399078,0.14921396216360244,0.0,56066583.333333336,0.0,0.0,0.0
2020-12-01,0.002,0.0069999999999999,-0.004,6.539141935483872,50.163225806451614,0.035,NBS/AkShare CPI-PPI local CSV; local USD-CNY daily CSV averaged by month; FRED/EIA Brent daily averaged by month,0,16268000.0,38470000.0,,60000000.0,12453600000.0,323.72238107616323,China customs import volume/value local CSV; NBS/AskCI crude output and processing local CSV; crude export unavailable,0,2020,11711000.0,13010000.0,0.4737267909874196,0.5262732090125803,monthly,NBS/AskCI monthly output used as apparent-consumption proxy; import/export unavailable,1,0,,0.4737267909874196,0.5262732090125803,0.7028024407176002,0.0,56190833.333333336,0.0,0.0,0.0
2021-01-01,-0.003,0.01,0.003,6.473235483870968,54.53870967741936,0.03,NBS/AkShare CPI-PPI local CSV; local USD-CNY daily CSV averaged by month; FRED/EIA Brent daily averaged by month,0,17094000.0,44590000.0,,59791000.0,16128347000.0,361.7032294236376,China customs import volume/value local CSV; NBS/AskCI crude output and processing local CSV; crude export unavailable,0,2021,12380000.0,13161000.0,0.4847108570533652,0.5152891429466349,monthly,NBS/AskCI monthly output used as apparent-consumption proxy; import/export unavailable,1,1,crude_production_ton: Jan-Feb filled with same-year March; crude_processing_ton: Jan-Feb filled with same-year March; gasoline_consumption_ton: Jan-Feb filled with same-year March; diesel_consumption_ton: Jan-Feb filled with same-year March,0.4847108570533652,0.5152891429466349,0.7228778937812075,0.0,57003666.666666664,0.0,0.0,0.0
2021-02-01,-0.002,0.006,0.017,6.46075,62.38678571428572,0.03,NBS/AkShare CPI-PPI local CSV; local USD-CNY daily CSV averaged by month; FRED/EIA Brent daily averaged by month,0,0.0,44980000.0,,0.0,17833656000.0,396.4796798577145,China customs import volume/value local CSV; NBS/AskCI crude output and processing local CSV; crude export unavailable,0,2021,0.0,0.0,,,monthly,NBS/AskCI monthly output used as apparent-consumption proxy; import/export unavailable,1,0,,,,1.0,0.0,52833916.666666664,1.0,0.0,1.0
2021-03-01,0.004,-0.005,0.044,6.511432258064516,65.72935483870968,0.03,NBS/AkShare CPI-PPI local CSV; local USD-CNY daily CSV averaged by month; FRED/EIA Brent daily averaged by month,0,17094000.0,49660000.0,,59791000.0,22678849000.0,456.68242045912206,China customs import volume/value local CSV; NBS/AskCI crude output and processing local CSV; crude export unavailable,0,2021,12380000.0,13161000.0,0.4847108570533652,0.5152891429466349,monthly,NBS/AskCI monthly output used as apparent-consumption proxy; import/export unavailable,1,0,,0.4847108570533652,0.5152891429466349,0.7439254576504779,0.0,53646750.0,0.0,0.0,0.0
2021-04-01,0.009,-0.003,0.068,6.522443333333333,64.62566666666666,0.03,NBS/AkShare CPI-PPI local CSV; local USD-CNY daily CSV averaged by month; FRED/EIA Brent daily averaged by month,0,16407000.0,40360000.0,,57904000.0,18393301000.0,455.730946481665,China customs import volume/value local CSV; NBS/AskCI crude output and processing local CSV; crude export unavailable,0,2021,11802000.0,12524000.0,0.4851599112061169,0.5148400887938831,monthly,NBS/AskCI monthly output used as apparent-consumption proxy; import/export unavailable,1,0,,0.4851599112061169,0.5148400887938831,0.7109764475839837,0.0,53984583.333333336,0.0,0.0,0.0
2021-05-01,0.013,-0.002,0.09,6.428909677419354,68.47741935483872,0.03,NBS/AkShare CPI-PPI local CSV; local USD-CNY daily CSV averaged by month; FRED/EIA Brent daily averaged by month,0,17028000.0,40950000.0,,60501000.0,20398821000.0,498.139706959707,China customs import volume/value local CSV; NBS/AskCI crude output and processing local CSV; crude export unavailable,0,2021,12716000.0,12724000.0,0.49984276729559746,0.5001572327044025,monthly,NBS/AskCI monthly output used as apparent-consumption proxy; import/export unavailable,1,0,,0.49984276729559746,0.5001572327044025,0.7063023905619373,0.0,54201000.0,0.0,0.0,0.0
2021-06-01,0.011,-0.004,0.088,6.424903333333333,73.18033333333332,0.03,NBS/AkShare CPI-PPI local CSV; local USD-CNY daily CSV averaged by month; FRED/EIA Brent daily averaged by month,0,16668000.0,40120000.0,,60820000.0,20718896000.0,516.4231306081755,China customs import volume/value local CSV; NBS/AskCI crude output and processing local CSV; crude export unavailable,0,2021,13185000.0,13251000.0,0.49875170222423965,0.5012482977757603,monthly,NBS/AskCI monthly output used as apparent-consumption proxy; import/export unavailable,1,0,,0.49875170222423965,0.5012482977757603,0.7064872860463478,0.0,54446666.666666664,0.0,0.0,0.0
2021-07-01,0.01,0.003,0.09,6.47596129032258,75.4616129032258,0.03,NBS/AkShare CPI-PPI local CSV; local USD-CNY daily CSV averaged by month; FRED/EIA Brent daily averaged by month,0,16872000.0,41170000.0,,59056000.0,22086762000.0,536.477094972067,China customs import volume/value local CSV; NBS/AskCI crude output and processing local CSV; crude export unavailable,0,2021,13742000.0,13215000.0,0.5097748265756575,0.49022517342434246,monthly,NBS/AskCI monthly output used as apparent-consumption proxy; import/export unavailable,1,0,,0.5097748265756575,0.49022517342434246,0.7093139450742566,0.0,54404583.333333336,0.0,0.0,0.0
2021-08-01,0.008,0.001,0.095,6.4778548387096775,70.80806451612904,0.03,NBS/AkShare CPI-PPI local CSV; local USD-CNY daily CSV averaged by month; FRED/EIA Brent daily averaged by month,0,17028000.0,44530000.0,,58345000.0,24272519000.0,545.0823938917583,China customs import volume/value local CSV; NBS/AskCI crude output and processing local CSV; crude export unavailable,0,2021,13446000.0,13145000.0,0.5056598097100523,0.49434019028994775,monthly,NBS/AskCI monthly output used as apparent-consumption proxy; import/export unavailable,1,0,,0.5056598097100523,0.49434019028994775,0.72338282595276,0.0,54310500.0,0.0,0.0,0.0
2021-09-01,0.0069999999999999,0.0,0.107,6.45639,74.463,0.03,NBS/AkShare CPI-PPI local CSV; local USD-CNY daily CSV averaged by month; FRED/EIA Brent daily averaged by month,0,16610000.0,41040000.0,,56072000.0,21958769000.0,535.0577241715399,China customs import volume/value local CSV; NBS/AskCI crude output and processing local CSV; crude export unavailable,0,2021,12957000.0,12915000.0,0.5008116883116883,0.4991883116883117,monthly,NBS/AskCI monthly output used as apparent-consumption proxy; import/export unavailable,1,0,,0.5008116883116883,0.4991883116883117,0.7118820468343452,0.0,54203916.666666664,0.0,0.0,0.0
2021-10-01,0.015,0.0069999999999999,0.135,6.419590322580644,83.34967741935485,0.03,NBS/AkShare CPI-PPI local CSV; local USD-CNY daily CSV averaged by month; FRED/EIA Brent daily averaged by month,0,16826000.0,37660000.0,,58399000.0,20988613000.0,557.3184545937333,China customs import volume/value local CSV; NBS/AskCI crude output and processing local CSV; crude export unavailable,0,2021,13134000.0,14520000.0,0.47494033412887826,0.5250596658711217,monthly,NBS/AskCI monthly output used as apparent-consumption proxy; import/export unavailable,1,0,,0.47494033412887826,0.5250596658711217,0.6911867268656169,0.06699354838709695,54085750.0,0.0,0.04630505143079087,0.04630505143079087
2021-11-01,0.023,0.004,0.129,6.388850000000001,80.63266666666667,0.03,NBS/AkShare CPI-PPI local CSV; local USD-CNY daily CSV averaged by month; FRED/EIA Brent daily averaged by month,0,16311000.0,41780000.0,,59643000.0,24964338000.0,597.518860698899,China customs import volume/value local CSV; NBS/AskCI crude output and processing local CSV; crude export unavailable,0,2021,13510000.0,16454000.0,0.4508743825924443,0.5491256174075557,monthly,NBS/AskCI monthly output used as apparent-consumption proxy; import/export unavailable,1,0,,0.4508743825924443,0.5491256174075557,0.7192164018522663,0.012653333333333308,54193500.0,0.0,0.009100484871437326,0.009100484871437326
2021-12-01,0.015,-0.003,0.103,6.370148387096775,74.06,0.03,NBS/AkShare CPI-PPI local CSV; local USD-CNY daily CSV averaged by month; FRED/EIA Brent daily averaged by month,0,16468000.0,46140000.0,,58732000.0,26908286000.0,583.1878196792371,China customs import volume/value local CSV; NBS/AskCI crude output and processing local CSV; crude export unavailable,0,2021,13535000.0,16862000.0,0.44527420469125245,0.5547257953087475,monthly,NBS/AskCI monthly output used as apparent-consumption proxy; import/export unavailable,1,0,,0.44527420469125245,0.5547257953087475,0.7369665218502428,0.0,54087833.333333336,0.0,0.0,0.0
2022-01-01,0.009,0.004,0.091,6.356954838709677,86.2074193548387,0.03,NBS/AkShare CPI-PPI local CSV; local USD-CNY daily CSV averaged by month; FRED/EIA Brent daily averaged by month,0,17713000.0,48800000.0,,58585000.0,27957581000.0,572.90125,China customs import volume/value local CSV; NBS/AskCI crude output and processing local CSV; crude export unavailable,0,2022,13723000.0,15537000.0,0.469002050580998,0.530997949419002,monthly,NBS/AskCI monthly output used as apparent-consumption proxy; import/export unavailable,1,1,crude_production_ton: Jan-Feb filled with same-year March; crude_processing_ton: Jan-Feb filled with same-year March; gasoline_consumption_ton: Jan-Feb filled with same-year March; diesel_consumption_ton: Jan-Feb filled with same-year March,0.469002050580998,0.530997949419002,0.7336911581194654,0.12414838709677412,53987333.333333336,0.0,0.0910865739076959,0.0910865739076959
2022-02-01,0.009,0.006,0.088,6.341664285714286,97.1707142857143,0.03,NBS/AkShare CPI-PPI local CSV; local USD-CNY daily CSV averaged by month; FRED/EIA Brent daily averaged by month,0,17713000.0,36340000.0,,58585000.0,22715786000.0,625.090423775454,China customs import volume/value local CSV; NBS/AskCI crude output and processing local CSV; crude export unavailable,0,2022,13723000.0,15537000.0,0.469002050580998,0.530997949419002,monthly,NBS/AskCI monthly output used as apparent-consumption proxy; import/export unavailable,1,1,crude_production_ton: Jan-Feb filled with same-year March; crude_processing_ton: Jan-Feb filled with same-year March; gasoline_consumption_ton: Jan-Feb filled with same-year March; diesel_consumption_ton: Jan-Feb filled with same-year March,0.469002050580998,0.530997949419002,0.6723031099106432,0.34341428571428595,58869416.666666664,0.004831314505409523,0.23087849227345664,0.23570980677886616
2022-03-01,0.015,0.0,0.083,6.344951612903226,117.88903225806452,0.03,NBS/AkShare CPI-PPI local CSV; local USD-CNY daily CSV averaged by month; FRED/EIA Brent daily averaged by month,0,17713000.0,42710000.0,,58585000.0,30216853000.0,707.4889487239523,China customs import volume/value local CSV; NBS/AskCI crude output and processing local CSV; crude export unavailable,0,2022,13723000.0,15537000.0,0.469002050580998,0.530997949419002,monthly,NBS/AskCI monthly output used as apparent-consumption proxy; import/export unavailable,1,0,,0.469002050580998,0.530997949419002,0.7068500405474737,0.7577806451612904,58768916.666666664,0.0031294888028960965,0.5356372797583488,0.538766768561245
2022-04-01,0.021,0.004,0.08,6.428520000000001,105.45633333333332,0.03,NBS/AkShare CPI-PPI local CSV; local USD-CNY daily CSV averaged by month; FRED/EIA Brent daily averaged by month,0,16996000.0,43030000.0,,51810000.0,34225627000.0,795.3898907738787,China customs import volume/value local CSV; NBS/AskCI crude output and processing local CSV; crude export unavailable,0,2022,11055000.0,14266000.0,0.43659413135342207,0.5634058686465779,monthly,NBS/AskCI monthly output used as apparent-consumption proxy; import/export unavailable,1,0,,0.43659413135342207,0.5634058686465779,0.7168560290540765,0.5091266666666664,58261083.333333336,0.1107271434762771,0.3649705205522049,0.475697664028482
2022-05-01,0.021,-0.002,0.064,6.699048387096775,113.49709677419354,0.03,NBS/AkShare CPI-PPI local CSV; local USD-CNY daily CSV averaged by month; FRED/EIA Brent daily averaged by month,0,17567000.0,45830000.0,,53917000.0,35228590000.0,768.6796857953306,China customs import volume/value local CSV; NBS/AskCI crude output and processing local CSV; crude export unavailable,0,2022,11605000.0,14678000.0,0.4415401590381616,0.5584598409618384,monthly,NBS/AskCI monthly output used as apparent-consumption proxy; import/export unavailable,1,0,,0.4415401590381616,0.5584598409618384,0.7229048693155827,0.6699419354838707,57712416.666666664,0.06576429971020092,0.48430428731999614,0.5500685870301971
2022-06-01,0.025,0.0,0.061,6.69526,122.61766666666668,0.03,NBS/AkShare CPI-PPI local CSV; local USD-CNY daily CSV averaged by month; FRED/EIA Brent daily averaged by month,0,17195000.0,35820000.0,,54939000.0,28591402000.0,798.1965940815187,China customs import volume/value local CSV; NBS/AskCI crude output and processing local CSV; crude export unavailable,0,2022,11662000.0,14388000.0,0.4476775431861804,0.5523224568138195,monthly,NBS/AskCI monthly output used as apparent-consumption proxy; import/export unavailable,1,0,,0.4476775431861804,0.5523224568138195,0.6756578326888616,0.8523533333333336,57222333.333333336,0.039902835140125936,0.575899205885127,0.6158020410252529
2022-07-01,0.027,0.005,0.042,6.731990322580645,112.1883870967742,0.03,NBS/AkShare CPI-PPI local CSV; local USD-CNY daily CSV averaged by month; FRED/EIA Brent daily averaged by month,0,17126000.0,37330000.0,,53210000.0,30177133000.0,808.3882400214305,China customs import volume/value local CSV; NBS/AskCI crude output and processing local CSV; crude export unavailable,0,2022,11852000.0,13864000.0,0.460880385752061,0.539119614247939,monthly,NBS/AskCI monthly output used as apparent-consumption proxy; import/export unavailable,1,0,,0.460880385752061,0.539119614247939,0.6855075657411488,0.6437677419354841,56735166.666666664,0.062133714832951936,0.4413076576768698,0.5034413725098217
2022-08-01,0.025,-0.001,0.023,6.799929032258064,100.4558064516129,0.03,NBS/AkShare CPI-PPI local CSV; local USD-CNY daily CSV averaged by month; FRED/EIA Brent daily averaged by month,0,16941000.0,40350000.0,,53659000.0,30506004000.0,756.0347955390334,China customs import volume/value local CSV; NBS/AskCI crude output and processing local CSV; crude export unavailable,0,2022,12037000.0,14037000.0,0.4616476183170975,0.5383523816829026,monthly,NBS/AskCI monthly output used as apparent-consumption proxy; import/export unavailable,1,0,,0.4616476183170975,0.5383523816829026,0.7042991045713987,0.409116129032258,56344666.666666664,0.047664966811410636,0.2881401233431361,0.33580509015454674
2022-09-01,0.0279999999999999,0.003,0.009,7.005543333333334,89.71566666666668,0.03,NBS/AkShare CPI-PPI local CSV; local USD-CNY daily CSV averaged by month; FRED/EIA Brent daily averaged by month,0,16809000.0,40240000.0,,56807000.0,28841925000.0,716.7476391650099,China customs import volume/value local CSV; NBS/AskCI crude output and processing local CSV; crude export unavailable,0,2022,11997000.0,17147000.0,0.41164562174032393,0.5883543782596761,monthly,NBS/AskCI monthly output used as apparent-consumption proxy; import/export unavailable,1,0,,0.41164562174032393,0.5883543782596761,0.7053585514207085,0.19431333333333356,56405916.666666664,0.0,0.1370605713217294,0.1370605713217294
2022-10-01,0.021,0.001,-0.013,7.184522580645162,93.31903225806452,0.03,NBS/AkShare CPI-PPI local CSV; local USD-CNY daily CSV averaged by month; FRED/EIA Brent daily averaged by month,0,17222000.0,43140000.0,,58616000.0,29843581000.0,691.7844459898007,China customs import volume/value local CSV; NBS/AskCI crude output and processing local CSV; crude export unavailable,0,2022,12362000.0,18829000.0,0.39633227533583404,0.603667724664166,monthly,NBS/AskCI monthly output used as apparent-consumption proxy; import/export unavailable,1,0,,0.39633227533583404,0.603667724664166,0.7146880487724064,0.2663806451612905,56424000.0,0.0,0.1903790635210575,0.1903790635210575
2022-11-01,0.016,-0.002,-0.013,7.183319999999999,91.58666666666666,0.03,NBS/AkShare CPI-PPI local CSV; local USD-CNY daily CSV averaged by month; FRED/EIA Brent daily averaged by month,0,16783000.0,46740000.0,,59612000.0,31585999000.0,675.7808943089431,China customs import volume/value local CSV; NBS/AskCI crude output and processing local CSV; crude export unavailable,0,2022,11737000.0,19014000.0,0.3816786445969237,0.6183213554030763,monthly,NBS/AskCI monthly output used as apparent-consumption proxy; import/export unavailable,1,0,,0.3816786445969237,0.6183213554030763,0.7357964831635786,0.23173333333333318,56421416.666666664,0.0,0.17050857169843983,0.17050857169843983
2022-12-01,0.018,0.0,-0.0069999999999999,6.972845161290322,81.20387096774193,0.03,NBS/AkShare CPI-PPI local CSV; local USD-CNY daily CSV averaged by month; FRED/EIA Brent daily averaged by month,0,16869000.0,48070000.0,,59879000.0,30731777000.0,639.3130226752652,China customs import volume/value local CSV; NBS/AskCI crude output and processing local CSV; crude export unavailable,0,2022,11514000.0,19354000.0,0.3730076454580796,0.6269923545419205,monthly,NBS/AskCI monthly output used as apparent-consumption proxy; import/export unavailable,1,0,,0.3730076454580796,0.6269923545419205,0.7402331418716026,0.024077419354838696,56517000.0,0.0,0.017822903777192384,0.017822903777192384
2023-01-01,0.021,0.008,-0.008,6.791106451612904,82.66096774193548,0.03,NBS/AkShare CPI-PPI local CSV; local USD-CNY daily CSV averaged by month; FRED/EIA Brent daily averaged by month,0,18183000.0,43330000.0,,63291000.0,25719541000.0,593.5735287329794,China customs import volume/value local CSV; NBS/AskCI crude output and processing local CSV; crude export unavailable,0,2023,13332000.0,18535000.0,0.4183638246461857,0.5816361753538143,monthly,NBS/AskCI monthly output used as apparent-consumption proxy; import/export unavailable,1,1,crude_production_ton: Jan-Feb filled with same-year March; crude_processing_ton: Jan-Feb filled with same-year March; gasoline_consumption_ton: Jan-Feb filled with same-year March; diesel_consumption_ton: Jan-Feb filled with same-year March,0.4183638246461857,0.5816361753538143,0.7044039471331264,0.05321935483870959,56909166.666666664,0.0,0.03748792361226549,0.03748792361226549
2023-02-01,0.01,-0.005,-0.0139999999999999,6.842782142857144,82.46000000000001,0.03,NBS/AkShare CPI-PPI local CSV; local USD-CNY daily CSV averaged by month; FRED/EIA Brent daily averaged by month,0,18183000.0,40740000.0,,63291000.0,23798091000.0,584.1455817378497,China customs import volume/value local CSV; NBS/AskCI crude output and processing local CSV; crude export unavailable,0,2023,13332000.0,18535000.0,0.4183638246461857,0.5816361753538143,monthly,NBS/AskCI monthly output used as apparent-consumption proxy; import/export unavailable,1,1,crude_production_ton: Jan-Feb filled with same-year March; crude_processing_ton: Jan-Feb filled with same-year March; gasoline_consumption_ton: Jan-Feb filled with same-year March; diesel_consumption_ton: Jan-Feb filled with same-year March,0.4183638246461857,0.5816361753538143,0.6914108242961152,0.04920000000000016,57301333.333333336,0.0,0.03401741255536898,0.03401741255536898
2023-03-01,0.0069999999999999,-0.003,-0.025,6.890806451612904,78.3674193548387,0.03,NBS/AkShare CPI-PPI local CSV; local USD-CNY daily CSV averaged by month; FRED/EIA Brent daily averaged by month,0,18183000.0,52310000.0,,63291000.0,30429611000.0,581.7168992544447,China customs import volume/value local CSV; NBS/AskCI crude output and processing local CSV; crude export unavailable,0,2023,13332000.0,18535000.0,0.4183638246461857,0.5816361753538143,monthly,NBS/AskCI monthly output used as apparent-consumption proxy; import/export unavailable,1,0,,0.4183638246461857,0.5816361753538143,0.7420594952690338,0.0,57693500.0,0.0,0.0,0.0
2023-04-01,0.001,-0.001,-0.036,6.8860166666666665,84.403,0.03,NBS/AkShare CPI-PPI local CSV; local USD-CNY daily CSV averaged by month; FRED/EIA Brent daily averaged by month,0,17277000.0,42410000.0,,61136000.0,24465029000.0,576.8693468521575,China customs import volume/value local CSV; NBS/AskCI crude output and processing local CSV; crude export unavailable,0,2023,13154000.0,18345000.0,0.41760055874789676,0.5823994412521032,monthly,NBS/AskCI monthly output used as apparent-consumption proxy; import/export unavailable,1,0,,0.41760055874789676,0.5823994412521032,0.7105399835810143,0.08806000000000011,58470666.666666664,0.0,0.0625701509541442,0.0625701509541442
2023-05-01,0.002,-0.002,-0.046,6.987551612903226,75.71290322580644,0.03,NBS/AkShare CPI-PPI local CSV; local USD-CNY daily CSV averaged by month; FRED/EIA Brent daily averaged by month,0,18074000.0,51440000.0,,62002000.0,30302574000.0,589.0858087091757,China customs import volume/value local CSV; NBS/AskCI crude output and processing local CSV; crude export unavailable,0,2023,13405000.0,18508000.0,0.42004825619653435,0.5799517438034657,monthly,NBS/AskCI monthly output used as apparent-consumption proxy; import/export unavailable,1,0,,0.42004825619653435,0.5799517438034657,0.739994821187099,0.0,59144416.666666664,0.0,0.0,0.0
2023-06-01,0.0,-0.002,-0.054,7.151303333333333,74.95266666666666,0.03,NBS/AkShare CPI-PPI local CSV; local USD-CNY daily CSV averaged by month; FRED/EIA Brent daily averaged by month,0,17525000.0,52060000.0,,60955000.0,28185714000.0,541.4082597003458,China customs import volume/value local CSV; NBS/AskCI crude output and processing local CSV; crude export unavailable,0,2023,13263000.0,17923000.0,0.4252869877509139,0.5747130122490861,monthly,NBS/AskCI monthly output used as apparent-consumption proxy; import/export unavailable,1,0,,0.4252869877509139,0.5747130122490861,0.7481497449162894,0.0,59645750.0,0.0,0.0,0.0
2023-07-01,-0.003,0.002,-0.044,7.189016129032258,79.99129032258064,0.03,NBS/AkShare CPI-PPI local CSV; local USD-CNY daily CSV averaged by month; FRED/EIA Brent daily averaged by month,0,17313000.0,43690000.0,,63133000.0,23904467000.0,547.1381780727855,China customs import volume/value local CSV; NBS/AskCI crude output and processing local CSV; crude export unavailable,0,2023,14352000.0,17849000.0,0.4457004440855874,0.5542995559144126,monthly,NBS/AskCI monthly output used as apparent-consumption proxy; import/export unavailable,1,0,,0.4457004440855874,0.5542995559144126,0.7161942855269413,0.0,60472666.666666664,0.0,0.0,0.0
2023-08-01,0.001,0.003,-0.03,7.247467741935484,86.25709677419356,0.03,NBS/AkShare CPI-PPI local CSV; local USD-CNY daily CSV averaged by month; FRED/EIA Brent daily averaged by month,0,17471000.0,52800000.0,,64694000.0,30643326000.0,580.3660227272727,China customs import volume/value local CSV; NBS/AskCI crude output and processing local CSV; crude export unavailable,0,2023,14686000.0,18353000.0,0.4445049789642544,0.5554950210357457,monthly,NBS/AskCI monthly output used as apparent-consumption proxy; import/export unavailable,1,0,,0.4445049789642544,0.5554950210357457,0.7513768126254073,0.12514193548387112,61392250.0,0.0,0.09402874860964544,0.09402874860964544
2023-09-01,0.0,0.002,-0.025,7.29558,93.559,0.03,NBS/AkShare CPI-PPI local CSV; local USD-CNY daily CSV averaged by month; FRED/EIA Brent daily averaged by month,0,16872000.0,45740000.0,,63621000.0,28831654000.0,630.3378662002624,China customs import volume/value local CSV; NBS/AskCI crude output and processing local CSV; crude export unavailable,0,2023,14228000.0,18741000.0,0.4315569171039461,0.5684430828960538,monthly,NBS/AskCI monthly output used as apparent-consumption proxy; import/export unavailable,1,0,,0.4315569171039461,0.5684430828960538,0.7305308886475436,0.27118,61960083.333333336,0.0,0.19810536638344084,0.19810536638344084
2023-10-01,-0.002,-0.001,-0.026,7.30671935483871,91.04032258064515,0.03,NBS/AkShare CPI-PPI local CSV; local USD-CNY daily CSV averaged by month; FRED/EIA Brent daily averaged by month,0,17325000.0,48970000.0,,63927000.0,32353560000.0,660.6812334082091,China customs import volume/value local CSV; NBS/AskCI crude output and processing local CSV; crude export unavailable,0,2023,14084000.0,19438000.0,0.4201419963009367,0.5798580036990633,monthly,NBS/AskCI monthly output used as apparent-consumption proxy; import/export unavailable,1,0,,0.4201419963009367,0.5798580036990633,0.7386680745154235,0.22080645161290305,62402666.666666664,0.0,0.1631026764534861,0.1631026764534861
2023-11-01,-0.005,-0.005,-0.03,7.225996666666666,82.97266666666665,0.03,NBS/AkShare CPI-PPI local CSV; local USD-CNY daily CSV averaged by month; FRED/EIA Brent daily averaged by month,0,17201000.0,42450000.0,,59535000.0,27558314000.0,649.1946760895171,China customs import volume/value local CSV; NBS/AskCI crude output and processing local CSV; crude export unavailable,0,2023,12690000.0,17654000.0,0.4182045873978381,0.5817954126021618,monthly,NBS/AskCI monthly output used as apparent-consumption proxy; import/export unavailable,1,0,,0.4182045873978381,0.5817954126021618,0.7116393689963286,0.059453333333333094,62396250.0,0.04585612116112747,0.04230933261806155,0.08816545377918902
2023-12-01,-0.003,0.001,-0.027,7.136790322580645,77.88032258064516,0.03,NBS/AkShare CPI-PPI local CSV; local USD-CNY daily CSV averaged by month; FRED/EIA Brent daily averaged by month,0,17647000.0,48360000.0,,60115000.0,29341623000.0,606.7333126550868,China customs import volume/value local CSV; NBS/AskCI crude output and processing local CSV; crude export unavailable,0,2023,12962000.0,18400000.0,0.41330272304062243,0.5866972769593776,monthly,NBS/AskCI monthly output used as apparent-consumption proxy; import/export unavailable,1,0,,0.41330272304062243,0.5866972769593776,0.7326495674701168,0.0,62415916.666666664,0.036864261386318375,0.0,0.036864261386318375
2024-01-01,-0.008,0.003,-0.025,7.168161290322581,80.15870967741935,0.03,NBS/AkShare CPI-PPI local CSV; local USD-CNY daily CSV averaged by month; FRED/EIA Brent daily averaged by month,0,18371000.0,44170000.0,,63776000.0,25595884000.0,579.4857142857143,China customs import volume/value local CSV; NBS/AskCI crude output and processing local CSV; crude export unavailable,0,2024,14291000.0,18689000.0,0.4333232261976956,0.5666767738023044,monthly,NBS/AskCI monthly output used as apparent-consumption proxy; import/export unavailable,1,1,crude_production_ton: Jan-Feb filled with same-year March; crude_processing_ton: Jan-Feb filled with same-year March; gasoline_consumption_ton: Jan-Feb filled with same-year March; diesel_consumption_ton: Jan-Feb filled with same-year March,0.4333232261976956,0.5666767738023044,0.7062566956076813,0.003174193548387052,62456333.333333336,0.0,0.00224179544670306,0.00224179544670306
2024-02-01,0.0069999999999999,0.01,-0.027,7.19351724137931,83.35862068965517,0.03,NBS/AkShare CPI-PPI local CSV; local USD-CNY daily CSV averaged by month; FRED/EIA Brent daily averaged by month,0,18371000.0,42680000.0,,63776000.0,25692752000.0,601.9857544517338,China customs import volume/value local CSV; NBS/AskCI crude output and processing local CSV; crude export unavailable,0,2024,14291000.0,18689000.0,0.4333232261976956,0.5666767738023044,monthly,NBS/AskCI monthly output used as apparent-consumption proxy; import/export unavailable,1,1,crude_production_ton: Jan-Feb filled with same-year March; crude_processing_ton: Jan-Feb filled with same-year March; gasoline_consumption_ton: Jan-Feb filled with same-year March; diesel_consumption_ton: Jan-Feb filled with same-year March,0.4333232261976956,0.5666767738023044,0.6990876480319733,0.06717241379310337,62496750.0,0.0,0.04695940477125112,0.04695940477125112
2024-03-01,0.001,-0.01,-0.0279999999999999,7.202683870967742,85.33612903225807,0.03,NBS/AkShare CPI-PPI local CSV; local USD-CNY daily CSV averaged by month; FRED/EIA Brent daily averaged by month,0,18371000.0,49050000.0,,63776000.0,29379696000.0,598.9744342507645,China customs import volume/value local CSV; NBS/AskCI crude output and processing local CSV; crude export unavailable,0,2024,14291000.0,18689000.0,0.4333232261976956,0.5666767738023044,monthly,NBS/AskCI monthly output used as apparent-consumption proxy; import/export unavailable,1,0,,0.4333232261976956,0.5666767738023044,0.7275181323326559,0.10672258064516144,62537166.666666664,0.0,0.07764261254868911,0.07764261254868911
2024-04-01,0.003,0.001,-0.025,7.237983333333333,90.085,0.03,NBS/AkShare CPI-PPI local CSV; local USD-CNY daily CSV averaged by month; FRED/EIA Brent daily averaged by month,0,17467000.0,44720000.0,,58788000.0,27919491000.0,624.3177772808586,China customs import volume/value local CSV; NBS/AskCI crude output and processing local CSV; crude export unavailable,0,2024,13323000.0,17270000.0,0.4354917791651685,0.5645082208348315,monthly,NBS/AskCI monthly output used as apparent-consumption proxy; import/export unavailable,1,0,,0.4354917791651685,0.5645082208348315,0.7191213597697268,0.20169999999999988,62341500.0,0.05700055340343113,0.14504677826555382,0.20204733166898495
2024-05-01,0.003,-0.001,-0.0139999999999999,7.233122580645161,81.78999999999999,0.03,NBS/AkShare CPI-PPI local CSV; local USD-CNY daily CSV averaged by month; FRED/EIA Brent daily averaged by month,0,18147000.0,46970000.0,,60517000.0,29722914000.0,632.806344475197,China customs import volume/value local CSV; NBS/AskCI crude output and processing local CSV; crude export unavailable,0,2024,13824000.0,17349000.0,0.44346068713309594,0.5565393128669041,monthly,NBS/AskCI monthly output used as apparent-consumption proxy; import/export unavailable,1,0,,0.44346068713309594,0.5565393128669041,0.7213170139902022,0.03579999999999984,62217750.0,0.02733544687810152,0.025823149100849124,0.053158595978950646
2024-06-01,0.002,-0.002,-0.008,7.254576666666667,82.34400000000001,0.03,NBS/AkShare CPI-PPI local CSV; local USD-CNY daily CSV averaged by month; FRED/EIA Brent daily averaged by month,0,17946000.0,46450000.0,,58318000.0,28239600000.0,607.956942949408,China customs import volume/value local CSV; NBS/AskCI crude output and processing local CSV; crude export unavailable,0,2024,13702000.0,16566000.0,0.4526893088410202,0.5473106911589798,monthly,NBS/AskCI monthly output used as apparent-consumption proxy; import/export unavailable,1,0,,0.4526893088410202,0.5473106911589798,0.7213180942915709,0.046880000000000165,61998000.0,0.05935675344365943,0.03381539226038896,0.09317214570404839
2024-07-01,0.005,0.005,-0.008,7.260803225806452,85.27806451612904,0.03,NBS/AkShare CPI-PPI local CSV; local USD-CNY daily CSV averaged by month; FRED/EIA Brent daily averaged by month,0,17901000.0,42340000.0,,59062000.0,25784596000.0,608.9890410958905,China customs import volume/value local CSV; NBS/AskCI crude output and processing local CSV; crude export unavailable,0,2024,13939000.0,16206000.0,0.4623984076961353,0.5376015923038646,monthly,NBS/AskCI monthly output used as apparent-consumption proxy; import/export unavailable,1,0,,0.4623984076961353,0.5376015923038646,0.702843578293853,0.1055612903225807,61658750.0,0.042114866097674675,0.0741930750196389,0.11630794111731357
2024-08-01,0.006,0.004,-0.018,7.147235483870968,80.34322580645161,0.03,NBS/AkShare CPI-PPI local CSV; local USD-CNY daily CSV averaged by month; FRED/EIA Brent daily averaged by month,0,17835000.0,49100000.0,,59069000.0,29362689000.0,598.0181059063136,China customs import volume/value local CSV; NBS/AskCI crude output and processing local CSV; crude export unavailable,0,2024,13714000.0,16330000.0,0.4564638530155772,0.5435361469844229,monthly,NBS/AskCI monthly output used as apparent-consumption proxy; import/export unavailable,1,0,,0.4564638530155772,0.5435361469844229,0.7335474714275043,0.006864516129032268,61190000.0,0.03466252655662694,0.00503544844902494,0.03969797500565188
2024-09-01,0.004,0.0,-0.0279999999999999,7.072813333333333,74.091,0.03,NBS/AkShare CPI-PPI local CSV; local USD-CNY daily CSV averaged by month; FRED/EIA Brent daily averaged by month,0,17071000.0,45490000.0,,58727000.0,25734732000.0,565.722840184656,China customs import volume/value local CSV; NBS/AskCI crude output and processing local CSV; crude export unavailable,0,2024,13494000.0,16905000.0,0.4438961807954209,0.5561038192045791,monthly,NBS/AskCI monthly output used as apparent-consumption proxy; import/export unavailable,1,0,,0.4438961807954209,0.5561038192045791,0.7271303208068924,0.0,60782166.666666664,0.03381200077873714,0.0,0.03381200077873714
2024-10-01,0.003,-0.003,-0.0289999999999999,7.084403225806452,75.98290322580644,0.03,NBS/AkShare CPI-PPI local CSV; local USD-CNY daily CSV averaged by month; FRED/EIA Brent daily averaged by month,0,17768000.0,44700000.0,,59538000.0,24300929000.0,543.6449440715884,China customs import volume/value local CSV; NBS/AskCI crude output and processing local CSV; crude export unavailable,0,2024,13237000.0,17619000.0,0.4289927404718693,0.5710072595281307,monthly,NBS/AskCI monthly output used as apparent-consumption proxy; import/export unavailable,1,0,,0.4289927404718693,0.5710072595281307,0.7155663699814305,0.0,60416416.666666664,0.014539370507740013,0.0,0.014539370507740013
2024-11-01,0.002,-0.006,-0.025,7.20448,74.32833333333333,0.03,NBS/AkShare CPI-PPI local CSV; local USD-CNY daily CSV averaged by month; FRED/EIA Brent daily averaged by month,0,17248000.0,48520000.0,,58512000.0,26275082000.0,541.5309563066777,China customs import volume/value local CSV; NBS/AskCI crude output and processing local CSV; crude export unavailable,0,2024,12095000.0,17470000.0,0.40909859631320816,0.5909014036867918,monthly,NBS/AskCI monthly output used as apparent-consumption proxy; import/export unavailable,1,0,,0.40909859631320816,0.5909014036867918,0.7377447999026883,0.0,60331166.666666664,0.030153016544792965,0.0,0.030153016544792965
2024-12-01,0.001,0.0,-0.023,7.280945161290322,73.8583870967742,0.03,NBS/AkShare CPI-PPI local CSV; local USD-CNY daily CSV averaged by month; FRED/EIA Brent daily averaged by month,0,17902000.0,49230000.0,,59355000.0,26789635000.0,544.1729636400569,China customs import volume/value local CSV; NBS/AskCI crude output and processing local CSV; crude export unavailable,0,2024,12340000.0,17638000.0,0.4116351991460404,0.5883648008539596,monthly,NBS/AskCI monthly output used as apparent-consumption proxy; import/export unavailable,1,0,,0.4116351991460404,0.5883648008539596,0.733331347196568,0.0,60267833.333333336,0.015146277588652945,0.0,0.015146277588652945
2025-01-01,0.005,0.0069999999999999,-0.023,7.299248387096775,79.19193548387096,0.02,NBS/AkShare CPI-PPI local CSV; local USD-CNY daily CSV averaged by month; FRED/EIA Brent daily averaged by month,0,19025000.0,44170000.0,,63058000.0,25595884000.0,579.4857142857143,China customs import volume/value local CSV; NBS/AskCI crude output and processing local CSV; crude export unavailable,0,2025,13220000.0,16805000.0,0.44029975020815987,0.5597002497918402,monthly,NBS/AskCI monthly output used as apparent-consumption proxy; import/export unavailable,1,1,crude_production_ton: Jan-Feb filled with same-year March; crude_processing_ton: Jan-Feb filled with same-year March; gasoline_consumption_ton: Jan-Feb filled with same-year March; diesel_consumption_ton: Jan-Feb filled with same-year March; crude_import_ton: filled with previous-year same-month value; crude_import_value_usd: filled with previous-year same-month value; crude_import_avg_usd_per_ton: filled with previous-year same-month value,0.44029975020815987,0.5597002497918402,0.6989477015586676,0.0,60208000.0,0.0,0.0,0.0
2025-02-01,-0.0069999999999999,-0.002,-0.022,7.268835714285714,75.44571428571429,0.02,NBS/AkShare CPI-PPI local CSV; local USD-CNY daily CSV averaged by month; FRED/EIA Brent daily averaged by month,0,19025000.0,42680000.0,,63058000.0,25692752000.0,601.9857544517338,China customs import volume/value local CSV; NBS/AskCI crude output and processing local CSV; crude export unavailable,0,2025,13220000.0,16805000.0,0.44029975020815987,0.5597002497918402,monthly,NBS/AskCI monthly output used as apparent-consumption proxy; import/export unavailable,1,1,crude_production_ton: Jan-Feb filled with same-year March; crude_processing_ton: Jan-Feb filled with same-year March; gasoline_consumption_ton: Jan-Feb filled with same-year March; diesel_consumption_ton: Jan-Feb filled with same-year March; crude_import_ton: filled with previous-year same-month value; crude_import_value_usd: filled with previous-year same-month value; crude_import_avg_usd_per_ton: filled with previous-year same-month value,0.44029975020815987,0.5597002497918402,0.6916781460173406,0.0,60148166.666666664,0.0,0.0,0.0
2025-03-01,-0.001,-0.004,-0.025,7.250519354838709,72.91709677419354,0.02,NBS/AkShare CPI-PPI local CSV; local USD-CNY daily CSV averaged by month; FRED/EIA Brent daily averaged by month,0,19025000.0,49050000.0,,63058000.0,29379696000.0,598.9744342507645,China customs import volume/value local CSV; NBS/AskCI crude output and processing local CSV; crude export unavailable,0,2025,13220000.0,16805000.0,0.44029975020815987,0.5597002497918402,monthly,NBS/AskCI monthly output used as apparent-consumption proxy; import/export unavailable,1,1,crude_import_ton: filled with previous-year same-month value; crude_import_value_usd: filled with previous-year same-month value; crude_import_avg_usd_per_ton: filled with previous-year same-month value,0.44029975020815987,0.5597002497918402,0.7205288284979802,0.0,60088333.333333336,0.0,0.0,0.0
2025-04-01,-0.001,0.001,-0.027,7.294826666666666,68.14566666666666,0.02,NBS/AkShare CPI-PPI local CSV; local USD-CNY daily CSV averaged by month; FRED/EIA Brent daily averaged by month,0,17724000.0,44720000.0,,58034000.0,27919491000.0,624.3177772808586,China customs import volume/value local CSV; NBS/AskCI crude output and processing local CSV; crude export unavailable,0,2025,12160000.0,15596000.0,0.43810347312292836,0.5618965268770716,monthly,NBS/AskCI monthly output used as apparent-consumption proxy; import/export unavailable,1,1,crude_import_ton: filled with previous-year same-month value; crude_import_value_usd: filled with previous-year same-month value; crude_import_avg_usd_per_ton: filled with previous-year same-month value,0.43810347312292836,0.5618965268770716,0.716161680866056,0.0,60025500.0,0.03317756620103118,0.0,0.03317756620103118
2025-05-01,-0.001,-0.002,-0.033,7.216716129032258,64.29806451612903,0.02,NBS/AkShare CPI-PPI local CSV; local USD-CNY daily CSV averaged by month; FRED/EIA Brent daily averaged by month,0,18469000.0,46970000.0,,59111000.0,29722914000.0,632.806344475197,China customs import volume/value local CSV; NBS/AskCI crude output and processing local CSV; crude export unavailable,0,2025,12427000.0,15912000.0,0.4385122975404919,0.5614877024595081,monthly,NBS/AskCI monthly output used as apparent-consumption proxy; import/export unavailable,1,1,crude_import_ton: filled with previous-year same-month value; crude_import_value_usd: filled with previous-year same-month value; crude_import_avg_usd_per_ton: filled with previous-year same-month value,0.4385122975404919,0.5614877024595081,0.7177676920490839,0.0,59908333.333333336,0.013309222423146472,0.0,0.013309222423146472
2025-06-01,0.001,-0.001,-0.036,7.181176666666667,71.63000000000001,0.02,NBS/AkShare CPI-PPI local CSV; local USD-CNY daily CSV averaged by month; FRED/EIA Brent daily averaged by month,0,18198000.0,46450000.0,,62245000.0,28239600000.0,607.956942949408,China customs import volume/value local CSV; NBS/AskCI crude output and processing local CSV; crude export unavailable,0,2025,12515000.0,16335000.0,0.43379549393414213,0.5662045060658579,monthly,NBS/AskCI monthly output used as apparent-consumption proxy; import/export unavailable,1,1,crude_import_ton: filled with previous-year same-month value; crude_import_value_usd: filled with previous-year same-month value; crude_import_avg_usd_per_ton: filled with previous-year same-month value,0.43379549393414213,0.5662045060658579,0.7185063729736418,0.0,60235583.333333336,0.0,0.0,0.0
2025-07-01,0.0,0.004,-0.036,7.172977419354839,70.99064516129032,0.02,NBS/AkShare CPI-PPI local CSV; local USD-CNY daily CSV averaged by month; FRED/EIA Brent daily averaged by month,0,18124000.0,42340000.0,,63064000.0,25784596000.0,608.9890410958905,China customs import volume/value local CSV; NBS/AskCI crude output and processing local CSV; crude export unavailable,0,2025,13239000.0,16734000.0,0.4416975277749975,0.5583024722250025,monthly,NBS/AskCI monthly output used as apparent-consumption proxy; import/export unavailable,1,1,crude_import_ton: filled with previous-year same-month value; crude_import_value_usd: filled with previous-year same-month value; crude_import_avg_usd_per_ton: filled with previous-year same-month value,0.4416975277749975,0.5583024722250025,0.7002513892564171,0.0,60569083.333333336,0.0,0.0,0.0
2025-08-01,-0.004,0.0,-0.0289999999999999,7.1732903225806455,67.9990322580645,0.02,NBS/AkShare CPI-PPI local CSV; local USD-CNY daily CSV averaged by month; FRED/EIA Brent daily averaged by month,0,18256000.0,49100000.0,,63465000.0,29362689000.0,598.0181059063136,China customs import volume/value local CSV; NBS/AskCI crude output and processing local CSV; crude export unavailable,0,2025,13477000.0,17058000.0,0.4413623710496152,0.5586376289503848,monthly,NBS/AskCI monthly output used as apparent-consumption proxy; import/export unavailable,1,1,crude_import_ton: filled with previous-year same-month value; crude_import_value_usd: filled with previous-year same-month value; crude_import_avg_usd_per_ton: filled with previous-year same-month value,0.4413623710496152,0.5586376289503848,0.7289625274660015,0.0,60935416.666666664,0.0,0.0,0.0
2025-09-01,-0.003,0.001,-0.023,7.124333333333333,67.922,0.02,NBS/AkShare CPI-PPI local CSV; local USD-CNY daily CSV averaged by month; FRED/EIA Brent daily averaged by month,0,17775000.0,45490000.0,,62687000.0,25734732000.0,565.722840184656,China customs import volume/value local CSV; NBS/AskCI crude output and processing local CSV; crude export unavailable,0,2025,13242000.0,17418000.0,0.43189823874755384,0.5681017612524462,monthly,NBS/AskCI monthly output used as apparent-consumption proxy; import/export unavailable,1,1,crude_import_ton: filled with previous-year same-month value; crude_import_value_usd: filled with previous-year same-month value; crude_import_avg_usd_per_ton: filled with previous-year same-month value,0.43189823874755384,0.5681017612524462,0.7190389630917569,0.0,61265416.666666664,0.0,0.0,0.0
2025-10-01,0.002,0.002,-0.021,7.121816129032258,64.50451612903225,0.02,NBS/AkShare CPI-PPI local CSV; local USD-CNY daily CSV averaged by month; FRED/EIA Brent daily averaged by month,0,18005000.0,44700000.0,,63428000.0,24300929000.0,543.6449440715884,China customs import volume/value local CSV; NBS/AskCI crude output and processing local CSV; crude export unavailable,0,2025,13457000.0,17683000.0,0.4321451509312781,0.5678548490687219,monthly,NBS/AskCI monthly output used as apparent-consumption proxy; import/export unavailable,1,1,crude_import_ton: filled with previous-year same-month value; crude_import_value_usd: filled with previous-year same-month value; crude_import_avg_usd_per_ton: filled with previous-year same-month value,0.4321451509312781,0.5678548490687219,0.7128618132525317,0.0,61589583.333333336,0.0,0.0,0.0
2025-11-01,0.0069999999999999,-0.001,-0.022,7.10528,63.82866666666667,0.02,NBS/AkShare CPI-PPI local CSV; local USD-CNY daily CSV averaged by month; FRED/EIA Brent daily averaged by month,0,17627000.0,48520000.0,,60826000.0,26275082000.0,541.5309563066777,China customs import volume/value local CSV; NBS/AskCI crude output and processing local CSV; crude export unavailable,0,2025,12465000.0,17241000.0,0.4196121995556453,0.5803878004443547,monthly,NBS/AskCI monthly output used as apparent-consumption proxy; import/export unavailable,1,1,crude_import_ton: filled with previous-year same-month value; crude_import_value_usd: filled with previous-year same-month value; crude_import_avg_usd_per_ton: filled with previous-year same-month value,0.4196121995556453,0.5803878004443547,0.7335177710251409,0.0,61782416.666666664,0.015480402325904419,0.0,0.015480402325904419
2025-12-01,0.008,0.002,-0.019,7.042187096774193,62.70935483870968,0.02,NBS/AkShare CPI-PPI local CSV; local USD-CNY daily CSV averaged by month; FRED/EIA Brent daily averaged by month,0,17795000.0,49230000.0,,62459000.0,26789635000.0,544.1729636400569,China customs import volume/value local CSV; NBS/AskCI crude output and processing local CSV; crude export unavailable,0,2025,12606000.0,17710000.0,0.4158200290275762,0.5841799709724238,monthly,NBS/AskCI monthly output used as apparent-consumption proxy; import/export unavailable,1,1,crude_import_ton: filled with previous-year same-month value; crude_import_value_usd: filled with previous-year same-month value; crude_import_avg_usd_per_ton: filled with previous-year same-month value,0.4158200290275762,0.5841799709724238,0.7345020514733308,0.0,62041083.333333336,0.0,0.0,0.0
2026-01-01,0.002,0.002,-0.0139999999999999,6.970612903225806,66.34483870967742,0.02,NBS/AkShare CPI-PPI local CSV; local USD-CNY daily CSV averaged by month; FRED/EIA Brent daily averaged by month,0,19025000.0,44170000.0,,63058000.0,25595884000.0,579.4857142857143,China customs import volume/value local CSV; NBS/AskCI crude output and processing local CSV; crude export unavailable,0,2026,13220000.0,16805000.0,0.44029975020815987,0.5597002497918402,monthly,NBS/AskCI monthly output used as apparent-consumption proxy; import/export unavailable,1,1,crude_production_ton: filled with previous-year same-month value; crude_import_ton: filled with previous-year same-month value; crude_processing_ton: filled with previous-year same-month value; crude_import_value_usd: filled with previous-year same-month value; crude_import_avg_usd_per_ton: filled with previous-year same-month value; gasoline_consumption_ton: filled with previous-year same-month value; diesel_consumption_ton: filled with previous-year same-month value,0.44029975020815987,0.5597002497918402,0.6989477015586676,0.0,62041083.333333336,0.0,0.0,0.0
2026-02-01,0.013,0.01,-0.009,6.908478571428572,70.98678571428572,0.02,NBS/AkShare CPI-PPI local CSV; local USD-CNY daily CSV averaged by month; FRED/EIA Brent daily averaged by month,0,19025000.0,42680000.0,,63058000.0,25692752000.0,601.9857544517338,China customs import volume/value local CSV; NBS/AskCI crude output and processing local CSV; crude export unavailable,0,2026,13220000.0,16805000.0,0.44029975020815987,0.5597002497918402,monthly,NBS/AskCI monthly output used as apparent-consumption proxy; import/export unavailable,1,1,crude_production_ton: filled with previous-year same-month value; crude_import_ton: filled with previous-year same-month value; crude_processing_ton: filled with previous-year same-month value; crude_import_value_usd: filled with previous-year same-month value; crude_import_avg_usd_per_ton: filled with previous-year same-month value; gasoline_consumption_ton: filled with previous-year same-month value; diesel_consumption_ton: filled with previous-year same-month value,0.44029975020815987,0.5597002497918402,0.6916781460173406,0.0,62041083.333333336,0.0,0.0,0.0
2026-03-01,0.01,-0.0069999999999999,0.005,6.892367741935484,103.80645161290325,0.02,NBS/AkShare CPI-PPI local CSV; local USD-CNY daily CSV averaged by month; FRED/EIA Brent daily averaged by month,0,19025000.0,49050000.0,,63058000.0,29379696000.0,598.9744342507645,China customs import volume/value local CSV; NBS/AskCI crude output and processing local CSV; crude export unavailable,0,2026,13220000.0,16805000.0,0.44029975020815987,0.5597002497918402,monthly,NBS/AskCI monthly output used as apparent-consumption proxy; import/export unavailable,1,1,crude_production_ton: filled with previous-year same-month value; crude_import_ton: filled with previous-year same-month value; crude_processing_ton: filled with previous-year same-month value; crude_import_value_usd: filled with previous-year same-month value; crude_import_avg_usd_per_ton: filled with previous-year same-month value; gasoline_consumption_ton: filled with previous-year same-month value; diesel_consumption_ton: filled with previous-year same-month value,0.44029975020815987,0.5597002497918402,0.7205288284979802,0.4761290322580649,62041083.333333336,0.0,0.3430646938267805,0.3430646938267805
2026-04-01,0.012,0.003,0.0279999999999999,6.838093333333333,117.177,0.02,NBS/AkShare CPI-PPI local CSV; local USD-CNY daily CSV averaged by month; FRED/EIA Brent daily averaged by month,0,17724000.0,44720000.0,,58034000.0,27919491000.0,624.3177772808586,China customs import volume/value local CSV; NBS/AskCI crude output and processing local CSV; crude export unavailable,0,2026,12160000.0,15596000.0,0.43810347312292836,0.5618965268770716,monthly,NBS/AskCI monthly output used as apparent-consumption proxy; import/export unavailable,1,1,crude_production_ton: filled with previous-year same-month value; crude_import_ton: filled with previous-year same-month value; crude_processing_ton: filled with previous-year same-month value; crude_import_value_usd: filled with previous-year same-month value; crude_import_avg_usd_per_ton: filled with previous-year same-month value; gasoline_consumption_ton: filled with previous-year same-month value; diesel_consumption_ton: filled with previous-year same-month value,0.43810347312292836,0.5618965268770716,0.716161680866056,0.7435400000000001,62041083.333333336,0.06458757839227502,0.5324948561911473,0.5970824345834224
