month,u_gasoline_sum,u_diesel_sum,gasoline_price_base,diesel_price_base,cpi_yoy,cpi_target,x_gasoline,x_diesel,cpi_hat_next,inflation_excess,deflation_gap,Lpi_inflation,Lpi_deflation,Lpi_raw,Lpi_winsorized,Lpi
2016-01-01,0.0,0.0,6925.0,5970.0,0.018,0.03,0.0,0.0,0.016673545392392727,0.0,0.003326454607607273,0.0,0.07734823328981442,0.07734823328981442,0.07734823328981442,0.06715426911777199
2016-02-01,0.0,0.0,6925.0,5970.0,0.023,0.03,0.0,0.0,0.021326188465378156,0.0,0.0,0.0,0.0,0.0,0.0,0.0
2016-03-01,0.0,0.0,6925.0,5970.0,0.023,0.03,0.0,0.0,0.021326188465378156,0.0,0.0,0.0,0.0,0.0,0.0,0.0
2016-04-01,165.0,160.0,6925.0,5970.0,0.023,0.03,0.023826714801444042,0.02680067001675042,0.022684265087185195,0.0,0.0,0.0,0.0,0.0,0.0,0.0
2016-05-01,311.42618604746883,299.0720033336852,7090.0,6130.0,0.02,0.03,0.04392470889244977,0.04878825502996496,0.021164237460410455,0.0,0.0,0.0,0.0,0.0,0.0,0.0
2016-06-01,100.23322113792264,96.43735586995946,7401.426186047469,6429.072003333686,0.019,0.03,0.013542419882113218,0.015000198445429373,0.01842330593504072,0.0,0.001576694064959281,0.0,0.01737729049016737,0.01737729049016737,0.01737729049016737,0.015087083343480452
2016-07-01,-155.0,-150.0,7501.6594071853915,6525.5093592036455,0.018,0.03,0.0,0.0,0.016673545392392727,0.0,0.003326454607607273,0.0,0.07734823328981442,0.07734823328981442,0.07734823328981442,0.06715426911777199
2016-08-01,-92.80578975908362,-90.96873937338921,7346.6594071853915,6375.5093592036455,0.013,0.03,0.0,0.0,0.012020902319407301,0.0,0.0079790976805927,0.0,0.4450356059704919,0.4450356059704919,0.4450356059704919,0.386382979664885
2016-09-01,58.07968699914619,58.94454157427165,7253.853617426308,6284.540619830256,0.019,0.03,0.008006735462598577,0.00937929200239042,0.017984466723145315,0.0,0.002015533276854685,0.0,0.02839665212454701,0.02839665212454701,0.02839665212454701,0.02465416904443632
2016-10-01,353.4320830964931,339.8876376195256,7311.9333044254545,6343.485161404528,0.021,0.03,0.048336338473243846,0.05358058369671825,0.022380818357466283,0.0,0.0,0.0,0.0,0.0,0.0,0.0
2016-11-01,-284.2294865125539,-272.9682691056422,7665.365387521948,6683.372799024054,0.023,0.03,0.0,0.0,0.021326188465378156,0.0,0.0,0.0,0.0,0.0,0.0,0.0
2016-12-01,610.7948629941025,587.0546806044459,7381.135901009394,6410.404529918412,0.021,0.03,0.08275079488924927,0.09157841410234958,0.024487349283702258,0.0,0.0,0.0,0.0,0.0,0.0,0.0
2017-01-01,0.0,0.0,7991.930764003496,6997.459210522858,0.025,0.03,0.0,0.0,0.02318724569457233,0.0,0.0,0.0,0.0,0.0,0.0,0.0
2017-02-01,0.0,0.0,7991.930764003496,6997.459210522858,0.008,0.03,0.0,0.0,0.0073682592464218745,0.0,0.012631740753578126,0.0,1.1153562448406515,1.1153562448406515,1.1153562448406515,0.9683599772417815
2017-03-01,-315.0,-305.0,7991.930764003496,6997.459210522858,0.009,0.03,0.0,0.0,0.00829878786101896,0.0,0.011701212138981041,0.0,0.9570814557714611,0.9570814557714611,0.9570814557714611,0.8309447147640195
2017-04-01,200.0,190.0,7676.930764003496,6692.459210522858,0.012,0.03,0.02605207812186919,0.028390161825903155,0.012761294222241665,0.0,0.007238705777758335,0.0,0.366276491091218,0.366276491091218,0.366276491091218,0.3180037734293269
2017-05-01,-127.19319193990194,-116.90018152619426,7876.930764003496,6882.459210522858,0.015,0.03,0.0,0.0,0.013881959548601473,0.0,0.006118040451398528,0.0,0.261644664955483,0.261644664955483,0.261644664955483,0.22716170100246572
2017-06-01,-365.17112130746256,-350.6460982812794,7749.737572063594,6765.559028996663,0.015,0.03,0.0,0.0,0.013881959548601473,0.0,0.006118040451398528,0.0,0.261644664955483,0.261644664955483,0.261644664955483,0.22716170100246572
2017-07-01,58.87712254304824,56.77520735347152,7384.5664507561305,6414.9129307153835,0.0139999999999999,0.03,0.007972996510447762,0.008850503189470418,0.013429828330424276,0.0,0.006570171669575724,0.0,0.3017453803682078,0.3017453803682078,0.3017453803682078,0.2619774184416891
2017-08-01,155.64164170591567,149.67490845980117,7443.443573299179,6471.688138068855,0.018,0.03,0.02090989743836134,0.023127645409759194,0.01794520352342015,0.0,0.0020547964765798496,0.0,0.029513778946416058,0.029513778946416058,0.029513778946416058,0.025624066248854487
2017-09-01,305.0,290.0,7599.085215005094,6621.363046528656,0.016,0.03,0.04013641002442628,0.04379762866983055,0.017374710451064146,0.0,0.0026252895489358545,0.0,0.04817720655193826,0.04817720655193826,0.04817720655193826,0.0418277826981394
2017-10-01,0.0,0.0,7904.085215005094,6911.363046528656,0.019,0.03,0.0,0.0,0.017604074006989812,0.0,0.002395925993010188,0.0,0.04012675069641679,0.04012675069641679,0.04012675069641679,0.0348383214519234
2017-11-01,340.9361526367654,327.93362465232457,7904.085215005094,6911.363046528656,0.017,0.03,0.04313416965565264,0.0474484732526147,0.018419322135900945,0.0,0.0015806778640990553,0.0,0.017465215084339885,0.017465215084339885,0.017465215084339885,0.015163420081994032
2017-12-01,0.0,0.0,8245.02136764186,7239.29667118098,0.018,0.03,0.0,0.0,0.016673545392392727,0.0,0.003326454607607273,0.0,0.07734823328981442,0.07734823328981442,0.07734823328981442,0.06715426911777199
2018-01-01,180.0,175.0,8245.02136764186,7239.29667118098,0.015,0.03,0.021831356399684067,0.02417361906118035,0.015204204612156203,0.0,0.004795795387843797,0.0,0.16077128642643487,0.16077128642643487,0.16077128642643487,0.13958273868568036
2018-02-01,0.0,0.0,8425.02136764186,7414.29667118098,0.0289999999999999,0.03,0.0,0.0,0.02690936015296058,0.0,0.0,0.0,0.0,0.0,0.0,0.0
2018-03-01,-43.16306517296417,-40.79924381790077,8425.02136764186,7414.29667118098,0.021,0.03,0.0,0.0,0.019465131236183986,0.0,0.0005348687638160148,0.0,0.001999777452359301,0.001999777452359301,0.001999777452359301,0.0017362205638001733
2018-04-01,255.0,245.0,8381.858302468898,7373.49742736308,0.018,0.03,0.030422847869533788,0.03322710862972624,0.018609748890311965,0.0,0.001390251109688035,0.0,0.013510570756118813,0.013510570756118813,0.013510570756118813,0.011729970626369554
2018-05-01,338.6915934820314,325.6250506392525,8636.858302468898,7618.49742736308,0.018,0.03,0.039214675246578304,0.0427413743646768,0.019187194859701225,0.0,0.0008128051402987758,0.0,0.004618065393858954,0.004618065393858954,0.004618065393858954,0.004009436196178928
2018-06-01,-130.0,-125.0,8975.54989595093,7944.122478002332,0.019,0.03,0.0,0.0,0.017604074006989812,0.0,0.002395925993010188,0.0,0.04012675069641679,0.04012675069641679,0.04012675069641679,0.0348383214519234
2018-07-01,219.100468841324,260.0,8845.54989595093,7819.122478002332,0.021,0.03,0.0247695701701505,0.03325181319661667,0.01977949887897141,0.0,0.00022050112102859135,0.0,0.00033986684423064137,0.00033986684423064137,0.00033986684423064137,0.0002950747360467235
2018-08-01,-50.0,-50.00000000000001,9064.650364792253,8079.122478002332,0.023,0.03,0.0,0.0,0.021326188465378156,0.0,0.0,0.0,0.0,0.0,0.0,0.0
2018-09-01,233.70703247448603,224.5317849830424,9014.650364792253,8029.122478002332,0.025,0.03,0.025925246461832346,0.02796467305090936,0.024908516479862166,0.0,0.0,0.0,0.0,0.0,0.0,0.0
2018-10-01,321.27405427892984,308.7943537798456,9248.35739726674,8253.654262985374,0.025,0.03,0.034738499008902836,0.037413046868788234,0.025505504581537414,0.0,0.0,0.0,0.0,0.0,0.0,0.0
2018-11-01,-804.2220796468255,-772.6431720304615,9569.63145154567,8562.44861676522,0.022,0.03,0.0,0.0,0.02039565985078107,0.0,0.0,0.0,0.0,0.0,0.0,0.0
2018-12-01,-854.8600033455689,-821.0373201189072,8765.409371898844,7789.805444734758,0.019,0.03,0.0,0.0,0.017604074006989812,0.0,0.002395925993010188,0.0,0.04012675069641679,0.04012675069641679,0.04012675069641679,0.0348383214519234
2019-01-01,245.0,230.0,7910.549368553275,6968.76812461585,0.017,0.03,0.030971300296025708,0.03300439846571573,0.017881415258446026,0.0,0.0021185847415539742,0.0,0.031374648979844745,0.031374648979844745,0.031374648979844745,0.027239686434383965
2019-02-01,50.0,50.0,8155.549368553275,7198.76812461585,0.015,0.03,0.006130794841705382,0.006945632799176757,0.014221301742375968,0.0,0.005778698257624032,0.0,0.23342492666751602,0.23342492666751602,0.23342492666751602,0.20266112976999026
2019-03-01,234.84262562810693,228.79339819218742,8205.549368553275,7248.76812461585,0.023,0.03,0.02861997595531037,0.03156307309861872,0.023085554323422762,0.0,0.0,0.0,0.0,0.0,0.0,0.0
2019-04-01,298.94608777164467,288.3856116693672,8440.391994181382,7477.561522808038,0.025,0.03,0.03541850757378703,0.038566798920976336,0.02546509588732892,0.0,0.0,0.0,0.0,0.0,0.0,0.0
2019-05-01,0.0,0.0,8739.338081953027,7765.947134477405,0.027,0.03,0.0,0.0,0.0250483029237665,0.0,0.0,0.0,0.0,0.0,0.0,0.0
2019-06-01,-552.1741911537738,-530.3440623646135,8739.338081953027,7765.947134477405,0.027,0.03,0.0,0.0,0.0250483029237665,0.0,0.0,0.0,0.0,0.0,0.0,0.0
2019-07-01,150.0,140.0,8187.163890799254,7235.603072112792,0.0279999999999999,0.03,0.018321362806547725,0.019348767283764237,0.02727950849760783,0.0,0.0,0.0,0.0,0.0,0.0,0.0
2019-08-01,-210.0,-205.0,8337.163890799253,7375.603072112792,0.0279999999999999,0.03,0.0,0.0,0.02597883153836349,0.0,0.0,0.0,0.0,0.0,0.0,0.0
2019-09-01,239.15294760830255,224.35122453582883,8127.163890799253,7170.603072112792,0.03,0.03,0.029426371957263858,0.03128763679701554,0.02988595434067561,0.0,0.0,0.0,0.0,0.0,0.0,0.0
2019-10-01,-115.86771343951646,-111.21790016771084,8366.316838407556,7394.954296648621,0.038,0.03,0.0,0.0,0.03528411768433444,0.005284117684334441,0.0,0.19517858187118972,0.0,0.19517858187118972,0.19517858187118972,0.16945538967764592
2019-11-01,137.01728061237992,129.5533360114099,8250.44912496804,7283.73639648091,0.045,0.03,0.016607251137120454,0.017786659066080804,0.04292629130577815,0.012926291305778152,0.0,1.1679791047689663,0.0,1.1679791047689663,1.1679791047689663,1.0140475068344996
2019-12-01,251.40804943409307,238.8995283777183,8387.466405580419,7413.28973249232,0.045,0.03,0.029974254116454546,0.0322258453397047,0.043809569013438326,0.013809569013438328,0.0,1.3330530871936612,0.0,1.3330530871936612,1.3330530871936612,1.1573658758340164
2020-01-01,0.0,0.0,8638.874455014511,7652.189260870038,0.054,0.035,0.0,0.0,0.05017257551788781,0.01517257551788781,0.0,1.6091843898531768,0.0,1.6091843898531768,1.6091843898531768,1.397104975512715
2020-02-01,-708.1057834019723,-681.5565323083288,8638.874455014511,7652.189260870038,0.052,0.035,0.0,0.0,0.048311518288693636,0.013311518288693633,0.0,1.238632245280346,0.0,1.238632245280346,1.238632245280346,1.075389050268844
2020-03-01,-938.8164470425208,-901.8415785731598,7930.768671612539,6970.632728561709,0.043,0.035,0.0,0.0,0.03993676075731987,0.004936760757319865,0.0,0.1703614617577899,0.0,0.1703614617577899,0.1703614617577899,0.14790899499040247
2020-04-01,0.0,0.0,6991.952224570018,6068.7911499885495,0.033,0.035,0.0,0.0,0.030631474611349012,0.0,0.0,0.0,0.0,0.0,0.0,0.0
2020-05-01,0.0,0.0,6991.952224570018,6068.7911499885495,0.024,0.035,0.0,0.0,0.022256717079975244,0.0,0.0,0.0,0.0,0.0,0.0,0.0
2020-06-01,120.0,110.0,6991.952224570018,6068.7911499885495,0.025,0.035,0.017162588665625443,0.018125520763753344,0.02440555510312463,0.0,0.0,0.0,0.0,0.0,0.0,0.0
2020-07-01,100.0,100.0,7111.952224570018,6178.7911499885495,0.027,0.035,0.014060836861997607,0.016184395551253634,0.025774713674956557,0.0,0.0,0.0,0.0,0.0,0.0,0.0
2020-08-01,0.0,0.0,7211.952224570018,6278.7911499885495,0.024,0.035,0.0,0.0,0.022256717079975244,0.0,0.0,0.0,0.0,0.0,0.0,0.0
2020-09-01,-287.01100001622166,-275.28509755529114,7211.952224570018,6278.7911499885495,0.017,0.035,0.0,0.0,0.015743016777795642,0.0,0.004256983222204358,0.0,0.12667504653079137,0.12667504653079137,0.12667504653079137,0.10998014826481192
2020-10-01,0.0,0.0,6924.941224553797,6003.506052433258,0.005,0.035,0.0,0.0,0.004576673402630618,0.0,0.015423326597369382,0.0,1.6628125959336988,1.6628125959336988,1.6628125959336988,1.4436653535622153
2020-11-01,-3.724614613807887,-2.3074157242114666,6924.941224553797,6003.506052433258,-0.005,0.035,0.0,0.0,-0.004728612743340238,0.0,0.02472861274334024,0.0,4.274513591669845,4.274513591669845,2.810768220519442,2.4403283369278954
2020-12-01,368.47938451594973,355.18510907397126,6921.216609939989,6001.198636709047,0.002,0.035,0.053239105966825774,0.05918569448798459,0.004961818897562642,0.0,0.015038181102437358,0.0,1.5808032378087218,1.5808032378087218,1.5808032378087218,1.3724642637446194
2021-01-01,323.45408745853877,311.17716304451665,7289.6959944559385,6356.383745783018,-0.003,0.03,0.044371409686293724,0.048955062420666356,-0.00014412630046520313,0.0,0.020144126300465203,0.0,2.836508353556639,2.836508353556639,2.810768220519442,2.4403283369278954
2021-03-01,406.2066286081987,390.6116730024964,7613.150081914478,6667.560908827534,0.004,0.03,0.05335592024819902,0.05858389272235145,0.006978802596897677,0.0,0.013021197403102324,0.0,1.1851929003797244,1.1851929003797244,1.1851929003797244,1.0289926427970995
2021-04-01,-96.63216233755864,-93.8833487568146,8019.356710522676,7058.17258183003,0.009,0.03,0.0,0.0,0.00829878786101896,0.0,0.011701212138981041,0.0,0.9570814557714611,0.9570814557714611,0.9570814557714611,0.8309447147640195
2021-05-01,100.0,100.0,7922.724548185117,6964.289233073216,0.013,0.03,0.012621920576919124,0.014358967103936865,0.012707422028985754,0.0,0.007292577971014246,0.0,0.3717486139016083,0.3717486139016083,0.3717486139016083,0.32275470815950436
2021-06-01,400.0,384.98064150833807,8022.724548185117,7064.289233073216,0.011,0.03,0.04985837387256267,0.054496726961002113,0.013324312314201598,0.0,0.006675687685798402,0.0,0.3115151814380499,0.3115151814380499,0.3115151814380499,0.27045962705029436
2021-07-01,-26.72029340068022,-27.895412483849313,8422.724548185117,7449.269874581553,0.01,0.03,0.0,0.0,0.009229316475616046,0.0,0.010770683524383954,0.0,0.8109119973498496,0.8109119973498496,0.8109119973498496,0.7040393837674487
2021-08-01,-250.0,-245.0,8396.004254784437,7421.374462097704,0.008,0.03,0.0,0.0,0.0073682592464218745,0.0,0.012631740753578126,0.0,1.1153562448406515,1.1153562448406515,1.1153562448406515,0.9683599772417815
2021-09-01,183.03692217085646,174.5278578399051,8146.004254784437,7176.374462097704,0.0069999999999999,0.03,0.022469534319645414,0.02431978135501159,0.00791273452247861,0.0,0.01208726547752139,0.0,1.0212764490172954,1.0212764490172954,1.0212764490172954,0.886679250241923
2021-10-01,543.0723909447375,521.0351517836455,8329.041176955294,7350.902319937609,0.015,0.03,0.06520226991400939,0.07088043468765176,0.01809920829235355,0.0,0.0019007917076464508,0.0,0.025255516388552394,0.025255516388552394,0.025255516388552394,0.021927013354143248
2021-11-01,-55.30865544458716,-53.1293765291983,8872.11356790003,7871.937471721254,0.023,0.03,0.0,0.0,0.021326188465378156,0.0,0.0,0.0,0.0,0.0,0.0,0.0
2021-12-01,-513.4539446156409,-493.8542347314826,8816.804912455444,7818.808095192056,0.015,0.03,0.0,0.0,0.013881959548601473,0.0,0.006118040451398528,0.0,0.261644664955483,0.261644664955483,0.261644664955483,0.22716170100246572
2022-01-01,766.0195430549479,736.9163329364821,8303.350967839802,7324.953860460573,0.009,0.03,0.09225426529865632,0.10060354603928479,0.014201558516535909,0.0,0.005798441483464091,0.0,0.23502266841951977,0.23502266841951977,0.23502266841951977,0.2040483001684755
2022-02-01,210.0,200.0,9069.37051089475,8061.870193397055,0.009,0.03,0.02315485950736422,0.0248081394517871,0.009870368269728605,0.0,0.010129631730271395,0.0,0.7172565263346474,0.7172565263346474,0.7172565263346474,0.622727058489881
2022-03-01,977.2325228762845,939.3564323485587,9279.37051089475,8261.870193397055,0.015,0.03,0.10531237239949978,0.11369779606308737,0.02085347516187347,0.0,0.0,0.0,0.0,0.0,0.0,0.0
2022-04-01,-288.20476353637486,-275.6133656094491,10256.603033771034,9201.226625745614,0.021,0.03,0.0,0.0,0.019465131236183986,0.0,0.0005348687638160148,0.0,0.001999777452359301,0.001999777452359301,0.001999777452359301,0.0017362205638001733
2022-05-01,518.9090156883606,496.2302696187133,9968.39827023466,8925.613260136164,0.021,0.03,0.05205540565506972,0.055596210048108566,0.023034098455271816,0.0,0.0,0.0,0.0,0.0,0.0,0.0
2022-06-01,59.04302604424021,56.95940528758882,10487.307285923021,9421.843529754877,0.025,0.03,0.005629950990707872,0.006045462876528019,0.02356661101352443,0.0,0.0,0.0,0.0,0.0,0.0,0.0
2022-07-01,-503.7441041922864,-486.25081626105293,10546.350311967262,9478.802935042466,0.027,0.03,0.0,0.0,0.0250483029237665,0.0,0.0,0.0,0.0,0.0,0.0,0.0
2022-08-01,-238.9683378495755,-230.34028462738496,10042.606207774976,8992.552118781414,0.025,0.03,0.0,0.0,0.02318724569457233,0.0,0.0,0.0,0.0,0.0,0.0,0.0
2022-09-01,-124.69290661577335,-121.00056884079977,9803.6378699254,8762.211834154028,0.0279999999999999,0.03,0.0,0.0,0.02597883153836349,0.0,0.0,0.0,0.0,0.0,0.0,0.0
2022-10-01,185.0,175.0,9678.944963309626,8641.211265313228,0.021,0.03,0.019113653471663192,0.02025179047554007,0.020808556372906458,0.0,0.0,0.0,0.0,0.0,0.0,0.0
2022-11-01,-155.5496661409961,-149.43426046342506,9863.944963309626,8816.211265313228,0.016,0.03,0.0,0.0,0.01481248816319856,0.0,0.005187511836801441,0.0,0.18810719041934743,0.18810719041934743,0.18810719041934743,0.16331595889304307
2022-12-01,-802.450453852482,-773.5696604935322,9708.39529716863,8666.777004849802,0.018,0.03,0.0,0.0,0.016673545392392727,0.0,0.003326454607607273,0.0,0.07734823328981442,0.07734823328981442,0.07734823328981442,0.06715426911777199
2023-01-01,-71.92863036762849,-68.75362863674687,8905.944843316149,7893.20734435627,0.021,0.03,0.0,0.0,0.019465131236183986,0.0,0.0005348687638160148,0.0,0.001999777452359301,0.001999777452359301,0.001999777452359301,0.0017362205638001733
2023-02-01,210.0,200.0,8834.01621294852,7824.453715719524,0.01,0.03,0.023771747180199993,0.02556088990573169,0.010824074148779452,0.0,0.009175925851220549,0.0,0.5885549089571833,0.5885549089571833,0.5885549089571833,0.5109874274517034
2023-03-01,-100.0,-95.0,9044.01621294852,8024.453715719524,0.0069999999999999,0.03,0.0,0.0,0.006437730631824696,0.0,0.013562269368175305,0.0,1.2857363645574391,1.2857363645574391,1.2857363645574391,1.1162851712007502
2023-04-01,126.25398597219194,119.34770691464807,8944.01621294852,7929.453715719524,0.001,0.03,0.014116028299390857,0.015051189046989523,0.0018274587710288448,0.0,0.018172541228971155,0.0,2.3084396283743174,2.3084396283743174,2.3084396283743174,2.0042031918832777
2023-05-01,-280.0,-270.0,9070.270198920713,8048.801422634172,0.002,0.03,0.0,0.0,0.0017850875588393607,0.0,0.01821491244116064,0.0,2.3192169228549595,2.3192169228549595,2.3192169228549595,2.013560113213371
2023-06-01,14.999999999999993,20.0,8790.270198920713,7778.801422634172,0.0,0.03,0.0017064321870153348,0.0025710901864399705,-0.00011137661017014575,0.0,0.020111376610170147,0.0,2.827292837727516,2.827292837727516,2.810768220519442,2.4403283369278954
2023-07-01,275.0,260.0,8805.270198920713,7798.801422634172,-0.003,0.03,0.031231296006533397,0.033338456246034376,-0.0007228090725061192,0.0,0.02072280907250612,0.0,3.0018186176318378,3.0018186176318378,2.810768220519442,2.4403283369278954
2023-08-01,295.0,285.0,9080.270198920713,8058.801422634172,0.001,0.03,0.032488020018948766,0.03536506051626252,0.0029461339199458045,0.0,0.017053866080054197,0.0,2.032978997205175,2.032978997205175,2.032978997205175,1.7650463738138482
2023-09-01,385.0,370.0,9375.270198920713,8343.801422634173,0.0,0.03,0.0410654831094171,0.0443442959939463,0.002640668770594724,0.0,0.017359331229405278,0.0,2.106459799342867,2.106459799342867,2.106459799342867,1.8288429125564358
2023-10-01,-128.65401787049433,-123.91377373913105,9760.270198920713,8713.801422634173,-0.002,0.03,0.0,0.0,-0.0019370268995489816,0.0,0.021937026899548982,0.0,3.3638973211494174,3.3638973211494174,2.810768220519442,2.4403283369278954
2023-11-01,-480.0,-465.0,9631.616181050218,8589.887648895041,-0.005,0.03,0.0,0.0,-0.004728612743340238,0.0,0.02472861274334024,0.0,4.274513591669845,4.274513591669845,2.810768220519442,2.4403283369278954
2023-12-01,-465.62805471658464,-444.4596160798537,9151.616181050218,8124.887648895041,-0.003,0.03,0.0,0.0,-0.0028675555141460672,0.0,0.022867555514146067,0.0,3.65533074734198,3.65533074734198,2.810768220519442,2.4403283369278954
2024-01-01,200.0,190.0,8685.988126333634,7680.428032815187,-0.008,0.03,0.023025589845518273,0.02473820458810514,-0.005971350853951091,0.0,0.02597135085395109,0.0,4.714941123763456,4.714941123763456,2.810768220519442,2.4403283369278954
2024-02-01,152.60516385952997,146.9751511367754,8885.988126333634,7870.428032815187,0.0069999999999999,0.03,0.017173685322320477,0.0186743529734308,0.007547479239272091,0.0,0.01245252076072791,0.0,1.0839312676635975,1.0839312676635975,1.0839312676635975,0.941076595519789
2024-03-01,125.0,120.0,9038.593290193163,8017.403183951963,0.001,0.03,0.01382958564311379,0.014967439861350372,0.0017625878809776352,0.0,0.018237412119022366,0.0,2.3249500123865787,2.3249500123865787,2.3249500123865787,2.0185376210491364
2024-04-01,330.0,315.0,9163.593290193163,8137.403183951963,0.003,0.03,0.03601207403575676,0.038710137973895865,0.005134041332882365,0.0,0.014865958667117636,0.0,1.5448027624406162,1.5448027624406162,1.5448027624406162,1.341208402965239
2024-05-01,-235.0,-225.0,9493.593290193163,8452.403183951963,0.003,0.03,0.0,0.0,0.0027156161734364468,0.0,0.017284383826563554,0.0,2.0883101499002934,2.0883101499002934,2.0883101499002934,1.8130852618484614
2024-06-01,32.20153334381581,28.878836271594963,9258.593290193163,8227.403183951963,0.002,0.03,0.0034780157562298523,0.00351007913747619,0.002065179072228341,0.0,0.01793482092777166,0.0,2.248439907602005,2.248439907602005,2.248439907602005,1.9521110208748207
2024-07-01,-10.967467357541281,-10.230643543031675,9290.794823536979,8256.282020223558,0.005,0.03,0.0,0.0,0.004576673402630618,0.0,0.015423326597369382,0.0,1.6628125959336988,1.6628125959336988,1.6628125959336988,1.4436653535622153
2024-08-01,-305.0,-290.0,9279.827356179438,8246.051376680525,0.006,0.03,0.0,0.0,0.005507202017227704,0.0,0.014492797982772296,0.0,1.4682218149217698,1.4682218149217698,1.4682218149217698,1.2747202966408788
2024-09-01,-450.0173105689035,-436.2067495364629,8974.827356179438,7956.051376680525,0.004,0.03,0.0,0.0,0.003646144788033532,0.0,0.01635385521196647,0.0,1.8695087075932064,1.8695087075932064,1.8695087075932064,1.6231203419647426
2024-10-01,195.63730372372095,188.62011011591616,8524.810045610535,7519.8446271440625,0.003,0.03,0.022949168682586132,0.025082979698152565,0.004172416595354582,0.0,0.01582758340464542,0.0,1.751122051098736,1.751122051098736,1.751122051098736,1.5203362310414255
2024-11-01,-142.69020436323288,-137.07800323587335,8720.447349334256,7708.464737259978,0.002,0.03,0.0,0.0,0.0017850875588393607,0.0,0.01821491244116064,0.0,2.3192169228549595,2.3192169228549595,2.3192169228549595,2.013560113213371
2024-12-01,0.0,0.0,8577.757144971023,7571.386734024105,0.001,0.03,0.0,0.0,0.0008545589442422751,0.0,0.019145441055757724,0.0,2.562229026457205,2.562229026457205,2.562229026457205,2.2245448960594727
