variable,x_value,alpha_target,alpha_fitted
f_gasoline,1.2731034248414517,1.0,1.0
f_gasoline,10.7763955384346,1.0,1.0
f_gasoline,20.27968765202769,1.0,1.0
f_gasoline,29.78297976562078,1.0,1.0
f_gasoline,39.28627187921387,1.0,1.0
f_gasoline,48.78956399280696,1.0,1.0
f_gasoline,58.29285610640005,1.0,1.0
f_gasoline,67.79614821999314,1.0,1.0
f_gasoline,77.29944033358623,1.0,1.0
f_gasoline,86.80273244717932,1.0,1.0
f_gasoline,96.30602456077249,1.0,1.0
f_gasoline,105.8093166743655,0.99,1.0
f_gasoline,115.31260878795864,0.98,0.9755305471997673
f_gasoline,124.8159009015518,0.96,0.9614148034564147
f_gasoline,134.31919301514483,0.96,0.9517767265458092
f_gasoline,143.82248512873798,0.95,0.9444495712437756
f_gasoline,153.325777242331,0.94,0.9385367344314618
f_gasoline,162.82906935592416,0.93,0.9335795702365113
f_gasoline,172.3323614695172,0.93,0.9293117109588679
f_gasoline,181.83565358311037,0.92,0.9255646517375462
f_gasoline,191.33894569670335,0.92,0.9222250000172709
f_gasoline,200.84223781029647,0.92,0.9192127871495147
f_gasoline,210.34552992388967,0.91,0.9164694995588782
f_gasoline,219.8488220374827,0.91,0.9139510298544606
f_gasoline,229.35211415107585,0.91,0.9116233043059927
f_gasoline,238.8554062646689,0.9,0.9094594528720362
f_gasoline,248.35869837826203,0.9,0.9074379115778144
f_gasoline,257.86199049185507,0.9,0.9055411113188626
f_gasoline,267.3652826054482,0.9,0.9037545482227336
f_gasoline,276.86857471904125,0.9,0.9020661096253496
f_gasoline,286.3718668326344,0.9,0.9004655756993902
f_gasoline,295.87515894622754,0.9,0.8989442445149199
f_gasoline,305.3784510598206,0.9,0.897494645572477
f_gasoline,314.8817431734137,0.9,0.896110317881924
f_gasoline,324.3850352870068,0.9,0.8947856358851357
f_gasoline,333.8883274005999,0.9,0.8935156713549274
f_gasoline,343.39161951419294,0.9,0.8922960827010785
f_gasoline,352.8949116277861,0.9,0.891123025404918
f_diesel,1.4586729246075265,0.91,0.9139368614206986
f_diesel,10.595822631891224,0.91,0.9139368614206986
f_diesel,19.73297233917492,0.91,0.9139368614206986
f_diesel,28.87012204645862,0.91,0.9139368614206986
f_diesel,38.00727175374232,0.91,0.9139368614206986
f_diesel,47.14442146102601,0.91,0.9139368614206986
f_diesel,56.28157116830971,0.91,0.9139368614206986
f_diesel,65.41872087559341,0.91,0.9139368614206986
f_diesel,74.5558705828771,0.91,0.9139368614206986
f_diesel,83.6930202901608,0.91,0.9139368614206986
f_diesel,92.8301699974445,0.92,0.9146250059850812
f_diesel,101.9673197047282,0.92,0.9168466675498266
f_diesel,111.1044694120119,0.92,0.9190683291145719
f_diesel,120.24161911929554,0.92,0.9212899906793173
f_diesel,129.37876882657923,0.92,0.9235116522440626
f_diesel,138.51591853386293,0.93,0.9257333138088079
f_diesel,147.65306824114663,0.93,0.9279549753735532
f_diesel,156.79021794843032,0.93,0.9301766369382986
f_diesel,165.92736765571402,0.93,0.9323982985030439
f_diesel,175.06451736299772,0.94,0.9346199600677892
f_diesel,184.20166707028145,0.94,0.9368416216325346
f_diesel,193.3388167775651,0.94,0.9390632831972799
f_diesel,202.4759664848488,0.94,0.9412849447620253
f_diesel,211.6131161921325,0.94,0.9435066063267706
f_diesel,220.7502658994162,0.95,0.9457282678915159
f_diesel,229.8874156066999,0.95,0.9479499294562612
f_diesel,239.0245653139836,0.95,0.9501715910210066
f_diesel,248.1617150212673,0.95,0.9523932525857519
f_diesel,257.298864728551,0.95,0.9546149141504973
f_diesel,266.4360144358347,0.96,0.9568365757152426
f_diesel,275.5731641431184,0.96,0.959058237279988
f_diesel,284.7103138504021,0.96,0.9612798988447333
f_diesel,293.8474635576858,0.96,0.9635015604094787
f_diesel,302.9846132649695,0.96,0.965723221974224
f_diesel,312.1217629722532,0.97,0.9679448835389692
f_diesel,321.2589126795369,0.97,0.9701665451037146
f_diesel,330.3960623868206,0.97,0.9723882066684599
f_diesel,339.5332120941043,0.97,0.9746098682332053
S_gasoline_lag,-19.77198122459403,0.88,0.8770104185234077
S_gasoline_lag,-19.023686620251684,0.88,0.8781693112798352
S_gasoline_lag,-18.275392015909343,0.88,0.8793282040362628
S_gasoline_lag,-17.527097411567,0.88,0.8804870967926903
S_gasoline_lag,-16.778802807224654,0.88,0.8816459895491179
S_gasoline_lag,-16.03050820288231,0.88,0.8828048823055453
S_gasoline_lag,-15.282213598539968,0.88,0.8839637750619729
S_gasoline_lag,-14.533918994197624,0.89,0.8851226678184004
S_gasoline_lag,-13.78562438985528,0.89,0.886281560574828
S_gasoline_lag,-13.037329785512936,0.89,0.8874404533312555
S_gasoline_lag,-12.289035181170592,0.89,0.8885993460876831
S_gasoline_lag,-11.540740576828249,0.89,0.8897582388441106
S_gasoline_lag,-10.792445972485906,0.89,0.8909171316005382
S_gasoline_lag,-10.04415136814356,0.89,0.8920760243569658
S_gasoline_lag,-9.295856763801218,0.89,0.8932349171133933
S_gasoline_lag,-8.547562159458874,0.89,0.8943938098698209
S_gasoline_lag,-7.799267555116531,0.9,0.8955527026262484
S_gasoline_lag,-7.050972950774188,0.9,0.8967115953826759
S_gasoline_lag,-6.302678346431843,0.9,0.8978704881391034
S_gasoline_lag,-5.554383742089501,0.9,0.899029380895531
S_gasoline_lag,-4.806089137747156,0.9,0.9001882736519585
S_gasoline_lag,-4.057794533404813,0.9,0.9013471664083861
S_gasoline_lag,-3.3094999290624685,0.9,0.9025060591648136
S_gasoline_lag,-2.561205324720124,0.9,0.9036649519212412
S_gasoline_lag,-1.8129107203777828,0.91,0.9048238446776687
S_gasoline_lag,-1.0646161160354382,0.91,0.9059827374340963
S_gasoline_lag,-0.3163215116930935,0.91,0.9071416301905239
S_gasoline_lag,0.4319730926492475,0.91,0.9083005229469514
S_gasoline_lag,1.1802676969915922,0.91,0.909459415703379
S_gasoline_lag,1.9285623013339368,0.91,0.9106183084598065
S_gasoline_lag,2.676856905676281,0.91,0.9117772012162341
S_gasoline_lag,3.4251515100186225,0.91,0.9129360939726615
S_gasoline_lag,4.173446114360967,0.91,0.9140949867290891
S_gasoline_lag,4.921740718703312,0.92,0.9152538794855166
S_gasoline_lag,5.670035323045653,0.92,0.9164127722419442
S_gasoline_lag,6.4183299273879975,0.92,0.9175716649983717
S_gasoline_lag,7.166624531730342,0.92,0.9187305577547993
S_gasoline_lag,7.914919136072687,0.92,0.9198894505112268
S_gasoline_lag,8.663213740415028,0.92,0.9210483432676544
S_gasoline_lag,9.411508344757372,0.92,0.9222072360240819
S_gasoline_lag,10.159802949099715,0.92,0.9233661287805095
S_gasoline_lag,10.908097553442058,0.92,0.924525021536937
S_gasoline_lag,11.656392157784405,0.93,0.9256839142933646
S_gasoline_lag,12.404686762126744,0.93,0.9268428070497922
S_gasoline_lag,13.152981366469092,0.93,0.9280016998062197
S_gasoline_lag,13.901275970811431,0.93,0.9291605925626472
S_gasoline_lag,14.64957057515378,0.93,0.9303194853190747
S_gasoline_lag,15.397865179496122,0.93,0.9314783780755023
S_gasoline_lag,16.146159783838463,0.93,0.9326372708319298
S_gasoline_lag,16.89445438818081,0.93,0.9337961635883574
S_gasoline_lag,17.642748992523153,0.94,0.9349550563447849
S_gasoline_lag,18.391043596865494,0.94,0.9361139491012125
S_gasoline_lag,19.13933820120784,0.94,0.93727284185764
S_gasoline_lag,19.887632805550183,0.94,0.9384317346140676
S_gasoline_lag,20.635927409892524,0.94,0.9395906273704951
S_gasoline_lag,21.384222014234872,0.94,0.9407495201269227
S_gasoline_lag,22.132516618577213,0.94,0.9419084128833503
S_gasoline_lag,22.880811222919554,0.94,0.9430673056397777
S_gasoline_lag,23.629105827261903,0.94,0.9442261983962053
S_gasoline_lag,24.377400431604244,0.95,0.9453850911526328
S_gasoline_lag,25.125695035946592,0.95,0.9465439839090604
S_gasoline_lag,25.873989640288933,0.95,0.9477028766654879
S_gasoline_lag,26.622284244631278,0.95,0.9488617694219155
S_gasoline_lag,27.370578848973626,0.95,0.950020662178343
S_gasoline_lag,28.118873453315963,0.95,0.9511795549347706
S_gasoline_lag,28.867168057658304,0.95,0.9523384476911981
S_gasoline_lag,29.61546266200065,0.95,0.9534973404476257
S_gasoline_lag,30.363757266342997,0.96,0.9546562332040532
S_gasoline_lag,31.11205187068533,0.96,0.9558151259604808
S_gasoline_lag,31.860346475027683,0.96,0.9569740187169083
S_gasoline_lag,32.608641079370024,0.96,0.9581329114733359
S_gasoline_lag,33.35693568371237,0.96,0.9592918042297633
S_gasoline_lag,34.10523028805471,0.96,0.9604506969861909
S_gasoline_lag,34.853524892397054,0.96,0.9616095897426185
S_gasoline_lag,35.6018194967394,0.96,0.962768482499046
S_gasoline_lag,36.35011410108174,0.96,0.9639273752554736
S_gasoline_lag,37.098408705424085,0.97,0.9650862680119011
S_gasoline_lag,37.84670330976643,0.97,0.9662451607683287
S_gasoline_lag,38.59499791410877,0.97,0.9674040535247562
S_gasoline_lag,39.34329251845112,0.97,0.9685629462811838
S_gasoline_lag,40.09158712279346,0.97,0.9697218390376113
prev_u_gasoline,-393.4071035992978,0.88,0.8792527762473257
prev_u_gasoline,-384.393938626157,0.88,0.8804442643436369
prev_u_gasoline,-375.38077365301626,0.88,0.8816357524399481
prev_u_gasoline,-366.3676086798755,0.88,0.8828272405362592
prev_u_gasoline,-357.3544437067347,0.88,0.8840187286325704
prev_u_gasoline,-348.3412787335939,0.89,0.8852102167288816
prev_u_gasoline,-339.3281137604532,0.89,0.8864017048251926
prev_u_gasoline,-330.3149487873124,0.89,0.8875931929215038
prev_u_gasoline,-321.30178381417164,0.89,0.8887846810178149
prev_u_gasoline,-312.2886188410308,0.89,0.8899761691141261
prev_u_gasoline,-303.27545386789006,0.89,0.8911676572104373
prev_u_gasoline,-294.2622888947493,0.89,0.8923591453067484
prev_u_gasoline,-285.24912392160854,0.89,0.8935506334030596
prev_u_gasoline,-276.2359589484678,0.9,0.8947421214993707
prev_u_gasoline,-267.222793975327,0.9,0.8959336095956819
prev_u_gasoline,-258.20962900218626,0.9,0.8971250976919931
prev_u_gasoline,-249.19646402904547,0.9,0.8983165857883042
prev_u_gasoline,-240.1832990559047,0.9,0.8995080738846154
prev_u_gasoline,-231.17013408276392,0.9,0.9006995619809266
prev_u_gasoline,-222.1569691096232,0.9,0.9018910500772377
prev_u_gasoline,-213.1438041364824,0.9,0.9030825381735489
prev_u_gasoline,-204.1306391633416,0.9,0.90427402626986
prev_u_gasoline,-195.11747419020085,0.91,0.9054655143661712
prev_u_gasoline,-186.1043092170601,0.91,0.9066570024624824
prev_u_gasoline,-177.0911442439193,0.91,0.9078484905587935
prev_u_gasoline,-168.07797927077854,0.91,0.9090399786551047
prev_u_gasoline,-159.06481429763778,0.91,0.9102314667514159
prev_u_gasoline,-150.05164932449702,0.91,0.911422954847727
prev_u_gasoline,-141.03848435135623,0.91,0.9126144429440382
prev_u_gasoline,-132.02531937821544,0.91,0.9138059310403492
prev_u_gasoline,-123.01215440507468,0.92,0.9149974191366604
prev_u_gasoline,-113.99898943193392,0.92,0.9161889072329716
prev_u_gasoline,-104.98582445879316,0.92,0.9173803953292827
prev_u_gasoline,-95.9726594856524,0.92,0.9185718834255939
prev_u_gasoline,-86.95949451251164,0.92,0.919763371521905
prev_u_gasoline,-77.94632953937088,0.92,0.9209548596182162
prev_u_gasoline,-68.93316456623006,0.92,0.9221463477145274
prev_u_gasoline,-59.9199995930893,0.92,0.9233378358108385
prev_u_gasoline,-50.90683461994854,0.92,0.9245293239071497
prev_u_gasoline,-41.89366964680778,0.93,0.9257208120034609
prev_u_gasoline,-32.88050467366702,0.93,0.926912300099772
prev_u_gasoline,-23.86733970052626,0.93,0.9281037881960832
prev_u_gasoline,-14.85417472738544,0.93,0.9292952762923943
prev_u_gasoline,-5.841009754244681,0.93,0.9304867643887055
prev_u_gasoline,3.17215521889608,0.93,0.9316782524850167
prev_u_gasoline,12.18532019203684,0.93,0.9328697405813278
prev_u_gasoline,21.1984851651776,0.93,0.934061228677639
prev_u_gasoline,30.21165013831836,0.94,0.9352527167739502
prev_u_gasoline,39.22481511145918,0.94,0.9364442048702613
prev_u_gasoline,48.23798008459994,0.94,0.9376356929665725
prev_u_gasoline,57.2511450577407,0.94,0.9388271810628835
prev_u_gasoline,66.26431003088146,0.94,0.9400186691591947
prev_u_gasoline,75.27747500402222,0.94,0.9412101572555059
prev_u_gasoline,84.29063997716298,0.94,0.942401645351817
prev_u_gasoline,93.30380495030374,0.94,0.9435931334481282
prev_u_gasoline,102.31696992344456,0.95,0.9447846215444394
prev_u_gasoline,111.33013489658532,0.95,0.9459761096407505
prev_u_gasoline,120.34329986972602,0.95,0.9471675977370617
prev_u_gasoline,129.3564648428669,0.95,0.9483590858333728
prev_u_gasoline,138.36962981600766,0.95,0.949550573929684
prev_u_gasoline,147.38279478914842,0.95,0.9507420620259952
prev_u_gasoline,156.39595976228918,0.95,0.9519335501223063
prev_u_gasoline,165.40912473542994,0.95,0.9531250382186175
prev_u_gasoline,174.4222897085707,0.95,0.9543165263149286
prev_u_gasoline,183.43545468171143,0.96,0.9555080144112398
prev_u_gasoline,192.44861965485225,0.96,0.956699502507551
prev_u_gasoline,201.46178462799296,0.96,0.9578909906038621
prev_u_gasoline,210.47494960113372,0.96,0.9590824787001733
prev_u_gasoline,219.4881145742745,0.96,0.9602739667964845
prev_u_gasoline,228.5012795474153,0.96,0.9614654548927956
prev_u_gasoline,237.51444452055603,0.96,0.9626569429891068
prev_u_gasoline,246.5276094936969,0.96,0.9638484310854178
prev_u_gasoline,255.5407744668377,0.97,0.965039919181729
prev_u_gasoline,264.5539394399784,0.97,0.9662314072780402
prev_u_gasoline,273.5671044131192,0.97,0.9674228953743513
prev_u_gasoline,282.58026938625994,0.97,0.9686143834706625
prev_u_gasoline,291.5934343594007,0.97,0.9698058715669737
prev_u_gasoline,300.60659933254146,0.97,0.9709973596632848
prev_u_gasoline,309.6197643056822,0.97,0.972188847759596
prev_u_gasoline,318.632929278823,0.97,0.9733803358559071
prev_u_gasoline,327.6460942519638,0.98,0.9745718239522183
cpi_yoy,-0.003,0.91,1.0
cpi_yoy,-0.0024875,0.91,1.0
cpi_yoy,-0.001975,0.91,1.0
cpi_yoy,-0.0014624999999999,1.0,1.0
cpi_yoy,-0.0009499999999999,1.0,1.0
cpi_yoy,-0.0004374999999999,1.0,1.0
cpi_yoy,7.500000000000041e-05,1.0,1.0
cpi_yoy,0.0005875,1.0,1.0
cpi_yoy,0.0011,1.0,1.0
cpi_yoy,0.0016125,1.0,1.0
cpi_yoy,0.002125,1.0,1.0
cpi_yoy,0.0026375,1.0,1.0
cpi_yoy,0.00315,1.0,1.0
cpi_yoy,0.0036625,1.0,1.0
cpi_yoy,0.004175,1.0,1.0
cpi_yoy,0.0046875,1.0,1.0
cpi_yoy,0.0052,1.0,1.0
cpi_yoy,0.0057125,1.0,1.0
cpi_yoy,0.006225,1.0,1.0
cpi_yoy,0.0067375,1.0,1.0
cpi_yoy,0.00725,1.0,1.0
cpi_yoy,0.0077625,1.0,1.0
cpi_yoy,0.008275,1.0,1.0
cpi_yoy,0.0087875,1.0,1.0
cpi_yoy,0.0093,1.0,1.0
cpi_yoy,0.0098125,1.0,1.0
cpi_yoy,0.010325,1.0,1.0
cpi_yoy,0.0108375,1.0,0.9989015185395624
cpi_yoy,0.01135,0.99,0.9940614716476173
cpi_yoy,0.0118625,0.99,0.9892214247556721
cpi_yoy,0.012375,0.98,0.9843813778637269
cpi_yoy,0.0128875,0.98,0.9795413309717818
cpi_yoy,0.0134,0.97,0.9747012840798366
cpi_yoy,0.0139125,0.97,0.9698612371878914
cpi_yoy,0.014425,0.96,0.9650211902959462
cpi_yoy,0.0149375,0.96,0.9601811434040011
cpi_yoy,0.01545,0.96,0.9553410965120559
cpi_yoy,0.0159625,0.95,0.9505010496201107
cpi_yoy,0.016475,0.95,0.9456610027281656
cpi_yoy,0.0169875,0.94,0.9408209558362204
cpi_yoy,0.0175,0.94,0.9359809089442752
cpi_yoy,0.0180125,0.93,0.93114086205233
cpi_yoy,0.018525,0.93,0.9263008151603849
cpi_yoy,0.0190375,0.92,0.9214607682684398
cpi_yoy,0.01955,0.92,0.9166207213764945
cpi_yoy,0.0200625,0.91,0.9123709241055183
cpi_yoy,0.020575,0.91,0.9123709241055183
cpi_yoy,0.0210875,0.91,0.9123709241055183
cpi_yoy,0.0216,0.91,0.9123709241055183
cpi_yoy,0.0221125,0.91,0.9123709241055183
cpi_yoy,0.022625,0.91,0.9123709241055183
cpi_yoy,0.0231375,0.91,0.9123709241055183
cpi_yoy,0.02365,0.91,0.9123709241055183
cpi_yoy,0.0241625,0.91,0.9123709241055183
cpi_yoy,0.024675,0.91,0.9123709241055183
cpi_yoy,0.0251875,0.91,0.9123709241055183
cpi_yoy,0.0257,0.91,0.9123709241055183
cpi_yoy,0.0262125,0.91,0.9123709241055183
cpi_yoy,0.026725,0.91,0.9123709241055183
cpi_yoy,0.0272375,0.91,0.9123709241055183
cpi_yoy,0.02775,0.91,0.9123709241055183
cpi_yoy,0.0282625,0.91,0.9123709241055183
cpi_yoy,0.028775,0.91,0.9123709241055183
cpi_yoy,0.0292875,0.91,0.9123709241055183
cpi_yoy,0.0298,0.91,0.9123709241055183
cpi_yoy,0.0303125,0.91,0.9099029758760441
cpi_yoy,0.030825,0.91,0.9058555407797062
cpi_yoy,0.0313375,0.91,0.9018081056833684
cpi_yoy,0.03185,0.9,0.8977606705870307
cpi_yoy,0.0323625,0.9,0.8937132354906928
cpi_yoy,0.032875,0.89,0.889665800394355
cpi_yoy,0.0333875,0.89,0.8856183652980173
cpi_yoy,0.0339,0.88,0.8815709302016794
cpi_yoy,0.0344125,0.88,0.8775234951053417
cpi_yoy,0.034925,0.87,0.8734760600090039
cpi_yoy,0.0354375,0.87,0.8694286249126661
cpi_yoy,0.03595,0.86,0.8653811898163283
cpi_yoy,0.0364625,0.86,0.8613337547199904
cpi_yoy,0.036975,0.86,0.8572863196236526
cpi_yoy,0.0374875,0.85,0.8532388845273149
cpi_yoy,0.038,0.85,0.8491914494309771
