variable,x_value,alpha_target,f_gasoline,f_diesel,S_gasoline_lag,prev_u_gasoline,cpi_yoy,alpha_fitted,residual
f_gasoline,1.2731034248414517,1.0,1.2731034248414517,161.24135002256978,15.25615638306887,0.0,0.018,1.0,0.0
f_gasoline,10.7763955384346,1.0,10.7763955384346,161.24135002256978,15.25615638306887,0.0,0.018,1.0,0.0
f_gasoline,20.27968765202769,1.0,20.27968765202769,161.24135002256978,15.25615638306887,0.0,0.018,1.0,0.0
f_gasoline,29.78297976562078,1.0,29.78297976562078,161.24135002256978,15.25615638306887,0.0,0.018,1.0,0.0
f_gasoline,39.28627187921387,1.0,39.28627187921387,161.24135002256978,15.25615638306887,0.0,0.018,1.0,0.0
f_gasoline,48.78956399280696,1.0,48.78956399280696,161.24135002256978,15.25615638306887,0.0,0.018,1.0,0.0
f_gasoline,58.29285610640005,1.0,58.29285610640005,161.24135002256978,15.25615638306887,0.0,0.018,1.0,0.0
f_gasoline,67.79614821999314,1.0,67.79614821999314,161.24135002256978,15.25615638306887,0.0,0.018,1.0,0.0
f_gasoline,77.29944033358623,1.0,77.29944033358623,161.24135002256978,15.25615638306887,0.0,0.018,1.0,0.0
f_gasoline,86.80273244717932,1.0,86.80273244717932,161.24135002256978,15.25615638306887,0.0,0.018,1.0,0.0
f_gasoline,96.30602456077249,1.0,96.30602456077249,161.24135002256978,15.25615638306887,0.0,0.018,1.0,0.0
f_gasoline,105.8093166743655,0.99,105.8093166743655,161.24135002256978,15.25615638306887,0.0,0.018,1.0,0.010000000000000009
f_gasoline,115.31260878795864,0.98,115.31260878795864,161.24135002256978,15.25615638306887,0.0,0.018,0.9755305471997673,-0.004469452800232698
f_gasoline,124.8159009015518,0.96,124.8159009015518,161.24135002256978,15.25615638306887,0.0,0.018,0.9614148034564147,0.0014148034564147594
f_gasoline,134.31919301514483,0.96,134.31919301514483,161.24135002256978,15.25615638306887,0.0,0.018,0.9517767265458092,-0.008223273454190716
f_gasoline,143.82248512873798,0.95,143.82248512873798,161.24135002256978,15.25615638306887,0.0,0.018,0.9444495712437756,-0.005550428756224357
f_gasoline,153.325777242331,0.94,153.325777242331,161.24135002256978,15.25615638306887,0.0,0.018,0.9385367344314618,-0.0014632655685381524
f_gasoline,162.82906935592416,0.93,162.82906935592416,161.24135002256978,15.25615638306887,0.0,0.018,0.9335795702365113,0.0035795702365112314
f_gasoline,172.3323614695172,0.93,172.3323614695172,161.24135002256978,15.25615638306887,0.0,0.018,0.9293117109588679,-0.0006882890411321618
f_gasoline,181.83565358311037,0.92,181.83565358311037,161.24135002256978,15.25615638306887,0.0,0.018,0.9255646517375462,0.005564651737546167
f_gasoline,191.33894569670335,0.92,191.33894569670335,161.24135002256978,15.25615638306887,0.0,0.018,0.9222250000172709,0.002225000017270884
f_gasoline,200.84223781029647,0.92,200.84223781029647,161.24135002256978,15.25615638306887,0.0,0.018,0.9192127871495147,-0.0007872128504853304
f_gasoline,210.34552992388967,0.91,210.34552992388967,161.24135002256978,15.25615638306887,0.0,0.018,0.9164694995588782,0.006469499558878211
f_gasoline,219.8488220374827,0.91,219.8488220374827,161.24135002256978,15.25615638306887,0.0,0.018,0.9139510298544606,0.003951029854460608
f_gasoline,229.35211415107585,0.91,229.35211415107585,161.24135002256978,15.25615638306887,0.0,0.018,0.9116233043059927,0.0016233043059926677
f_gasoline,238.8554062646689,0.9,238.8554062646689,161.24135002256978,15.25615638306887,0.0,0.018,0.9094594528720362,0.0094594528720362
f_gasoline,248.35869837826203,0.9,248.35869837826203,161.24135002256978,15.25615638306887,0.0,0.018,0.9074379115778144,0.007437911577814371
f_gasoline,257.86199049185507,0.9,257.86199049185507,161.24135002256978,15.25615638306887,0.0,0.018,0.9055411113188626,0.0055411113188625905
f_gasoline,267.3652826054482,0.9,267.3652826054482,161.24135002256978,15.25615638306887,0.0,0.018,0.9037545482227336,0.003754548222733578
f_gasoline,276.86857471904125,0.9,276.86857471904125,161.24135002256978,15.25615638306887,0.0,0.018,0.9020661096253496,0.002066109625349588
f_gasoline,286.3718668326344,0.9,286.3718668326344,161.24135002256978,15.25615638306887,0.0,0.018,0.9004655756993902,0.00046557569939020826
f_gasoline,295.87515894622754,0.9,295.87515894622754,161.24135002256978,15.25615638306887,0.0,0.018,0.8989442445149199,-0.0010557554850800788
f_gasoline,305.3784510598206,0.9,305.3784510598206,161.24135002256978,15.25615638306887,0.0,0.018,0.897494645572477,-0.0025053544275229767
f_gasoline,314.8817431734137,0.9,314.8817431734137,161.24135002256978,15.25615638306887,0.0,0.018,0.896110317881924,-0.0038896821180760544
f_gasoline,324.3850352870068,0.9,324.3850352870068,161.24135002256978,15.25615638306887,0.0,0.018,0.8947856358851357,-0.005214364114864312
f_gasoline,333.8883274005999,0.9,333.8883274005999,161.24135002256978,15.25615638306887,0.0,0.018,0.8935156713549274,-0.006484328645072646
f_gasoline,343.39161951419294,0.9,343.39161951419294,161.24135002256978,15.25615638306887,0.0,0.018,0.8922960827010785,-0.007703917298921503
f_gasoline,352.8949116277861,0.9,352.8949116277861,161.24135002256978,15.25615638306887,0.0,0.018,0.891123025404918,-0.008876974595082077
f_diesel,1.4586729246075265,0.91,167.8326286565802,1.4586729246075265,15.25615638306887,0.0,0.018,0.9139368614206986,0.003936861420698601
f_diesel,10.595822631891224,0.91,167.8326286565802,10.595822631891224,15.25615638306887,0.0,0.018,0.9139368614206986,0.003936861420698601
f_diesel,19.73297233917492,0.91,167.8326286565802,19.73297233917492,15.25615638306887,0.0,0.018,0.9139368614206986,0.003936861420698601
f_diesel,28.87012204645862,0.91,167.8326286565802,28.87012204645862,15.25615638306887,0.0,0.018,0.9139368614206986,0.003936861420698601
f_diesel,38.00727175374232,0.91,167.8326286565802,38.00727175374232,15.25615638306887,0.0,0.018,0.9139368614206986,0.003936861420698601
f_diesel,47.14442146102601,0.91,167.8326286565802,47.14442146102601,15.25615638306887,0.0,0.018,0.9139368614206986,0.003936861420698601
f_diesel,56.28157116830971,0.91,167.8326286565802,56.28157116830971,15.25615638306887,0.0,0.018,0.9139368614206986,0.003936861420698601
f_diesel,65.41872087559341,0.91,167.8326286565802,65.41872087559341,15.25615638306887,0.0,0.018,0.9139368614206986,0.003936861420698601
f_diesel,74.5558705828771,0.91,167.8326286565802,74.5558705828771,15.25615638306887,0.0,0.018,0.9139368614206986,0.003936861420698601
f_diesel,83.6930202901608,0.91,167.8326286565802,83.6930202901608,15.25615638306887,0.0,0.018,0.9139368614206986,0.003936861420698601
f_diesel,92.8301699974445,0.92,167.8326286565802,92.8301699974445,15.25615638306887,0.0,0.018,0.9146250059850812,-0.00537499401491881
f_diesel,101.9673197047282,0.92,167.8326286565802,101.9673197047282,15.25615638306887,0.0,0.018,0.9168466675498266,-0.0031533324501734628
f_diesel,111.1044694120119,0.92,167.8326286565802,111.1044694120119,15.25615638306887,0.0,0.018,0.9190683291145719,-0.0009316708854281153
f_diesel,120.24161911929554,0.92,167.8326286565802,120.24161911929554,15.25615638306887,0.0,0.018,0.9212899906793173,0.0012899906793172322
f_diesel,129.37876882657923,0.92,167.8326286565802,129.37876882657923,15.25615638306887,0.0,0.018,0.9235116522440626,0.0035116522440625797
f_diesel,138.51591853386293,0.93,167.8326286565802,138.51591853386293,15.25615638306887,0.0,0.018,0.9257333138088079,-0.004266686191192193
f_diesel,147.65306824114663,0.93,167.8326286565802,147.65306824114663,15.25615638306887,0.0,0.018,0.9279549753735532,-0.0020450246264468452
f_diesel,156.79021794843032,0.93,167.8326286565802,156.79021794843032,15.25615638306887,0.0,0.018,0.9301766369382986,0.00017663693829850224
f_diesel,165.92736765571402,0.93,167.8326286565802,165.92736765571402,15.25615638306887,0.0,0.018,0.9323982985030439,0.0023982985030438497
f_diesel,175.06451736299772,0.94,167.8326286565802,175.06451736299772,15.25615638306887,0.0,0.018,0.9346199600677892,-0.005380039932210701
f_diesel,184.20166707028145,0.94,167.8326286565802,184.20166707028145,15.25615638306887,0.0,0.018,0.9368416216325346,-0.003158378367465353
f_diesel,193.3388167775651,0.94,167.8326286565802,193.3388167775651,15.25615638306887,0.0,0.018,0.9390632831972799,-0.0009367168027200057
f_diesel,202.4759664848488,0.94,167.8326286565802,202.4759664848488,15.25615638306887,0.0,0.018,0.9412849447620253,0.0012849447620253418
f_diesel,211.6131161921325,0.94,167.8326286565802,211.6131161921325,15.25615638306887,0.0,0.018,0.9435066063267706,0.0035066063267706893
f_diesel,220.7502658994162,0.95,167.8326286565802,220.7502658994162,15.25615638306887,0.0,0.018,0.9457282678915159,-0.004271732108484083
f_diesel,229.8874156066999,0.95,167.8326286565802,229.8874156066999,15.25615638306887,0.0,0.018,0.9479499294562612,-0.0020500705437387357
f_diesel,239.0245653139836,0.95,167.8326286565802,239.0245653139836,15.25615638306887,0.0,0.018,0.9501715910210066,0.00017159102100661183
f_diesel,248.1617150212673,0.95,167.8326286565802,248.1617150212673,15.25615638306887,0.0,0.018,0.9523932525857519,0.0023932525857519593
f_diesel,257.298864728551,0.95,167.8326286565802,257.298864728551,15.25615638306887,0.0,0.018,0.9546149141504973,0.004614914150497307
f_diesel,266.4360144358347,0.96,167.8326286565802,266.4360144358347,15.25615638306887,0.0,0.018,0.9568365757152426,-0.0031634242847573546
f_diesel,275.5731641431184,0.96,167.8326286565802,275.5731641431184,15.25615638306887,0.0,0.018,0.959058237279988,-0.0009417627200120071
f_diesel,284.7103138504021,0.96,167.8326286565802,284.7103138504021,15.25615638306887,0.0,0.018,0.9612798988447333,0.0012798988447333404
f_diesel,293.8474635576858,0.96,167.8326286565802,293.8474635576858,15.25615638306887,0.0,0.018,0.9635015604094787,0.003501560409478688
f_diesel,302.9846132649695,0.96,167.8326286565802,302.9846132649695,15.25615638306887,0.0,0.018,0.965723221974224,0.005723221974224035
f_diesel,312.1217629722532,0.97,167.8326286565802,312.1217629722532,15.25615638306887,0.0,0.018,0.9679448835389692,-0.002055116461030737
f_diesel,321.2589126795369,0.97,167.8326286565802,321.2589126795369,15.25615638306887,0.0,0.018,0.9701665451037146,0.0001665451037146104
f_diesel,330.3960623868206,0.97,167.8326286565802,330.3960623868206,15.25615638306887,0.0,0.018,0.9723882066684599,0.002388206668459958
f_diesel,339.5332120941043,0.97,167.8326286565802,339.5332120941043,15.25615638306887,0.0,0.018,0.9746098682332053,0.004609868233205305
S_gasoline_lag,-19.77198122459403,0.88,167.8326286565802,161.24135002256978,-19.77198122459403,0.0,0.018,0.8770104185234077,-0.00298958147659234
S_gasoline_lag,-19.023686620251684,0.88,167.8326286565802,161.24135002256978,-19.023686620251684,0.0,0.018,0.8781693112798352,-0.001830688720164786
S_gasoline_lag,-18.275392015909343,0.88,167.8326286565802,161.24135002256978,-18.275392015909343,0.0,0.018,0.8793282040362628,-0.0006717959637372317
S_gasoline_lag,-17.527097411567,0.88,167.8326286565802,161.24135002256978,-17.527097411567,0.0,0.018,0.8804870967926903,0.00048709679269032247
S_gasoline_lag,-16.778802807224654,0.88,167.8326286565802,161.24135002256978,-16.778802807224654,0.0,0.018,0.8816459895491179,0.0016459895491178766
S_gasoline_lag,-16.03050820288231,0.88,167.8326286565802,161.24135002256978,-16.03050820288231,0.0,0.018,0.8828048823055453,0.00280488230554532
S_gasoline_lag,-15.282213598539968,0.88,167.8326286565802,161.24135002256978,-15.282213598539968,0.0,0.018,0.8839637750619729,0.003963775061972874
S_gasoline_lag,-14.533918994197624,0.89,167.8326286565802,161.24135002256978,-14.533918994197624,0.0,0.018,0.8851226678184004,-0.004877332181599581
S_gasoline_lag,-13.78562438985528,0.89,167.8326286565802,161.24135002256978,-13.78562438985528,0.0,0.018,0.886281560574828,-0.0037184394251720265
S_gasoline_lag,-13.037329785512936,0.89,167.8326286565802,161.24135002256978,-13.037329785512936,0.0,0.018,0.8874404533312555,-0.0025595466687444723
S_gasoline_lag,-12.289035181170592,0.89,167.8326286565802,161.24135002256978,-12.289035181170592,0.0,0.018,0.8885993460876831,-0.0014006539123169182
S_gasoline_lag,-11.540740576828249,0.89,167.8326286565802,161.24135002256978,-11.540740576828249,0.0,0.018,0.8897582388441106,-0.00024176115588936398
S_gasoline_lag,-10.792445972485906,0.89,167.8326286565802,161.24135002256978,-10.792445972485906,0.0,0.018,0.8909171316005382,0.0009171316005381902
S_gasoline_lag,-10.04415136814356,0.89,167.8326286565802,161.24135002256978,-10.04415136814356,0.0,0.018,0.8920760243569658,0.0020760243569657444
S_gasoline_lag,-9.295856763801218,0.89,167.8326286565802,161.24135002256978,-9.295856763801218,0.0,0.018,0.8932349171133933,0.0032349171133932986
S_gasoline_lag,-8.547562159458874,0.89,167.8326286565802,161.24135002256978,-8.547562159458874,0.0,0.018,0.8943938098698209,0.004393809869820853
S_gasoline_lag,-7.799267555116531,0.9,167.8326286565802,161.24135002256978,-7.799267555116531,0.0,0.018,0.8955527026262484,-0.004447297373751602
S_gasoline_lag,-7.050972950774188,0.9,167.8326286565802,161.24135002256978,-7.050972950774188,0.0,0.018,0.8967115953826759,-0.003288404617324159
S_gasoline_lag,-6.302678346431843,0.9,167.8326286565802,161.24135002256978,-6.302678346431843,0.0,0.018,0.8978704881391034,-0.0021295118608966046
S_gasoline_lag,-5.554383742089501,0.9,167.8326286565802,161.24135002256978,-5.554383742089501,0.0,0.018,0.899029380895531,-0.0009706191044690504
S_gasoline_lag,-4.806089137747156,0.9,167.8326286565802,161.24135002256978,-4.806089137747156,0.0,0.018,0.9001882736519585,0.00018827365195850376
S_gasoline_lag,-4.057794533404813,0.9,167.8326286565802,161.24135002256978,-4.057794533404813,0.0,0.018,0.9013471664083861,0.001347166408386058
S_gasoline_lag,-3.3094999290624685,0.9,167.8326286565802,161.24135002256978,-3.3094999290624685,0.0,0.018,0.9025060591648136,0.002506059164813612
S_gasoline_lag,-2.561205324720124,0.9,167.8326286565802,161.24135002256978,-2.561205324720124,0.0,0.018,0.9036649519212412,0.0036649519212411663
S_gasoline_lag,-1.8129107203777828,0.91,167.8326286565802,161.24135002256978,-1.8129107203777828,0.0,0.018,0.9048238446776687,-0.005176155322331288
S_gasoline_lag,-1.0646161160354382,0.91,167.8326286565802,161.24135002256978,-1.0646161160354382,0.0,0.018,0.9059827374340963,-0.004017262565903734
S_gasoline_lag,-0.3163215116930935,0.91,167.8326286565802,161.24135002256978,-0.3163215116930935,0.0,0.018,0.9071416301905239,-0.00285836980947618
S_gasoline_lag,0.4319730926492475,0.91,167.8326286565802,161.24135002256978,0.4319730926492475,0.0,0.018,0.9083005229469514,-0.0016994770530486258
S_gasoline_lag,1.1802676969915922,0.91,167.8326286565802,161.24135002256978,1.1802676969915922,0.0,0.018,0.909459415703379,-0.0005405842966210717
S_gasoline_lag,1.9285623013339368,0.91,167.8326286565802,161.24135002256978,1.9285623013339368,0.0,0.018,0.9106183084598065,0.0006183084598064825
S_gasoline_lag,2.676856905676281,0.91,167.8326286565802,161.24135002256978,2.676856905676281,0.0,0.018,0.9117772012162341,0.0017772012162340367
S_gasoline_lag,3.4251515100186225,0.91,167.8326286565802,161.24135002256978,3.4251515100186225,0.0,0.018,0.9129360939726615,0.00293609397266148
S_gasoline_lag,4.173446114360967,0.91,167.8326286565802,161.24135002256978,4.173446114360967,0.0,0.018,0.9140949867290891,0.004094986729089034
S_gasoline_lag,4.921740718703312,0.92,167.8326286565802,161.24135002256978,4.921740718703312,0.0,0.018,0.9152538794855166,-0.004746120514483421
S_gasoline_lag,5.670035323045653,0.92,167.8326286565802,161.24135002256978,5.670035323045653,0.0,0.018,0.9164127722419442,-0.0035872277580558665
S_gasoline_lag,6.4183299273879975,0.92,167.8326286565802,161.24135002256978,6.4183299273879975,0.0,0.018,0.9175716649983717,-0.0024283350016283123
S_gasoline_lag,7.166624531730342,0.92,167.8326286565802,161.24135002256978,7.166624531730342,0.0,0.018,0.9187305577547993,-0.001269442245200758
S_gasoline_lag,7.914919136072687,0.92,167.8326286565802,161.24135002256978,7.914919136072687,0.0,0.018,0.9198894505112268,-0.00011054948877320392
S_gasoline_lag,8.663213740415028,0.92,167.8326286565802,161.24135002256978,8.663213740415028,0.0,0.018,0.9210483432676544,0.0010483432676543503
S_gasoline_lag,9.411508344757372,0.92,167.8326286565802,161.24135002256978,9.411508344757372,0.0,0.018,0.9222072360240819,0.0022072360240819044
S_gasoline_lag,10.159802949099715,0.92,167.8326286565802,161.24135002256978,10.159802949099715,0.0,0.018,0.9233661287805095,0.0033661287805094586
S_gasoline_lag,10.908097553442058,0.92,167.8326286565802,161.24135002256978,10.908097553442058,0.0,0.018,0.924525021536937,0.004525021536937013
S_gasoline_lag,11.656392157784405,0.93,167.8326286565802,161.24135002256978,11.656392157784405,0.0,0.018,0.9256839142933646,-0.004316085706635442
S_gasoline_lag,12.404686762126744,0.93,167.8326286565802,161.24135002256978,12.404686762126744,0.0,0.018,0.9268428070497922,-0.0031571929502078877
S_gasoline_lag,13.152981366469092,0.93,167.8326286565802,161.24135002256978,13.152981366469092,0.0,0.018,0.9280016998062197,-0.0019983001937803335
S_gasoline_lag,13.901275970811431,0.93,167.8326286565802,161.24135002256978,13.901275970811431,0.0,0.018,0.9291605925626472,-0.0008394074373528904
S_gasoline_lag,14.64957057515378,0.93,167.8326286565802,161.24135002256978,14.64957057515378,0.0,0.018,0.9303194853190747,0.0003194853190746638
S_gasoline_lag,15.397865179496122,0.93,167.8326286565802,161.24135002256978,15.397865179496122,0.0,0.018,0.9314783780755023,0.001478378075502218
S_gasoline_lag,16.146159783838463,0.93,167.8326286565802,161.24135002256978,16.146159783838463,0.0,0.018,0.9326372708319298,0.002637270831929772
S_gasoline_lag,16.89445438818081,0.93,167.8326286565802,161.24135002256978,16.89445438818081,0.0,0.018,0.9337961635883574,0.0037961635883573264
S_gasoline_lag,17.642748992523153,0.94,167.8326286565802,161.24135002256978,17.642748992523153,0.0,0.018,0.9349550563447849,-0.005044943655215017
S_gasoline_lag,18.391043596865494,0.94,167.8326286565802,161.24135002256978,18.391043596865494,0.0,0.018,0.9361139491012125,-0.003886050898787463
S_gasoline_lag,19.13933820120784,0.94,167.8326286565802,161.24135002256978,19.13933820120784,0.0,0.018,0.93727284185764,-0.002727158142359909
S_gasoline_lag,19.887632805550183,0.94,167.8326286565802,161.24135002256978,19.887632805550183,0.0,0.018,0.9384317346140676,-0.0015682653859323548
S_gasoline_lag,20.635927409892524,0.94,167.8326286565802,161.24135002256978,20.635927409892524,0.0,0.018,0.9395906273704951,-0.0004093726295048006
S_gasoline_lag,21.384222014234872,0.94,167.8326286565802,161.24135002256978,21.384222014234872,0.0,0.018,0.9407495201269227,0.0007495201269227536
S_gasoline_lag,22.132516618577213,0.94,167.8326286565802,161.24135002256978,22.132516618577213,0.0,0.018,0.9419084128833503,0.0019084128833503078
S_gasoline_lag,22.880811222919554,0.94,167.8326286565802,161.24135002256978,22.880811222919554,0.0,0.018,0.9430673056397777,0.003067305639777751
S_gasoline_lag,23.629105827261903,0.94,167.8326286565802,161.24135002256978,23.629105827261903,0.0,0.018,0.9442261983962053,0.004226198396205305
S_gasoline_lag,24.377400431604244,0.95,167.8326286565802,161.24135002256978,24.377400431604244,0.0,0.018,0.9453850911526328,-0.00461490884736715
S_gasoline_lag,25.125695035946592,0.95,167.8326286565802,161.24135002256978,25.125695035946592,0.0,0.018,0.9465439839090604,-0.0034560160909395954
S_gasoline_lag,25.873989640288933,0.95,167.8326286565802,161.24135002256978,25.873989640288933,0.0,0.018,0.9477028766654879,-0.002297123334512041
S_gasoline_lag,26.622284244631278,0.95,167.8326286565802,161.24135002256978,26.622284244631278,0.0,0.018,0.9488617694219155,-0.001138230578084487
S_gasoline_lag,27.370578848973626,0.95,167.8326286565802,161.24135002256978,27.370578848973626,0.0,0.018,0.950020662178343,2.066217834306716e-05
S_gasoline_lag,28.118873453315963,0.95,167.8326286565802,161.24135002256978,28.118873453315963,0.0,0.018,0.9511795549347706,0.0011795549347706213
S_gasoline_lag,28.867168057658304,0.95,167.8326286565802,161.24135002256978,28.867168057658304,0.0,0.018,0.9523384476911981,0.0023384476911981755
S_gasoline_lag,29.61546266200065,0.95,167.8326286565802,161.24135002256978,29.61546266200065,0.0,0.018,0.9534973404476257,0.0034973404476257297
S_gasoline_lag,30.363757266342997,0.96,167.8326286565802,161.24135002256978,30.363757266342997,0.0,0.018,0.9546562332040532,-0.005343766795946725
S_gasoline_lag,31.11205187068533,0.96,167.8326286565802,161.24135002256978,31.11205187068533,0.0,0.018,0.9558151259604808,-0.004184874039519171
S_gasoline_lag,31.860346475027683,0.96,167.8326286565802,161.24135002256978,31.860346475027683,0.0,0.018,0.9569740187169083,-0.0030259812830916166
S_gasoline_lag,32.608641079370024,0.96,167.8326286565802,161.24135002256978,32.608641079370024,0.0,0.018,0.9581329114733359,-0.0018670885266640624
S_gasoline_lag,33.35693568371237,0.96,167.8326286565802,161.24135002256978,33.35693568371237,0.0,0.018,0.9592918042297633,-0.0007081957702366193
S_gasoline_lag,34.10523028805471,0.96,167.8326286565802,161.24135002256978,34.10523028805471,0.0,0.018,0.9604506969861909,0.0004506969861909349
S_gasoline_lag,34.853524892397054,0.96,167.8326286565802,161.24135002256978,34.853524892397054,0.0,0.018,0.9616095897426185,0.001609589742618489
S_gasoline_lag,35.6018194967394,0.96,167.8326286565802,161.24135002256978,35.6018194967394,0.0,0.018,0.962768482499046,0.0027684824990460433
S_gasoline_lag,36.35011410108174,0.96,167.8326286565802,161.24135002256978,36.35011410108174,0.0,0.018,0.9639273752554736,0.0039273752554735974
S_gasoline_lag,37.098408705424085,0.97,167.8326286565802,161.24135002256978,37.098408705424085,0.0,0.018,0.9650862680119011,-0.004913731988098857
S_gasoline_lag,37.84670330976643,0.97,167.8326286565802,161.24135002256978,37.84670330976643,0.0,0.018,0.9662451607683287,-0.003754839231671303
S_gasoline_lag,38.59499791410877,0.97,167.8326286565802,161.24135002256978,38.59499791410877,0.0,0.018,0.9674040535247562,-0.002595946475243749
S_gasoline_lag,39.34329251845112,0.97,167.8326286565802,161.24135002256978,39.34329251845112,0.0,0.018,0.9685629462811838,-0.0014370537188161947
S_gasoline_lag,40.09158712279346,0.97,167.8326286565802,161.24135002256978,40.09158712279346,0.0,0.018,0.9697218390376113,-0.0002781609623886405
prev_u_gasoline,-393.4071035992978,0.88,167.8326286565802,161.24135002256978,15.25615638306887,-393.4071035992978,0.018,0.8792527762473257,-0.0007472237526743308
prev_u_gasoline,-384.393938626157,0.88,167.8326286565802,161.24135002256978,15.25615638306887,-384.393938626157,0.018,0.8804442643436369,0.00044426434363686873
prev_u_gasoline,-375.38077365301626,0.88,167.8326286565802,161.24135002256978,15.25615638306887,-375.38077365301626,0.018,0.8816357524399481,0.0016357524399480683
prev_u_gasoline,-366.3676086798755,0.88,167.8326286565802,161.24135002256978,15.25615638306887,-366.3676086798755,0.018,0.8828272405362592,0.002827240536259157
prev_u_gasoline,-357.3544437067347,0.88,167.8326286565802,161.24135002256978,15.25615638306887,-357.3544437067347,0.018,0.8840187286325704,0.004018728632570356
prev_u_gasoline,-348.3412787335939,0.89,167.8326286565802,161.24135002256978,15.25615638306887,-348.3412787335939,0.018,0.8852102167288816,-0.004789783271118453
prev_u_gasoline,-339.3281137604532,0.89,167.8326286565802,161.24135002256978,15.25615638306887,-339.3281137604532,0.018,0.8864017048251926,-0.0035982951748073644
prev_u_gasoline,-330.3149487873124,0.89,167.8326286565802,161.24135002256978,15.25615638306887,-330.3149487873124,0.018,0.8875931929215038,-0.002406807078496165
prev_u_gasoline,-321.30178381417164,0.89,167.8326286565802,161.24135002256978,15.25615638306887,-321.30178381417164,0.018,0.8887846810178149,-0.0012153189821850763
prev_u_gasoline,-312.2886188410308,0.89,167.8326286565802,161.24135002256978,15.25615638306887,-312.2886188410308,0.018,0.8899761691141261,-2.3830885873876717e-05
prev_u_gasoline,-303.27545386789006,0.89,167.8326286565802,161.24135002256978,15.25615638306887,-303.27545386789006,0.018,0.8911676572104373,0.0011676572104373228
prev_u_gasoline,-294.2622888947493,0.89,167.8326286565802,161.24135002256978,15.25615638306887,-294.2622888947493,0.018,0.8923591453067484,0.0023591453067484114
prev_u_gasoline,-285.24912392160854,0.89,167.8326286565802,161.24135002256978,15.25615638306887,-285.24912392160854,0.018,0.8935506334030596,0.003550633403059611
prev_u_gasoline,-276.2359589484678,0.9,167.8326286565802,161.24135002256978,15.25615638306887,-276.2359589484678,0.018,0.8947421214993707,-0.005257878500629309
prev_u_gasoline,-267.222793975327,0.9,167.8326286565802,161.24135002256978,15.25615638306887,-267.222793975327,0.018,0.8959336095956819,-0.00406639040431811
prev_u_gasoline,-258.20962900218626,0.9,167.8326286565802,161.24135002256978,15.25615638306887,-258.20962900218626,0.018,0.8971250976919931,-0.0028749023080069103
prev_u_gasoline,-249.19646402904547,0.9,167.8326286565802,161.24135002256978,15.25615638306887,-249.19646402904547,0.018,0.8983165857883042,-0.0016834142116958217
prev_u_gasoline,-240.1832990559047,0.9,167.8326286565802,161.24135002256978,15.25615638306887,-240.1832990559047,0.018,0.8995080738846154,-0.0004919261153846222
prev_u_gasoline,-231.17013408276392,0.9,167.8326286565802,161.24135002256978,15.25615638306887,-231.17013408276392,0.018,0.9006995619809266,0.0006995619809265774
prev_u_gasoline,-222.1569691096232,0.9,167.8326286565802,161.24135002256978,15.25615638306887,-222.1569691096232,0.018,0.9018910500772377,0.001891050077237666
prev_u_gasoline,-213.1438041364824,0.9,167.8326286565802,161.24135002256978,15.25615638306887,-213.1438041364824,0.018,0.9030825381735489,0.0030825381735488655
prev_u_gasoline,-204.1306391633416,0.9,167.8326286565802,161.24135002256978,15.25615638306887,-204.1306391633416,0.018,0.90427402626986,0.004274026269859954
prev_u_gasoline,-195.11747419020085,0.91,167.8326286565802,161.24135002256978,15.25615638306887,-195.11747419020085,0.018,0.9054655143661712,-0.004534485633828855
prev_u_gasoline,-186.1043092170601,0.91,167.8326286565802,161.24135002256978,15.25615638306887,-186.1043092170601,0.018,0.9066570024624824,-0.0033429975375176557
prev_u_gasoline,-177.0911442439193,0.91,167.8326286565802,161.24135002256978,15.25615638306887,-177.0911442439193,0.018,0.9078484905587935,-0.002151509441206567
prev_u_gasoline,-168.07797927077854,0.91,167.8326286565802,161.24135002256978,15.25615638306887,-168.07797927077854,0.018,0.9090399786551047,-0.0009600213448953676
prev_u_gasoline,-159.06481429763778,0.91,167.8326286565802,161.24135002256978,15.25615638306887,-159.06481429763778,0.018,0.9102314667514159,0.00023146675141583195
prev_u_gasoline,-150.05164932449702,0.91,167.8326286565802,161.24135002256978,15.25615638306887,-150.05164932449702,0.018,0.911422954847727,0.0014229548477269205
prev_u_gasoline,-141.03848435135623,0.91,167.8326286565802,161.24135002256978,15.25615638306887,-141.03848435135623,0.018,0.9126144429440382,0.00261444294403812
prev_u_gasoline,-132.02531937821544,0.91,167.8326286565802,161.24135002256978,15.25615638306887,-132.02531937821544,0.018,0.9138059310403492,0.0038059310403492086
prev_u_gasoline,-123.01215440507468,0.92,167.8326286565802,161.24135002256978,15.25615638306887,-123.01215440507468,0.018,0.9149974191366604,-0.005002580863339601
prev_u_gasoline,-113.99898943193392,0.92,167.8326286565802,161.24135002256978,15.25615638306887,-113.99898943193392,0.018,0.9161889072329716,-0.003811092767028401
prev_u_gasoline,-104.98582445879316,0.92,167.8326286565802,161.24135002256978,15.25615638306887,-104.98582445879316,0.018,0.9173803953292827,-0.0026196046707173126
prev_u_gasoline,-95.9726594856524,0.92,167.8326286565802,161.24135002256978,15.25615638306887,-95.9726594856524,0.018,0.9185718834255939,-0.001428116574406113
prev_u_gasoline,-86.95949451251164,0.92,167.8326286565802,161.24135002256978,15.25615638306887,-86.95949451251164,0.018,0.919763371521905,-0.00023662847809502452
prev_u_gasoline,-77.94632953937088,0.92,167.8326286565802,161.24135002256978,15.25615638306887,-77.94632953937088,0.018,0.9209548596182162,0.000954859618216175
prev_u_gasoline,-68.93316456623006,0.92,167.8326286565802,161.24135002256978,15.25615638306887,-68.93316456623006,0.018,0.9221463477145274,0.0021463477145273746
prev_u_gasoline,-59.9199995930893,0.92,167.8326286565802,161.24135002256978,15.25615638306887,-59.9199995930893,0.018,0.9233378358108385,0.003337835810838463
prev_u_gasoline,-50.90683461994854,0.92,167.8326286565802,161.24135002256978,15.25615638306887,-50.90683461994854,0.018,0.9245293239071497,0.004529323907149663
prev_u_gasoline,-41.89366964680778,0.93,167.8326286565802,161.24135002256978,15.25615638306887,-41.89366964680778,0.018,0.9257208120034609,-0.004279187996539147
prev_u_gasoline,-32.88050467366702,0.93,167.8326286565802,161.24135002256978,15.25615638306887,-32.88050467366702,0.018,0.926912300099772,-0.003087699900228058
prev_u_gasoline,-23.86733970052626,0.93,167.8326286565802,161.24135002256978,15.25615638306887,-23.86733970052626,0.018,0.9281037881960832,-0.0018962118039168585
prev_u_gasoline,-14.85417472738544,0.93,167.8326286565802,161.24135002256978,15.25615638306887,-14.85417472738544,0.018,0.9292952762923943,-0.00070472370760577
prev_u_gasoline,-5.841009754244681,0.93,167.8326286565802,161.24135002256978,15.25615638306887,-5.841009754244681,0.018,0.9304867643887055,0.0004867643887054296
prev_u_gasoline,3.17215521889608,0.93,167.8326286565802,161.24135002256978,15.25615638306887,3.17215521889608,0.018,0.9316782524850167,0.0016782524850166292
prev_u_gasoline,12.18532019203684,0.93,167.8326286565802,161.24135002256978,15.25615638306887,12.18532019203684,0.018,0.9328697405813278,0.0028697405813277177
prev_u_gasoline,21.1984851651776,0.93,167.8326286565802,161.24135002256978,15.25615638306887,21.1984851651776,0.018,0.934061228677639,0.004061228677638917
prev_u_gasoline,30.21165013831836,0.94,167.8326286565802,161.24135002256978,15.25615638306887,30.21165013831836,0.018,0.9352527167739502,-0.004747283226049781
prev_u_gasoline,39.22481511145918,0.94,167.8326286565802,161.24135002256978,15.25615638306887,39.22481511145918,0.018,0.9364442048702613,-0.0035557951297386925
prev_u_gasoline,48.23798008459994,0.94,167.8326286565802,161.24135002256978,15.25615638306887,48.23798008459994,0.018,0.9376356929665725,-0.002364307033427493
prev_u_gasoline,57.2511450577407,0.94,167.8326286565802,161.24135002256978,15.25615638306887,57.2511450577407,0.018,0.9388271810628835,-0.0011728189371164044
prev_u_gasoline,66.26431003088146,0.94,167.8326286565802,161.24135002256978,15.25615638306887,66.26431003088146,0.018,0.9400186691591947,1.866915919479517e-05
prev_u_gasoline,75.27747500402222,0.94,167.8326286565802,161.24135002256978,15.25615638306887,75.27747500402222,0.018,0.9412101572555059,0.0012101572555059947
prev_u_gasoline,84.29063997716298,0.94,167.8326286565802,161.24135002256978,15.25615638306887,84.29063997716298,0.018,0.942401645351817,0.0024016453518170833
prev_u_gasoline,93.30380495030374,0.94,167.8326286565802,161.24135002256978,15.25615638306887,93.30380495030374,0.018,0.9435931334481282,0.003593133448128283
prev_u_gasoline,102.31696992344456,0.95,167.8326286565802,161.24135002256978,15.25615638306887,102.31696992344456,0.018,0.9447846215444394,-0.0052153784555605265
prev_u_gasoline,111.33013489658532,0.95,167.8326286565802,161.24135002256978,15.25615638306887,111.33013489658532,0.018,0.9459761096407505,-0.004023890359249438
prev_u_gasoline,120.34329986972602,0.95,167.8326286565802,161.24135002256978,15.25615638306887,120.34329986972602,0.018,0.9471675977370617,-0.0028324022629382384
prev_u_gasoline,129.3564648428669,0.95,167.8326286565802,161.24135002256978,15.25615638306887,129.3564648428669,0.018,0.9483590858333728,-0.0016409141666271498
prev_u_gasoline,138.36962981600766,0.95,167.8326286565802,161.24135002256978,15.25615638306887,138.36962981600766,0.018,0.949550573929684,-0.0004494260703159503
prev_u_gasoline,147.38279478914842,0.95,167.8326286565802,161.24135002256978,15.25615638306887,147.38279478914842,0.018,0.9507420620259952,0.0007420620259952493
prev_u_gasoline,156.39595976228918,0.95,167.8326286565802,161.24135002256978,15.25615638306887,156.39595976228918,0.018,0.9519335501223063,0.0019335501223063378
prev_u_gasoline,165.40912473542994,0.95,167.8326286565802,161.24135002256978,15.25615638306887,165.40912473542994,0.018,0.9531250382186175,0.0031250382186175374
prev_u_gasoline,174.4222897085707,0.95,167.8326286565802,161.24135002256978,15.25615638306887,174.4222897085707,0.018,0.9543165263149286,0.004316526314928626
prev_u_gasoline,183.43545468171143,0.96,167.8326286565802,161.24135002256978,15.25615638306887,183.43545468171143,0.018,0.9555080144112398,-0.004491985588760183
prev_u_gasoline,192.44861965485225,0.96,167.8326286565802,161.24135002256978,15.25615638306887,192.44861965485225,0.018,0.956699502507551,-0.003300497492448984
prev_u_gasoline,201.46178462799296,0.96,167.8326286565802,161.24135002256978,15.25615638306887,201.46178462799296,0.018,0.9578909906038621,-0.0021090093961378953
prev_u_gasoline,210.47494960113372,0.96,167.8326286565802,161.24135002256978,15.25615638306887,210.47494960113372,0.018,0.9590824787001733,-0.0009175212998266957
prev_u_gasoline,219.4881145742745,0.96,167.8326286565802,161.24135002256978,15.25615638306887,219.4881145742745,0.018,0.9602739667964845,0.00027396679648450384
prev_u_gasoline,228.5012795474153,0.96,167.8326286565802,161.24135002256978,15.25615638306887,228.5012795474153,0.018,0.9614654548927956,0.0014654548927955924
prev_u_gasoline,237.51444452055603,0.96,167.8326286565802,161.24135002256978,15.25615638306887,237.51444452055603,0.018,0.9626569429891068,0.002656942989106792
prev_u_gasoline,246.5276094936969,0.96,167.8326286565802,161.24135002256978,15.25615638306887,246.5276094936969,0.018,0.9638484310854178,0.0038484310854178805
prev_u_gasoline,255.5407744668377,0.97,167.8326286565802,161.24135002256978,15.25615638306887,255.5407744668377,0.018,0.965039919181729,-0.004960080818270929
prev_u_gasoline,264.5539394399784,0.97,167.8326286565802,161.24135002256978,15.25615638306887,264.5539394399784,0.018,0.9662314072780402,-0.0037685927219597293
prev_u_gasoline,273.5671044131192,0.97,167.8326286565802,161.24135002256978,15.25615638306887,273.5671044131192,0.018,0.9674228953743513,-0.0025771046256486407
prev_u_gasoline,282.58026938625994,0.97,167.8326286565802,161.24135002256978,15.25615638306887,282.58026938625994,0.018,0.9686143834706625,-0.0013856165293374412
prev_u_gasoline,291.5934343594007,0.97,167.8326286565802,161.24135002256978,15.25615638306887,291.5934343594007,0.018,0.9698058715669737,-0.0001941284330262416
prev_u_gasoline,300.60659933254146,0.97,167.8326286565802,161.24135002256978,15.25615638306887,300.60659933254146,0.018,0.9709973596632848,0.000997359663284847
prev_u_gasoline,309.6197643056822,0.97,167.8326286565802,161.24135002256978,15.25615638306887,309.6197643056822,0.018,0.972188847759596,0.0021888477595960465
prev_u_gasoline,318.632929278823,0.97,167.8326286565802,161.24135002256978,15.25615638306887,318.632929278823,0.018,0.9733803358559071,0.003380335855907135
prev_u_gasoline,327.6460942519638,0.98,167.8326286565802,161.24135002256978,15.25615638306887,327.6460942519638,0.018,0.9745718239522183,-0.005428176047781674
cpi_yoy,-0.003,0.91,167.8326286565802,161.24135002256978,15.25615638306887,0.0,-0.003,1.0,0.08999999999999997
cpi_yoy,-0.0024875,0.91,167.8326286565802,161.24135002256978,15.25615638306887,0.0,-0.0024875,1.0,0.08999999999999997
cpi_yoy,-0.001975,0.91,167.8326286565802,161.24135002256978,15.25615638306887,0.0,-0.001975,1.0,0.08999999999999997
cpi_yoy,-0.0014624999999999,1.0,167.8326286565802,161.24135002256978,15.25615638306887,0.0,-0.0014624999999999,1.0,0.0
cpi_yoy,-0.0009499999999999,1.0,167.8326286565802,161.24135002256978,15.25615638306887,0.0,-0.0009499999999999,1.0,0.0
cpi_yoy,-0.0004374999999999,1.0,167.8326286565802,161.24135002256978,15.25615638306887,0.0,-0.0004374999999999,1.0,0.0
cpi_yoy,7.500000000000041e-05,1.0,167.8326286565802,161.24135002256978,15.25615638306887,0.0,7.500000000000041e-05,1.0,0.0
cpi_yoy,0.0005875,1.0,167.8326286565802,161.24135002256978,15.25615638306887,0.0,0.0005875,1.0,0.0
cpi_yoy,0.0011,1.0,167.8326286565802,161.24135002256978,15.25615638306887,0.0,0.0011,1.0,0.0
cpi_yoy,0.0016125,1.0,167.8326286565802,161.24135002256978,15.25615638306887,0.0,0.0016125,1.0,0.0
cpi_yoy,0.002125,1.0,167.8326286565802,161.24135002256978,15.25615638306887,0.0,0.002125,1.0,0.0
cpi_yoy,0.0026375,1.0,167.8326286565802,161.24135002256978,15.25615638306887,0.0,0.0026375,1.0,0.0
cpi_yoy,0.00315,1.0,167.8326286565802,161.24135002256978,15.25615638306887,0.0,0.00315,1.0,0.0
cpi_yoy,0.0036625,1.0,167.8326286565802,161.24135002256978,15.25615638306887,0.0,0.0036625,1.0,0.0
cpi_yoy,0.004175,1.0,167.8326286565802,161.24135002256978,15.25615638306887,0.0,0.004175,1.0,0.0
cpi_yoy,0.0046875,1.0,167.8326286565802,161.24135002256978,15.25615638306887,0.0,0.0046875,1.0,0.0
cpi_yoy,0.0052,1.0,167.8326286565802,161.24135002256978,15.25615638306887,0.0,0.0052,1.0,0.0
cpi_yoy,0.0057125,1.0,167.8326286565802,161.24135002256978,15.25615638306887,0.0,0.0057125,1.0,0.0
cpi_yoy,0.006225,1.0,167.8326286565802,161.24135002256978,15.25615638306887,0.0,0.006225,1.0,0.0
cpi_yoy,0.0067375,1.0,167.8326286565802,161.24135002256978,15.25615638306887,0.0,0.0067375,1.0,0.0
cpi_yoy,0.00725,1.0,167.8326286565802,161.24135002256978,15.25615638306887,0.0,0.00725,1.0,0.0
cpi_yoy,0.0077625,1.0,167.8326286565802,161.24135002256978,15.25615638306887,0.0,0.0077625,1.0,0.0
cpi_yoy,0.008275,1.0,167.8326286565802,161.24135002256978,15.25615638306887,0.0,0.008275,1.0,0.0
cpi_yoy,0.0087875,1.0,167.8326286565802,161.24135002256978,15.25615638306887,0.0,0.0087875,1.0,0.0
cpi_yoy,0.0093,1.0,167.8326286565802,161.24135002256978,15.25615638306887,0.0,0.0093,1.0,0.0
cpi_yoy,0.0098125,1.0,167.8326286565802,161.24135002256978,15.25615638306887,0.0,0.0098125,1.0,0.0
cpi_yoy,0.010325,1.0,167.8326286565802,161.24135002256978,15.25615638306887,0.0,0.010325,1.0,0.0
cpi_yoy,0.0108375,1.0,167.8326286565802,161.24135002256978,15.25615638306887,0.0,0.0108375,0.9989015185395624,-0.0010984814604375615
cpi_yoy,0.01135,0.99,167.8326286565802,161.24135002256978,15.25615638306887,0.0,0.01135,0.9940614716476173,0.004061471647617276
cpi_yoy,0.0118625,0.99,167.8326286565802,161.24135002256978,15.25615638306887,0.0,0.0118625,0.9892214247556721,-0.0007785752443278948
cpi_yoy,0.012375,0.98,167.8326286565802,161.24135002256978,15.25615638306887,0.0,0.012375,0.9843813778637269,0.004381377863726943
cpi_yoy,0.0128875,0.98,167.8326286565802,161.24135002256978,15.25615638306887,0.0,0.0128875,0.9795413309717818,-0.0004586690282182282
cpi_yoy,0.0134,0.97,167.8326286565802,161.24135002256978,15.25615638306887,0.0,0.0134,0.9747012840798366,0.0047012840798366096
cpi_yoy,0.0139125,0.97,167.8326286565802,161.24135002256978,15.25615638306887,0.0,0.0139125,0.9698612371878914,-0.00013876281210856156
cpi_yoy,0.014425,0.96,167.8326286565802,161.24135002256978,15.25615638306887,0.0,0.014425,0.9650211902959462,0.005021190295946276
cpi_yoy,0.0149375,0.96,167.8326286565802,161.24135002256978,15.25615638306887,0.0,0.0149375,0.9601811434040011,0.00018114340400110507
cpi_yoy,0.01545,0.96,167.8326286565802,161.24135002256978,15.25615638306887,0.0,0.01545,0.9553410965120559,-0.004658903487944066
cpi_yoy,0.0159625,0.95,167.8326286565802,161.24135002256978,15.25615638306887,0.0,0.0159625,0.9505010496201107,0.0005010496201107717
cpi_yoy,0.016475,0.95,167.8326286565802,161.24135002256978,15.25615638306887,0.0,0.016475,0.9456610027281656,-0.004338997271834399
cpi_yoy,0.0169875,0.94,167.8326286565802,161.24135002256978,15.25615638306887,0.0,0.0169875,0.9408209558362204,0.0008209558362204383
cpi_yoy,0.0175,0.94,167.8326286565802,161.24135002256978,15.25615638306887,0.0,0.0175,0.9359809089442752,-0.004019091055724733
cpi_yoy,0.0180125,0.93,167.8326286565802,161.24135002256978,15.25615638306887,0.0,0.0180125,0.93114086205233,0.001140862052329994
cpi_yoy,0.018525,0.93,167.8326286565802,161.24135002256978,15.25615638306887,0.0,0.018525,0.9263008151603849,-0.003699184839615177
cpi_yoy,0.0190375,0.92,167.8326286565802,161.24135002256978,15.25615638306887,0.0,0.0190375,0.9214607682684398,0.0014607682684397716
cpi_yoy,0.01955,0.92,167.8326286565802,161.24135002256978,15.25615638306887,0.0,0.01955,0.9166207213764945,-0.0033792786235055106
cpi_yoy,0.0200625,0.91,167.8326286565802,161.24135002256978,15.25615638306887,0.0,0.0200625,0.9123709241055183,0.002370924105518313
cpi_yoy,0.020575,0.91,167.8326286565802,161.24135002256978,15.25615638306887,0.0,0.020575,0.9123709241055183,0.002370924105518313
cpi_yoy,0.0210875,0.91,167.8326286565802,161.24135002256978,15.25615638306887,0.0,0.0210875,0.9123709241055183,0.002370924105518313
cpi_yoy,0.0216,0.91,167.8326286565802,161.24135002256978,15.25615638306887,0.0,0.0216,0.9123709241055183,0.002370924105518313
cpi_yoy,0.0221125,0.91,167.8326286565802,161.24135002256978,15.25615638306887,0.0,0.0221125,0.9123709241055183,0.002370924105518313
cpi_yoy,0.022625,0.91,167.8326286565802,161.24135002256978,15.25615638306887,0.0,0.022625,0.9123709241055183,0.002370924105518313
cpi_yoy,0.0231375,0.91,167.8326286565802,161.24135002256978,15.25615638306887,0.0,0.0231375,0.9123709241055183,0.002370924105518313
cpi_yoy,0.02365,0.91,167.8326286565802,161.24135002256978,15.25615638306887,0.0,0.02365,0.9123709241055183,0.002370924105518313
cpi_yoy,0.0241625,0.91,167.8326286565802,161.24135002256978,15.25615638306887,0.0,0.0241625,0.9123709241055183,0.002370924105518313
cpi_yoy,0.024675,0.91,167.8326286565802,161.24135002256978,15.25615638306887,0.0,0.024675,0.9123709241055183,0.002370924105518313
cpi_yoy,0.0251875,0.91,167.8326286565802,161.24135002256978,15.25615638306887,0.0,0.0251875,0.9123709241055183,0.002370924105518313
cpi_yoy,0.0257,0.91,167.8326286565802,161.24135002256978,15.25615638306887,0.0,0.0257,0.9123709241055183,0.002370924105518313
cpi_yoy,0.0262125,0.91,167.8326286565802,161.24135002256978,15.25615638306887,0.0,0.0262125,0.9123709241055183,0.002370924105518313
cpi_yoy,0.026725,0.91,167.8326286565802,161.24135002256978,15.25615638306887,0.0,0.026725,0.9123709241055183,0.002370924105518313
cpi_yoy,0.0272375,0.91,167.8326286565802,161.24135002256978,15.25615638306887,0.0,0.0272375,0.9123709241055183,0.002370924105518313
cpi_yoy,0.02775,0.91,167.8326286565802,161.24135002256978,15.25615638306887,0.0,0.02775,0.9123709241055183,0.002370924105518313
cpi_yoy,0.0282625,0.91,167.8326286565802,161.24135002256978,15.25615638306887,0.0,0.0282625,0.9123709241055183,0.002370924105518313
cpi_yoy,0.028775,0.91,167.8326286565802,161.24135002256978,15.25615638306887,0.0,0.028775,0.9123709241055183,0.002370924105518313
cpi_yoy,0.0292875,0.91,167.8326286565802,161.24135002256978,15.25615638306887,0.0,0.0292875,0.9123709241055183,0.002370924105518313
cpi_yoy,0.0298,0.91,167.8326286565802,161.24135002256978,15.25615638306887,0.0,0.0298,0.9123709241055183,0.002370924105518313
cpi_yoy,0.0303125,0.91,167.8326286565802,161.24135002256978,15.25615638306887,0.0,0.0303125,0.9099029758760441,-9.702412395595772e-05
cpi_yoy,0.030825,0.91,167.8326286565802,161.24135002256978,15.25615638306887,0.0,0.030825,0.9058555407797062,-0.004144459220293828
cpi_yoy,0.0313375,0.91,167.8326286565802,161.24135002256978,15.25615638306887,0.0,0.0313375,0.9018081056833684,-0.008191894316631587
cpi_yoy,0.03185,0.9,167.8326286565802,161.24135002256978,15.25615638306887,0.0,0.03185,0.8977606705870307,-0.0022393294129693375
cpi_yoy,0.0323625,0.9,167.8326286565802,161.24135002256978,15.25615638306887,0.0,0.0323625,0.8937132354906928,-0.006286764509307208
cpi_yoy,0.032875,0.89,167.8326286565802,161.24135002256978,15.25615638306887,0.0,0.032875,0.889665800394355,-0.0003341996056449581
cpi_yoy,0.0333875,0.89,167.8326286565802,161.24135002256978,15.25615638306887,0.0,0.0333875,0.8856183652980173,-0.004381634701982717
cpi_yoy,0.0339,0.88,167.8326286565802,161.24135002256978,15.25615638306887,0.0,0.0339,0.8815709302016794,0.0015709302016794213
cpi_yoy,0.0344125,0.88,167.8326286565802,161.24135002256978,15.25615638306887,0.0,0.0344125,0.8775234951053417,-0.002476504894658338
cpi_yoy,0.034925,0.87,167.8326286565802,161.24135002256978,15.25615638306887,0.0,0.034925,0.8734760600090039,0.0034760600090039118
cpi_yoy,0.0354375,0.87,167.8326286565802,161.24135002256978,15.25615638306887,0.0,0.0354375,0.8694286249126661,-0.0005713750873338475
cpi_yoy,0.03595,0.86,167.8326286565802,161.24135002256978,15.25615638306887,0.0,0.03595,0.8653811898163283,0.005381189816328291
cpi_yoy,0.0364625,0.86,167.8326286565802,161.24135002256978,15.25615638306887,0.0,0.0364625,0.8613337547199904,0.001333754719990421
cpi_yoy,0.036975,0.86,167.8326286565802,161.24135002256978,15.25615638306887,0.0,0.036975,0.8572863196236526,-0.0027136803763473383
cpi_yoy,0.0374875,0.85,167.8326286565802,161.24135002256978,15.25615638306887,0.0,0.0374875,0.8532388845273149,0.0032388845273149114
cpi_yoy,0.038,0.85,167.8326286565802,161.24135002256978,15.25615638306887,0.0,0.038,0.8491914494309771,-0.0008085505690228478
