variable,x_value,alpha_target,f_gasoline,S_gasoline_lag,prev_u_gasoline,alpha_fitted,residual
f_gasoline,-407.3684574596617,0.99,-407.3684574596617,15.25615638306887,0.0,1.0,0.010000000000000009
f_gasoline,-397.86516534606864,0.99,-397.86516534606864,15.25615638306887,0.0,1.0,0.010000000000000009
f_gasoline,-388.3618732324756,0.99,-388.3618732324756,15.25615638306887,0.0,1.0,0.010000000000000009
f_gasoline,-378.85858111888246,0.99,-378.85858111888246,15.25615638306887,0.0,1.0,0.010000000000000009
f_gasoline,-369.35528900528936,0.99,-369.35528900528936,15.25615638306887,0.0,1.0,0.010000000000000009
f_gasoline,-359.8519968916962,0.99,-359.8519968916962,15.25615638306887,0.0,1.0,0.010000000000000009
f_gasoline,-350.3487047781031,0.99,-350.3487047781031,15.25615638306887,0.0,1.0,0.010000000000000009
f_gasoline,-340.84541266451004,0.99,-340.84541266451004,15.25615638306887,0.0,1.0,0.010000000000000009
f_gasoline,-331.34212055091695,0.99,-331.34212055091695,15.25615638306887,0.0,1.0,0.010000000000000009
f_gasoline,-321.83882843732385,0.99,-321.83882843732385,15.25615638306887,0.0,1.0,0.010000000000000009
f_gasoline,-312.3355363237308,0.99,-312.3355363237308,15.25615638306887,0.0,1.0,0.010000000000000009
f_gasoline,-302.8322442101377,0.99,-302.8322442101377,15.25615638306887,0.0,1.0,0.010000000000000009
f_gasoline,-293.3289520965445,0.99,-293.3289520965445,15.25615638306887,0.0,1.0,0.010000000000000009
f_gasoline,-283.8256599829515,0.99,-283.8256599829515,15.25615638306887,0.0,1.0,0.010000000000000009
f_gasoline,-274.32236786935835,0.99,-274.32236786935835,15.25615638306887,0.0,1.0,0.010000000000000009
f_gasoline,-264.81907575576525,0.99,-264.81907575576525,15.25615638306887,0.0,1.0,0.010000000000000009
f_gasoline,-255.31578364217216,0.99,-255.31578364217216,15.25615638306887,0.0,0.9987135802909296,0.008713580290929612
f_gasoline,-245.81249152857907,0.98,-245.81249152857907,15.25615638306887,0.0,0.9961689672076469,0.016168967207646934
f_gasoline,-236.309199414986,0.98,-236.309199414986,15.25615638306887,0.0,0.993524427602892,0.013524427602891964
f_gasoline,-226.8059073013929,0.98,-226.8059073013929,15.25615638306887,0.0,0.9907717913498735,0.010771791349873494
f_gasoline,-217.30261518779977,0.98,-217.30261518779977,15.25615638306887,0.0,0.9879018434545102,0.007901843454510171
f_gasoline,-207.79932307420668,0.98,-207.79932307420668,15.25615638306887,0.0,0.984904137922229,0.0049041379222289905
f_gasoline,-198.2960309606136,0.98,-198.2960309606136,15.25615638306887,0.0,0.981766768237697,0.0017667682376970584
f_gasoline,-188.79273884702047,0.98,-188.79273884702047,15.25615638306887,0.0,0.9784760817254523,-0.0015239182745476754
f_gasoline,-179.28944673342738,0.98,-179.28944673342738,15.25615638306887,0.0,0.975016320475285,-0.004983679524715012
f_gasoline,-169.7861546198343,0.98,-169.7861546198343,15.25615638306887,0.0,0.9713691649430736,-0.008630835056926411
f_gasoline,-160.2828625062412,0.97,-160.2828625062412,15.25615638306887,0.0,0.9675131467487088,-0.0024868532512911656
f_gasoline,-150.7795703926481,0.97,-150.7795703926481,15.25615638306887,0.0,0.9634228829357959,-0.006577117064204052
f_gasoline,-141.27627827905496,0.97,-141.27627827905496,15.25615638306887,0.0,0.9590680623100917,-0.0109319376899083
f_gasoline,-131.77298616546187,0.97,-131.77298616546187,15.25615638306887,0.0,0.9544120808243653,-0.015587919175634624
f_gasoline,-122.26969405186878,0.97,-122.26969405186878,15.25615638306887,0.0,0.9494101692801373,-0.020589830719862645
f_gasoline,-112.76640193827568,0.96,-112.76640193827568,15.25615638306887,0.0,0.9440067683451058,-0.01599323165489419
f_gasoline,-103.2631098246826,0.96,-103.2631098246826,15.25615638306887,0.0,0.938131755785469,-0.02186824421453093
f_gasoline,-93.75981771108953,0.95,-93.75981771108953,15.25615638306887,0.0,0.9316948654504749,-0.018305134549525093
f_gasoline,-84.25652559749642,0.95,-84.25652559749642,15.25615638306887,0.0,0.9245771466742655,-0.025422853325734462
f_gasoline,-74.75323348390333,0.94,-74.75323348390333,15.25615638306887,0.0,0.9166173548774864,-0.023382645122513535
f_gasoline,-65.24994137031024,0.93,-65.24994137031024,15.25615638306887,0.0,0.9075891711114263,-0.02241082888857371
f_gasoline,-55.74664925671709,0.92,-55.74664925671709,15.25615638306887,0.0,0.8971606621974154,-0.022839337802584625
f_gasoline,-46.243357143124,0.9,-46.243357143124,15.25615638306887,0.0,0.8848162441076738,-0.015183755892326234
f_gasoline,-36.74006502953091,0.87,-36.74006502953091,15.25615638306887,0.0,0.869689872622314,-0.00031012737768598697
f_gasoline,-27.23677291593782,0.83,-27.23677291593782,15.25615638306887,0.0,0.8501515092198252,0.020151509219825225
f_gasoline,-17.73348080234473,0.73,-17.73348080234473,15.25615638306887,0.0,0.8225164876892528,0.0925164876892528
f_gasoline,-8.230188688751639,0.42,-8.230188688751639,15.25615638306887,0.0,0.774843160452579,0.35484316045257897
S_gasoline_lag,-19.77198122459403,1.0,-196.63216233755864,-19.77198122459403,0.0,1.0,0.0
S_gasoline_lag,-19.023686620251684,1.0,-196.63216233755864,-19.023686620251684,0.0,1.0,0.0
S_gasoline_lag,-18.275392015909343,1.0,-196.63216233755864,-18.275392015909343,0.0,1.0,0.0
S_gasoline_lag,-17.527097411567,1.0,-196.63216233755864,-17.527097411567,0.0,1.0,0.0
S_gasoline_lag,-16.778802807224654,1.0,-196.63216233755864,-16.778802807224654,0.0,1.0,0.0
S_gasoline_lag,-16.03050820288231,1.0,-196.63216233755864,-16.03050820288231,0.0,1.0,0.0
S_gasoline_lag,-15.282213598539968,1.0,-196.63216233755864,-15.282213598539968,0.0,1.0,0.0
S_gasoline_lag,-14.533918994197624,1.0,-196.63216233755864,-14.533918994197624,0.0,1.0,0.0
S_gasoline_lag,-13.78562438985528,1.0,-196.63216233755864,-13.78562438985528,0.0,1.0,0.0
S_gasoline_lag,-13.037329785512936,1.0,-196.63216233755864,-13.037329785512936,0.0,1.0,0.0
S_gasoline_lag,-12.289035181170592,1.0,-196.63216233755864,-12.289035181170592,0.0,1.0,0.0
S_gasoline_lag,-11.540740576828249,1.0,-196.63216233755864,-11.540740576828249,0.0,1.0,0.0
S_gasoline_lag,-10.792445972485906,1.0,-196.63216233755864,-10.792445972485906,0.0,1.0,0.0
S_gasoline_lag,-10.04415136814356,1.0,-196.63216233755864,-10.04415136814356,0.0,1.0,0.0
S_gasoline_lag,-9.295856763801218,1.0,-196.63216233755864,-9.295856763801218,0.0,1.0,0.0
S_gasoline_lag,-8.547562159458874,1.0,-196.63216233755864,-8.547562159458874,0.0,1.0,0.0
S_gasoline_lag,-7.799267555116531,1.0,-196.63216233755864,-7.799267555116531,0.0,1.0,0.0
S_gasoline_lag,-7.050972950774188,1.0,-196.63216233755864,-7.050972950774188,0.0,1.0,0.0
S_gasoline_lag,-6.302678346431843,1.0,-196.63216233755864,-6.302678346431843,0.0,1.0,0.0
S_gasoline_lag,-5.554383742089501,1.0,-196.63216233755864,-5.554383742089501,0.0,1.0,0.0
S_gasoline_lag,-4.806089137747156,1.0,-196.63216233755864,-4.806089137747156,0.0,1.0,0.0
S_gasoline_lag,-4.057794533404813,1.0,-196.63216233755864,-4.057794533404813,0.0,1.0,0.0
S_gasoline_lag,-3.3094999290624685,1.0,-196.63216233755864,-3.3094999290624685,0.0,1.0,0.0
S_gasoline_lag,-2.561205324720124,1.0,-196.63216233755864,-2.561205324720124,0.0,1.0,0.0
S_gasoline_lag,-1.8129107203777828,1.0,-196.63216233755864,-1.8129107203777828,0.0,1.0,0.0
S_gasoline_lag,-1.0646161160354382,1.0,-196.63216233755864,-1.0646161160354382,0.0,1.0,0.0
S_gasoline_lag,-0.3163215116930935,1.0,-196.63216233755864,-0.3163215116930935,0.0,1.0,0.0
S_gasoline_lag,0.4319730926492475,1.0,-196.63216233755864,0.4319730926492475,0.0,1.0,0.0
S_gasoline_lag,1.1802676969915922,1.0,-196.63216233755864,1.1802676969915922,0.0,1.0,0.0
S_gasoline_lag,1.9285623013339368,1.0,-196.63216233755864,1.9285623013339368,0.0,1.0,0.0
S_gasoline_lag,2.676856905676281,1.0,-196.63216233755864,2.676856905676281,0.0,1.0,0.0
S_gasoline_lag,3.4251515100186225,1.0,-196.63216233755864,3.4251515100186225,0.0,1.0,0.0
S_gasoline_lag,4.173446114360967,1.0,-196.63216233755864,4.173446114360967,0.0,0.9995594268811557,-0.0004405731188442674
S_gasoline_lag,4.921740718703312,1.0,-196.63216233755864,4.921740718703312,0.0,0.9983199575112902,-0.0016800424887097876
S_gasoline_lag,5.670035323045653,1.0,-196.63216233755864,5.670035323045653,0.0,0.9970804881414248,-0.0029195118585751967
S_gasoline_lag,6.4183299273879975,0.99,-196.63216233755864,6.4183299273879975,0.0,0.9958410187715594,0.005841018771559403
S_gasoline_lag,7.166624531730342,0.99,-196.63216233755864,7.166624531730342,0.0,0.994601549401694,0.004601549401693994
S_gasoline_lag,7.914919136072687,0.99,-196.63216233755864,7.914919136072687,0.0,0.9933620800318285,0.003362080031828474
S_gasoline_lag,8.663213740415028,0.99,-196.63216233755864,8.663213740415028,0.0,0.9921226106619631,0.0021226106619630647
S_gasoline_lag,9.411508344757372,0.99,-196.63216233755864,9.411508344757372,0.0,0.9908831412920976,0.0008831412920976556
S_gasoline_lag,10.159802949099715,0.99,-196.63216233755864,10.159802949099715,0.0,0.9896436719222321,-0.00035632807776786457
S_gasoline_lag,10.908097553442058,0.99,-196.63216233755864,10.908097553442058,0.0,0.9884042025523667,-0.0015957974476332737
S_gasoline_lag,11.656392157784405,0.99,-196.63216233755864,11.656392157784405,0.0,0.9871647331825013,-0.002835266817498683
S_gasoline_lag,12.404686762126744,0.98,-196.63216233755864,12.404686762126744,0.0,0.9859252638126359,0.005925263812635917
S_gasoline_lag,13.152981366469092,0.98,-196.63216233755864,13.152981366469092,0.0,0.9846857944427704,0.004685794442770397
S_gasoline_lag,13.901275970811431,0.98,-196.63216233755864,13.901275970811431,0.0,0.983446325072905,0.0034463250729049877
S_gasoline_lag,14.64957057515378,0.98,-196.63216233755864,14.64957057515378,0.0,0.9822068557030396,0.0022068557030395786
S_gasoline_lag,15.397865179496122,0.98,-196.63216233755864,15.397865179496122,0.0,0.9809673863331742,0.0009673863331741694
S_gasoline_lag,16.146159783838463,0.98,-196.63216233755864,16.146159783838463,0.0,0.9797279169633086,-0.0002720830366913507
S_gasoline_lag,16.89445438818081,0.98,-196.63216233755864,16.89445438818081,0.0,0.9784884475934432,-0.0015115524065567598
S_gasoline_lag,17.642748992523153,0.98,-196.63216233755864,17.642748992523153,0.0,0.9772489782235778,-0.002751021776422169
S_gasoline_lag,18.391043596865494,0.98,-196.63216233755864,18.391043596865494,0.0,0.9760095088537124,-0.003990491146287578
S_gasoline_lag,19.13933820120784,0.97,-196.63216233755864,19.13933820120784,0.0,0.9747700394838469,0.004770039483846911
S_gasoline_lag,19.887632805550183,0.97,-196.63216233755864,19.887632805550183,0.0,0.9735305701139815,0.0035305701139815016
S_gasoline_lag,20.635927409892524,0.97,-196.63216233755864,20.635927409892524,0.0,0.9722911007441161,0.0022911007441160924
S_gasoline_lag,21.384222014234872,0.97,-196.63216233755864,21.384222014234872,0.0,0.9710516313742505,0.0010516313742505723
S_gasoline_lag,22.132516618577213,0.97,-196.63216233755864,22.132516618577213,0.0,0.9698121620043851,-0.00018783799561483683
S_gasoline_lag,22.880811222919554,0.97,-196.63216233755864,22.880811222919554,0.0,0.9685726926345197,-0.001427307365480246
S_gasoline_lag,23.629105827261903,0.97,-196.63216233755864,23.629105827261903,0.0,0.9673332232646543,-0.002666776735345655
S_gasoline_lag,24.377400431604244,0.97,-196.63216233755864,24.377400431604244,0.0,0.9660937538947888,-0.003906246105211175
S_gasoline_lag,25.125695035946592,0.96,-196.63216233755864,25.125695035946592,0.0,0.9648542845249234,0.0048542845249234245
S_gasoline_lag,25.873989640288933,0.96,-196.63216233755864,25.873989640288933,0.0,0.963614815155058,0.0036148151550580154
S_gasoline_lag,26.622284244631278,0.96,-196.63216233755864,26.622284244631278,0.0,0.9623753457851926,0.0023753457851926063
S_gasoline_lag,27.370578848973626,0.96,-196.63216233755864,27.370578848973626,0.0,0.961135876415327,0.0011358764153270862
S_gasoline_lag,28.118873453315963,0.96,-196.63216233755864,28.118873453315963,0.0,0.9598964070454616,-0.00010359295453832296
S_gasoline_lag,28.867168057658304,0.96,-196.63216233755864,28.867168057658304,0.0,0.9586569376755962,-0.001343062324403732
S_gasoline_lag,29.61546266200065,0.96,-196.63216233755864,29.61546266200065,0.0,0.9574174683057308,-0.002582531694269141
S_gasoline_lag,30.363757266342997,0.96,-196.63216233755864,30.363757266342997,0.0,0.9561779989358653,-0.0038220010641346613
S_gasoline_lag,31.11205187068533,0.95,-196.63216233755864,31.11205187068533,0.0,0.9549385295659999,0.004938529565999938
S_gasoline_lag,31.860346475027683,0.95,-196.63216233755864,31.860346475027683,0.0,0.9536990601961345,0.0036990601961345293
S_gasoline_lag,32.608641079370024,0.95,-196.63216233755864,32.608641079370024,0.0,0.952459590826269,0.002459590826269009
S_gasoline_lag,33.35693568371237,0.95,-196.63216233755864,33.35693568371237,0.0,0.9512201214564036,0.0012201214564036
S_gasoline_lag,34.10523028805471,0.95,-196.63216233755864,34.10523028805471,0.0,0.9499806520865381,-1.9347913461809085e-05
S_gasoline_lag,34.853524892397054,0.95,-196.63216233755864,34.853524892397054,0.0,0.9487411827166727,-0.0012588172833272182
S_gasoline_lag,35.6018194967394,0.95,-196.63216233755864,35.6018194967394,0.0,0.9475017133468072,-0.0024982866531927383
S_gasoline_lag,36.35011410108174,0.95,-196.63216233755864,36.35011410108174,0.0,0.9462622439769418,-0.0037377560230581475
S_gasoline_lag,37.098408705424085,0.95,-196.63216233755864,37.098408705424085,0.0,0.9450227746070764,-0.004977225392923557
S_gasoline_lag,37.84670330976643,0.94,-196.63216233755864,37.84670330976643,0.0,0.9437833052372109,0.003783305237210932
S_gasoline_lag,38.59499791410877,0.94,-196.63216233755864,38.59499791410877,0.0,0.9425438358673455,0.002543835867345523
S_gasoline_lag,39.34329251845112,0.94,-196.63216233755864,39.34329251845112,0.0,0.9413043664974801,0.001304366497480114
S_gasoline_lag,40.09158712279346,0.94,-196.63216233755864,40.09158712279346,0.0,0.9400648971276147,6.489712761470479e-05
prev_u_gasoline,-393.4071035992978,1.0,-196.63216233755864,15.25615638306887,-393.4071035992978,1.0,0.0
prev_u_gasoline,-384.393938626157,1.0,-196.63216233755864,15.25615638306887,-384.393938626157,1.0,0.0
prev_u_gasoline,-375.38077365301626,1.0,-196.63216233755864,15.25615638306887,-375.38077365301626,1.0,0.0
prev_u_gasoline,-366.3676086798755,1.0,-196.63216233755864,15.25615638306887,-366.3676086798755,1.0,0.0
prev_u_gasoline,-357.3544437067347,1.0,-196.63216233755864,15.25615638306887,-357.3544437067347,1.0,0.0
prev_u_gasoline,-348.3412787335939,1.0,-196.63216233755864,15.25615638306887,-348.3412787335939,1.0,0.0
prev_u_gasoline,-339.3281137604532,1.0,-196.63216233755864,15.25615638306887,-339.3281137604532,1.0,0.0
prev_u_gasoline,-330.3149487873124,1.0,-196.63216233755864,15.25615638306887,-330.3149487873124,1.0,0.0
prev_u_gasoline,-321.30178381417164,1.0,-196.63216233755864,15.25615638306887,-321.30178381417164,1.0,0.0
prev_u_gasoline,-312.2886188410308,1.0,-196.63216233755864,15.25615638306887,-312.2886188410308,1.0,0.0
prev_u_gasoline,-303.27545386789006,1.0,-196.63216233755864,15.25615638306887,-303.27545386789006,1.0,0.0
prev_u_gasoline,-294.2622888947493,1.0,-196.63216233755864,15.25615638306887,-294.2622888947493,1.0,0.0
prev_u_gasoline,-285.24912392160854,1.0,-196.63216233755864,15.25615638306887,-285.24912392160854,1.0,0.0
prev_u_gasoline,-276.2359589484678,1.0,-196.63216233755864,15.25615638306887,-276.2359589484678,1.0,0.0
prev_u_gasoline,-267.222793975327,1.0,-196.63216233755864,15.25615638306887,-267.222793975327,1.0,0.0
prev_u_gasoline,-258.20962900218626,1.0,-196.63216233755864,15.25615638306887,-258.20962900218626,1.0,0.0
prev_u_gasoline,-249.19646402904547,1.0,-196.63216233755864,15.25615638306887,-249.19646402904547,1.0,0.0
prev_u_gasoline,-240.1832990559047,1.0,-196.63216233755864,15.25615638306887,-240.1832990559047,1.0,0.0
prev_u_gasoline,-231.17013408276392,1.0,-196.63216233755864,15.25615638306887,-231.17013408276392,1.0,0.0
prev_u_gasoline,-222.1569691096232,1.0,-196.63216233755864,15.25615638306887,-222.1569691096232,1.0,0.0
prev_u_gasoline,-213.1438041364824,1.0,-196.63216233755864,15.25615638306887,-213.1438041364824,1.0,0.0
prev_u_gasoline,-204.1306391633416,1.0,-196.63216233755864,15.25615638306887,-204.1306391633416,1.0,0.0
prev_u_gasoline,-195.11747419020085,1.0,-196.63216233755864,15.25615638306887,-195.11747419020085,1.0,0.0
prev_u_gasoline,-186.1043092170601,1.0,-196.63216233755864,15.25615638306887,-186.1043092170601,1.0,0.0
prev_u_gasoline,-177.0911442439193,1.0,-196.63216233755864,15.25615638306887,-177.0911442439193,1.0,0.0
prev_u_gasoline,-168.07797927077854,1.0,-196.63216233755864,15.25615638306887,-168.07797927077854,1.0,0.0
prev_u_gasoline,-159.06481429763778,1.0,-196.63216233755864,15.25615638306887,-159.06481429763778,1.0,0.0
prev_u_gasoline,-150.05164932449702,1.0,-196.63216233755864,15.25615638306887,-150.05164932449702,1.0,0.0
prev_u_gasoline,-141.03848435135623,1.0,-196.63216233755864,15.25615638306887,-141.03848435135623,1.0,0.0
prev_u_gasoline,-132.02531937821544,1.0,-196.63216233755864,15.25615638306887,-132.02531937821544,1.0,0.0
prev_u_gasoline,-123.01215440507468,1.0,-196.63216233755864,15.25615638306887,-123.01215440507468,0.9994812525504339,-0.0005187474495661482
prev_u_gasoline,-113.99898943193392,1.0,-196.63216233755864,15.25615638306887,-113.99898943193392,0.9981419303265101,-0.0018580696734898927
prev_u_gasoline,-104.98582445879316,0.99,-196.63216233755864,15.25615638306887,-104.98582445879316,0.9968026081025865,0.006802608102586483
prev_u_gasoline,-95.9726594856524,0.99,-196.63216233755864,15.25615638306887,-95.9726594856524,0.9954632858786627,0.005463285878662738
prev_u_gasoline,-86.95949451251164,0.99,-196.63216233755864,15.25615638306887,-86.95949451251164,0.9941239636547391,0.0041239636547391045
prev_u_gasoline,-77.94632953937088,0.99,-196.63216233755864,15.25615638306887,-77.94632953937088,0.9927846414308155,0.002784641430815471
prev_u_gasoline,-68.93316456623006,0.99,-196.63216233755864,15.25615638306887,-68.93316456623006,0.9914453192068917,0.0014453192068917264
prev_u_gasoline,-59.9199995930893,0.99,-196.63216233755864,15.25615638306887,-59.9199995930893,0.9901059969829681,0.0001059969829680929
prev_u_gasoline,-50.90683461994854,0.99,-196.63216233755864,15.25615638306887,-50.90683461994854,0.9887666747590443,-0.0012333252409556517
prev_u_gasoline,-41.89366964680778,0.99,-196.63216233755864,15.25615638306887,-41.89366964680778,0.9874273525351207,-0.002572647464879285
prev_u_gasoline,-32.88050467366702,0.98,-196.63216233755864,15.25615638306887,-32.88050467366702,0.986088030311197,0.006088030311196979
prev_u_gasoline,-23.86733970052626,0.98,-196.63216233755864,15.25615638306887,-23.86733970052626,0.9847487080872733,0.004748708087273346
prev_u_gasoline,-14.85417472738544,0.98,-196.63216233755864,15.25615638306887,-14.85417472738544,0.9834093858633496,0.003409385863349601
prev_u_gasoline,-5.841009754244681,0.98,-196.63216233755864,15.25615638306887,-5.841009754244681,0.982070063639426,0.0020700636394259675
prev_u_gasoline,3.17215521889608,0.98,-196.63216233755864,15.25615638306887,3.17215521889608,0.9807307414155023,0.000730741415502334
prev_u_gasoline,12.18532019203684,0.98,-196.63216233755864,15.25615638306887,12.18532019203684,0.9793914191915786,-0.0006085808084214106
prev_u_gasoline,21.1984851651776,0.98,-196.63216233755864,15.25615638306887,21.1984851651776,0.9780520969676549,-0.0019479030323450441
prev_u_gasoline,30.21165013831836,0.98,-196.63216233755864,15.25615638306887,30.21165013831836,0.9767127747437312,-0.0032872252562687887
prev_u_gasoline,39.22481511145918,0.97,-196.63216233755864,15.25615638306887,39.22481511145918,0.9753734525198076,0.005373452519807587
prev_u_gasoline,48.23798008459994,0.97,-196.63216233755864,15.25615638306887,48.23798008459994,0.9740341302958838,0.004034130295883842
prev_u_gasoline,57.2511450577407,0.97,-196.63216233755864,15.25615638306887,57.2511450577407,0.9726948080719602,0.0026948080719602086
prev_u_gasoline,66.26431003088146,0.97,-196.63216233755864,15.25615638306887,66.26431003088146,0.9713554858480365,0.001355485848036575
prev_u_gasoline,75.27747500402222,0.97,-196.63216233755864,15.25615638306887,75.27747500402222,0.9700161636241128,1.6163624112830455e-05
prev_u_gasoline,84.29063997716298,0.97,-196.63216233755864,15.25615638306887,84.29063997716298,0.9686768414001892,-0.001323158599810803
prev_u_gasoline,93.30380495030374,0.97,-196.63216233755864,15.25615638306887,93.30380495030374,0.9673375191762654,-0.0026624808237345476
prev_u_gasoline,102.31696992344456,0.97,-196.63216233755864,15.25615638306887,102.31696992344456,0.9659981969523418,-0.004001803047658181
prev_u_gasoline,111.33013489658532,0.96,-196.63216233755864,15.25615638306887,111.33013489658532,0.964658874728418,0.004658874728418083
prev_u_gasoline,120.34329986972602,0.96,-196.63216233755864,15.25615638306887,120.34329986972602,0.9633195525044944,0.0033195525044944496
prev_u_gasoline,129.3564648428669,0.96,-196.63216233755864,15.25615638306887,129.3564648428669,0.9619802302805707,0.001980230280570705
prev_u_gasoline,138.36962981600766,0.96,-196.63216233755864,15.25615638306887,138.36962981600766,0.960640908056647,0.0006409080566470715
prev_u_gasoline,147.38279478914842,0.96,-196.63216233755864,15.25615638306887,147.38279478914842,0.9593015858327234,-0.000698414167276562
prev_u_gasoline,156.39595976228918,0.96,-196.63216233755864,15.25615638306887,156.39595976228918,0.9579622636087997,-0.0020377363912003066
prev_u_gasoline,165.40912473542994,0.96,-196.63216233755864,15.25615638306887,165.40912473542994,0.956622941384876,-0.00337705861512394
prev_u_gasoline,174.4222897085707,0.96,-196.63216233755864,15.25615638306887,174.4222897085707,0.9552836191609523,-0.004716380839047685
prev_u_gasoline,183.43545468171143,0.96,-196.63216233755864,15.25615638306887,183.43545468171143,0.9539442969370286,-0.006055703062971318
prev_u_gasoline,192.44861965485225,0.95,-196.63216233755864,15.25615638306887,192.44861965485225,0.9526049747131049,0.002604974713104946
prev_u_gasoline,201.46178462799296,0.95,-196.63216233755864,15.25615638306887,201.46178462799296,0.9512656524891813,0.0012656524891813126
prev_u_gasoline,210.47494960113372,0.95,-196.63216233755864,15.25615638306887,210.47494960113372,0.9499263302652576,-7.366973474232097e-05
prev_u_gasoline,219.4881145742745,0.95,-196.63216233755864,15.25615638306887,219.4881145742745,0.9485870080413339,-0.0014129919586660655
prev_u_gasoline,228.5012795474153,0.95,-196.63216233755864,15.25615638306887,228.5012795474153,0.9472476858174103,-0.002752314182589699
prev_u_gasoline,237.51444452055603,0.95,-196.63216233755864,15.25615638306887,237.51444452055603,0.9459083635934865,-0.004091636406513444
prev_u_gasoline,246.5276094936969,0.95,-196.63216233755864,15.25615638306887,246.5276094936969,0.9445690413695629,-0.005430958630437077
prev_u_gasoline,255.5407744668377,0.94,-196.63216233755864,15.25615638306887,255.5407744668377,0.9432297191456391,0.003229719145639187
prev_u_gasoline,264.5539394399784,0.94,-196.63216233755864,15.25615638306887,264.5539394399784,0.9418903969217155,0.0018903969217155536
prev_u_gasoline,273.5671044131192,0.94,-196.63216233755864,15.25615638306887,273.5671044131192,0.9405510746977918,0.0005510746977918091
prev_u_gasoline,282.58026938625994,0.94,-196.63216233755864,15.25615638306887,282.58026938625994,0.9392117524738681,-0.0007882475261318245
prev_u_gasoline,291.5934343594007,0.94,-196.63216233755864,15.25615638306887,291.5934343594007,0.9378724302499444,-0.002127569750055569
prev_u_gasoline,300.60659933254146,0.93,-196.63216233755864,15.25615638306887,300.60659933254146,0.9365331080260207,0.006533108026020695
prev_u_gasoline,309.6197643056822,0.93,-196.63216233755864,15.25615638306887,309.6197643056822,0.9351937858020971,0.005193785802097062
prev_u_gasoline,318.632929278823,0.93,-196.63216233755864,15.25615638306887,318.632929278823,0.9338544635781734,0.003854463578173317
prev_u_gasoline,327.6460942519638,0.93,-196.63216233755864,15.25615638306887,327.6460942519638,0.9325151413542497,0.0025151413542496837
