scenario,data_scope,date,month,alpha_gasoline,alpha_diesel,optimal_u_gasoline,optimal_u_diesel,optimal_price_gasoline,optimal_price_diesel,S_gasoline,S_diesel,LC,LF,LV,LT,Lpi,LE,total_loss,f_gasoline,f_diesel,u_hist_gasoline,u_hist_diesel,historical_alpha_gasoline,historical_alpha_diesel,gasoline_price_after,diesel_price_after,grid_step
volatility_priority,forecast_to_2026,2016-01-27,2016-01-01,0.95,0.99,-309.49611684332126,-309.8047423963905,6615.503883156679,5660.195257603609,-16.289269307543236,-3.1293408322868004,-2.7197550219658373,0.0,1.4128678919125641,0.014733973228309195,0.06715426911777199,0.0,0.054559018427003614,-325.7853861508645,-312.9340832286773,0,0,-0.0,-0.0,6925,5970,0.01
volatility_priority,forecast_to_2026,2016-02-15,2016-02-01,0.64,0.66,70.91013022896568,70.14575973735373,6686.4140133856445,5730.341017340963,28.484459738512925,33.94515582755115,0.1555835175952079,0.11294931173918585,0.9382816883112314,0.18376883441814904,0.0,0.0,0.34480673941872536,110.79707848275888,106.28145414750564,0,0,0.0,0.0,6925,5970,0.01
volatility_priority,forecast_to_2026,2016-02-29,2016-02-01,0.99,1.0,55.54123510619897,54.00230941948396,6741.955248491843,5784.343326760447,20.500144393789327,23.761609079285797,0.09120749536850277,0.05630839052450555,0.02702041211833156,1.658856339601316e-05,0.0,0.0,0.028760670059396056,56.10225768302926,54.00230941948396,0,0,0.0,0.0,6925,5970,0.01
volatility_priority,forecast_to_2026,2016-03-14,2016-03-01,0.83,0.82,237.08624065502715,225.25166169562883,6979.04148914687,6009.594988456076,62.90993349897133,66.07861306917468,1.5856719711650957,0.46549961729395806,0.6428904529343659,0.3113581582685024,0.0,0.0,0.5236213004221674,285.646073078346,274.69714840930345,0,0,0.0,0.0,6925,5970,0.01
volatility_priority,forecast_to_2026,2016-03-28,2016-03-01,0.99,0.99,146.95732216295912,141.38458957422145,7125.998811309829,6150.9795780302975,45.52137084486537,47.68315631583866,0.574904537144713,0.24287876827562552,0.2224928784287168,0.00027219820811026624,0.0,0.0,0.18127563403659777,148.44173955854455,142.81271674163784,0,0,0.0,0.0,6925,5970,0.01
volatility_priority,forecast_to_2026,2016-04-12,2016-04-01,0.75,0.75,-75.75220470475251,-72.7644911685945,7050.2466066050765,6078.215086861703,6.614224689821597,9.123379031555565,-0.14576548561980426,0.0075234009088369705,0.34052026422165593,0.0786205279663973,0.0,0.0,0.09380906132225698,-101.00293960633668,-97.019321558126,0,0,-0.0,-0.0,6925,5970,0.01
volatility_priority,forecast_to_2026,2016-04-27,2016-04-01,0.8,0.8,229.0690186838297,220.2378394474497,7279.315625288907,6298.452926309153,61.89721195383254,61.44582518395134,1.3653347695127087,0.4198276811977973,0.977776433029307,0.40481795278097704,0.0,0.0,0.5999301863975994,286.3362733547871,275.2972993093121,165,160,0.576245538390295,0.5811898641992522,7090,6130,0.01
volatility_priority,forecast_to_2026,2016-05-12,2016-05-01,0.96,0.96,168.08971289599802,161.6778796606367,7447.405338184904,6460.130805969789,50.33178640501603,49.74865594795912,0.6877517040064547,0.2763841344698695,0.2523589823352493,0.0060577772670291265,0.0,0.0,0.21153480090464413,175.09345093333127,168.4144579798299,120,115,0.6853483060636648,0.6828392370788792,7210,6245,0.01
volatility_priority,forecast_to_2026,2016-05-26,2016-05-01,0.92,0.92,176.1120911636713,169.34624306699038,7623.517429348576,6629.47704903678,50.54634536730873,49.54981943026618,0.7187364128755381,0.2759343778709726,0.2531750359316806,0.028953015582274026,0.0,0.0,0.21925984366553394,191.4261860474688,184.0720033336852,210,200,1.097028595387286,1.0865313376170551,7420,6445,0.01
volatility_priority,forecast_to_2026,2016-06-09,2016-06-01,1.0,1.0,100.23322113792264,96.43735586995946,7723.750650486499,6725.91440490674,35.38244175711611,34.68487360118631,0.2212456334249412,0.1350420195520546,0.11601311931249426,0.0,0.015482267411286197,0.0,0.08468420721052766,100.23322113792264,96.43735586995946,110,110,1.097440536692302,1.14063683110857,7530,6555,0.01
volatility_priority,forecast_to_2026,2016-06-23,2016-06-01,0.0,0.0,0.0,0.0,7723.750650486499,6725.91440490674,24.76770922998128,24.279411520830415,0.0,0.06617058958050676,0.05955352575764438,0.0,0.015482267411286197,0.0,0.02929745770614432,0.0,0.0,0,0,,,7530,6555,0.01
volatility_priority,forecast_to_2026,2016-07-07,2016-07-01,0.0,0.0,0.0,0.0,7723.750650486499,6725.91440490674,17.337396460986895,16.995588064581288,0.0,0.03248134552256427,0.0,0.0,0.06715426911777199,0.0,0.0045473883731589945,0.0,0.0,0,0,,,7530,6555,0.01
volatility_priority,forecast_to_2026,2016-07-22,2016-07-01,0.92,0.94,-145.24583451889066,-142.3981594017565,7578.504815967608,6583.516245504983,-0.4938950441692498,2.8076674280735006,-0.46394240694223643,0.0005457921197998772,0.30376027697581653,0.014647716257750252,0.06715426911777199,0.0,0.037704834970177,-157.87590708575073,-151.48740361888989,-155,-150,0.98178374940903,0.9901813379637037,7375,6405,0.01
volatility_priority,forecast_to_2026,2016-08-05,2016-08-01,0.98,1.0,-217.59690179083375,-213.3250115912218,7360.907914176774,6370.191233913762,-4.786479628690614,1.965367199651439,-1.083612775907525,0.0002651812922564266,0.4264573402061385,0.0010285773351657796,0.386382979664885,0.0,-0.023587460357372712,-222.03765488860589,-213.3250115912218,-220,-215,0.9908229309590386,1.0078518144510304,7155,6190,0.01
volatility_priority,forecast_to_2026,2016-08-19,2016-08-01,0.72,0.73,91.57983137345978,89.32007871901779,7452.487745550234,6459.51131263278,32.263843127373164,34.41195053857081,0.20310817807777123,0.12503433508449696,0.6475843680803144,0.15031219172335078,0.386382979664885,0.0,0.3153525862611648,127.19421024091638,122.35627221783258,175,170,1.3758487879954244,1.3893852511079008,7330,6360,0.01
volatility_priority,forecast_to_2026,2016-09-02,2016-09-01,0.87,0.87,199.52948809910652,191.79695027818155,7652.017233649341,6651.308262910961,52.399441284430026,52.747679786383,0.9233573371919305,0.3068932049625259,0.392378231856205,0.10969531139574315,0.01667334004566554,4.848003718912676e-05,0.30531267625909575,229.34423919437532,220.456264687565,205,200,0.89385284199904,0.9072094198976108,7535,6560,0.01
volatility_priority,forecast_to_2026,2016-09-19,2016-09-01,0.77,0.78,-113.12864101065743,-110.02325757206812,7538.888592638683,6541.285005338893,2.887936908904635,5.891174996807862,-0.2847466984224029,0.0027628023084831812,0.6874120456659594,0.1336991507249986,0.01667334004566554,0.016108576113733918,0.18771895000126163,-146.9203130008538,-141.05545842572835,-155,-150,1.0549936685684793,1.0634115239076787,7380,6410,0.01
volatility_priority,forecast_to_2026,2016-09-30,2016-09-01,0.0,0.0,0.0,0.0,7538.888592638683,6541.285005338893,2.021555836233244,4.123822497765503,0.0,0.0013537731311567582,0.07682533001679998,0.0,0.01667334004566554,0.04447430903364253,0.03179779811450506,0.0,0.0,0,0,,,7380,6410,0.01
volatility_priority,forecast_to_2026,2016-10-20,2016-10-01,0.82,0.81,289.8143081391243,275.3089864718158,7828.702900777807,6816.593991810709,65.03286404273206,67.46532689614565,1.8709686305820932,0.4905810495803717,1.165589098600451,0.5328597837685375,0.0,0.00012699988986248877,0.7549118345150561,353.4320830964931,339.8876376195256,355,340,1.0044362608220794,1.000330586841173,7735,6750,0.01
volatility_priority,forecast_to_2026,2016-11-02,2016-11-01,0.32,0.3,-17.855725675872968,-16.051413540078112,7810.847175101934,6800.542578270631,7.579587768682387,9.772430567119688,-0.0061336463928246925,0.009038171225210386,0.5531544388784604,0.18336727694783214,0.0,0.0,0.1920243839127686,-55.79914273710302,-53.50471180026038,0,0,-0.0,-0.0,7735,6750,0.01
volatility_priority,forecast_to_2026,2016-11-17,2016-11-01,0.92,0.95,-261.49112759154957,-259.31985565036007,7549.356047510385,6541.22272262027,-17.432647482926654,-6.807712058298364,-1.495236960409865,0.0,0.9461396323162875,0.040859009076449036,0.0,0.0,0.08022897650820814,-284.2294865125539,-272.9682691056422,-365,-355,1.2841735897231712,1.3005174600078167,7370,6395,0.01
volatility_priority,forecast_to_2026,2016-12-01,2016-12-01,0.69,0.7,88.60602597094258,86.42728339473278,7637.962073481328,6627.650006015003,27.605651183679186,32.27486587121949,0.18079745676315764,0.10387383781308304,0.8143189745753028,0.18835584309689868,0.0,0.0,0.3105194916468303,128.41453039267043,123.46754770676112,175,170,1.3627741305043821,1.3768800235974132,7545,6565,0.01
volatility_priority,forecast_to_2026,2016-12-15,2016-12-01,0.85,0.84,343.9677142185277,326.6530365742791,7981.929787699855,6954.303042589282,80.02414069066856,84.81203212400209,2.568104964942863,0.7644363490765458,1.3270159084573376,0.49112177799400547,0.0,0.0,0.9334176054190788,404.6678990806208,388.87266258842754,435,420,1.0749555400571476,1.0800450646347357,7980,6985,0.01
volatility_priority,forecast_to_2026,2016-12-29,2016-12-01,1.0,1.0,77.71243352081123,74.71447030925725,8059.642221220666,7029.017512898539,56.016898483468,59.36842248680145,0.12128613167760231,0.37457381104750737,0.4613667518023591,0.0,0.0,0.0,0.20783041752222303,77.71243352081123,74.71447030925725,100,95,1.2867953745550924,1.2715073747665897,8080,7080,0.01
volatility_priority,forecast_to_2026,2017-01-13,2017-01-01,0.0,0.0,0.0,0.0,8059.642221220666,7029.017512898539,39.211828938427594,41.55789574076101,0.0,0.18330771244628777,0.03576634658074408,0.0,0.0,0.0,0.03639298371670349,0.0,0.0,70,70,,,8150,7150,0.01
volatility_priority,forecast_to_2026,2017-01-26,2017-01-01,0.0,0.0,0.0,0.0,8059.642221220666,7029.017512898539,27.448280256899313,29.090527018532708,0.0,0.08982077909868098,0.0,0.0,0.0,0.0,0.01257490907381533,0.0,0.0,-70,-70,,,8080,7080,0.01
volatility_priority,forecast_to_2026,2017-02-15,2017-02-01,0.0,0.0,0.0,0.0,8059.642221220666,7029.017512898539,19.21379617982952,20.363368912972895,0.0,0.04401218175835368,0.0,0.0,0.8394380829750425,0.0,0.006161705446169511,0.0,0.0,50,50,,,8130,7130,0.01
volatility_priority,forecast_to_2026,2017-02-28,2017-02-01,1.0,0.71,55.95744290787435,38.48820073412341,8115.599664128541,7067.505713632662,13.449657325880665,29.974890933300443,0.04270038469866902,0.06951900040508824,0.031563120958941884,0.01914345236171797,0.8394380829750425,0.0,0.14538106514935495,55.95744290787435,54.20873342834283,0,0,0.0,0.0,8130,7130,0.01
volatility_priority,forecast_to_2026,2017-03-15,2017-03-01,0.85,0.83,-78.32944891536,-73.47799316785766,8037.270215213181,6994.027720464805,-4.408083798123528,5.932714209291262,-0.11556801868434208,0.0024274265469722183,0.14006341585541834,0.02744798633431054,0.8309447147640195,0.0,0.030022059944197203,-92.1522928416,-88.5277026118767,-85,-85,0.9223861651072097,0.9601514270923435,8045,7045,0.01
volatility_priority,forecast_to_2026,2017-03-29,2017-03-01,0.94,0.96,-240.43606932979014,-235.9026944374717,7796.83414588339,6758.125026027333,-18.43264180739652,-5.6763789883907805,-1.1756517211975765,0.0,0.6458648097584855,0.01969172404113116,0.8309447147640195,0.0,0.14825730339260607,-255.78305247850017,-245.73197337236635,-230,-220,0.8991995277690755,0.8952843904713459,7815,6825,0.01
volatility_priority,forecast_to_2026,2017-04-13,2017-04-01,0.74,0.75,154.51721237834516,150.64089306385185,7951.351358261735,6908.7659190911845,41.386982110997764,46.24016572941042,0.5144820170521712,0.21906530545503491,1.141033938547798,0.34804990321953927,0.367322055904681,0.0,0.4937337931660837,208.8070437545205,200.8545240851358,200,190,0.9578220945224707,0.9459582793338779,8015,7015,0.01
volatility_priority,forecast_to_2026,2017-04-26,2017-04-01,0.0,0.0,0.0,0.0,7951.351358261735,6908.7659190911845,28.970887477698433,32.36811601058729,0.0,0.10734199967296712,0.14371740309668476,0.0,0.367322055904681,0.05282731185857874,0.11696401237007714,0.0,0.0,0,0,,,8015,7015,0.01
volatility_priority,forecast_to_2026,2017-05-12,2017-05-01,0.91,0.92,-228.46477630738627,-221.7807810713806,7722.886581954349,6686.985138019804,-2.315796202605327,3.3723958968562897,-1.0710283652504986,0.000778540004534433,0.7427285567034604,0.05533037760154464,0.22716170100246572,0.0006020271792153449,0.08081412814590964,-251.0601937443805,-241.06606638193543,-250,-235,0.9957771332501242,0.9748364982555255,7765,6780,0.01
volatility_priority,forecast_to_2026,2017-05-26,2017-05-01,0.73,0.74,89.64896988387159,87.39386567061625,7812.53555183822,6774.37900369042,31.536780834402748,33.066629930988896,0.17651907867998928,0.11680173274591336,0.673442789720057,0.13006403475533942,0.22716170100246572,0.0,0.2931093535217361,122.80680806009806,118.09981847380574,140,135,1.1400019446111496,1.1431008255947717,7905,6915,0.01
volatility_priority,forecast_to_2026,2017-06-10,2017-06-01,0.86,0.87,-131.33701404626248,-127.53954894365542,7681.198537791958,6646.839454746765,0.6953024370159255,4.089007201490844,-0.36790135468328616,0.0011688330733695266,0.4353404740019604,0.05184535583469159,0.22716170100246572,0.0,0.08651793899205663,-152.71745819332847,-146.5971826938568,-180,-175,1.1786471705948245,1.193747361199005,7725,6740,0.01
volatility_priority,forecast_to_2026,2017-06-24,2017-06-01,0.98,1.0,-208.2045898518514,-204.0489155874226,7472.993947940106,6442.790539159342,-3.7623615563715305,2.8623050410435837,-0.9701932908489445,0.0005627829276869695,0.39771010999160983,0.0009409455725720901,0.22716170100246572,0.0,0.015499132409012274,-212.4536631141341,-204.0489155874226,-250,-240,1.1767271805791144,1.1761885590476198,7475,6500,0.01
volatility_priority,forecast_to_2026,2017-07-07,2017-07-01,0.0,0.0,0.0,0.0,7472.993947940106,6442.790539159342,-2.633653089460071,2.0036135287305084,0.0,0.0002777339593810312,0.26255957885345793,0.0,0.2222212488896278,0.0,0.07880675641035072,0.0,0.0,0,0,,,7475,6500,0.01
volatility_priority,forecast_to_2026,2017-07-22,2017-07-01,1.0,0.7,58.87712254304824,39.74264514743006,7531.871070483155,6482.5331843067725,-1.843557162622048,18.435091676152815,0.05456859857275228,0.023512113953490493,0.034362806382265035,0.02254278383322591,0.2222212488896278,0.0,0.05550710624955299,58.87712254304824,56.77520735347152,75,75,1.2738394262587045,1.3209991384631046,7550,6575,0.01
volatility_priority,forecast_to_2026,2017-08-05,2017-08-01,0.83,0.85,129.18256261591,127.223672190831,7661.053633099064,6609.756856497604,25.168589076170235,35.35580044227714,0.3937747187695279,0.11260916423215775,0.180602509156896,0.0753425891846867,0.035445827548586946,0.0,0.13562245885316085,155.64164170591567,149.67490845980117,175,165,1.124377757018664,1.1023891826485717,7725,6740,0.01
volatility_priority,forecast_to_2026,2017-08-18,2017-08-01,0.0,0.0,0.0,0.0,7661.053633099064,6609.756856497604,17.618012353319163,24.749060309594,0.0,0.055178490473757294,0.10165275999941675,0.0,0.035445827548586946,0.0,0.04318323252295321,0.0,0.0,0,0,,,7725,6740,0.01
volatility_priority,forecast_to_2026,2017-09-01,2017-09-01,0.9,0.88,-80.3950964150454,-75.50928379280003,7580.658536684019,6534.247572704804,3.3998201567628143,7.027621699515805,-0.13845498403637796,0.0038965014896961444,0.0885311370499076,0.012355592864909493,0.06948658104679331,0.0,0.009450936559524165,-89.327884905606,-85.80600431000003,0,0,-0.0,-0.0,7725,6740,0.01
volatility_priority,forecast_to_2026,2017-09-16,2017-09-01,0.79,0.8,84.28520078411924,82.02696059118801,7664.943737468138,6616.274533295992,24.784800900449213,25.42607533745806,0.16275109575078803,0.07026013533489985,0.21840632844470403,0.058583037724225115,0.06948658104679331,0.0,0.106345096166799,106.69012757483448,102.533700738985,95,95,0.8904291536568386,0.9265246383902286,7820,6835,0.01
volatility_priority,forecast_to_2026,2017-09-30,2017-09-01,0.89,0.84,198.0149410092299,179.63097709444514,7862.958678477368,6795.9055103904375,41.82311738426418,52.01367694468638,0.8035308063625793,0.25986077887743825,0.3666232841171681,0.12186470088688121,0.06948658104679331,0.0,0.2856509866394672,222.48869776317963,213.8464013029109,210,195,0.9438681699846488,0.9118694484074334,8030,7030,0.01
volatility_priority,forecast_to_2026,2017-10-19,2017-10-01,0.0,0.0,0.0,0.0,7862.958678477368,6795.9055103904375,29.276182168984924,36.409573861280464,0.0,0.1275293764674264,0.21734141974609122,0.0,0.0348383214519234,0.0,0.08793390363253632,0.0,0.0,0,0,,,8030,7030,0.01
volatility_priority,forecast_to_2026,2017-11-03,2017-11-01,0.89,0.9,101.10245366744616,98.45252963086803,7964.061132144814,6894.358040021306,32.98913639853561,36.42587166188166,0.21707135348763565,0.13702053746052256,0.14600482501930526,0.01735769267084318,0.024609263893654677,0.0,0.09580438921245173,113.59826254769231,109.39169958985336,150,150,1.320442730688993,1.3712192109858514,8180,7180,0.01
volatility_priority,forecast_to_2026,2017-11-17,2017-11-01,0.88,0.88,200.0573432783843,192.31689405497465,8164.118475423198,7086.674934076281,50.37294228966371,51.723141170813705,0.8133622721926272,0.29054804957700525,0.3832088552027118,0.09184820836423939,0.024609263893654677,0.0,0.2823688507795555,227.33789008907308,218.5419250624712,265,250,1.1656657845120784,1.1439452632648694,8445,7430,0.01
volatility_priority,forecast_to_2026,2017-11-30,2017-11-01,0.0,0.0,0.0,0.0,8164.118475423198,7086.674934076281,35.2610596027646,36.20619881956959,0.0,0.1423685442927326,0.23699504794895895,0.0,0.024609263893654677,0.0,0.09447540753078189,0.0,0.0,0,0,,,8445,7430,0.01
volatility_priority,forecast_to_2026,2017-12-14,2017-12-01,0.0,0.0,0.0,0.0,8164.118475423198,7086.674934076281,24.682741721935216,25.344339173698714,0.0,0.06985979099515506,0.0,0.0,0.06715426911777199,0.0,0.009780370739321701,0.0,0.0,0,0,,,8445,7430,0.01
volatility_priority,forecast_to_2026,2017-12-29,2017-12-01,0.0,0.0,0.0,0.0,8164.118475423198,7086.674934076281,17.27791920535465,17.7410374215891,0.0,0.034231297587625976,0.0,0.0,0.06715426911777199,0.0,0.014193979338755705,0.0,0.0,70,70,,,8515,7500,0.01
volatility_priority,forecast_to_2026,2018-01-13,2018-01-01,0.85,0.84,191.63436618244472,182.38278303309417,8355.752841605643,7269.057717109375,45.912372770062035,47.15830391570174,0.697076230417971,0.24068419409583064,0.5108558097267373,0.15250506328678895,0.13091162168062534,0.0,0.3058939112101038,225.4521955087585,217.12236075368355,180,175,0.7983954185667145,0.8059971317211789,8695,7675,0.01
volatility_priority,forecast_to_2026,2018-01-27,2018-01-01,0.0,0.0,0.0,0.0,8355.752841605643,7269.057717109375,32.138660939043426,33.01081274099121,0.0,0.11793525510695703,0.21503416599920128,0.0,0.13091162168062534,0.0,0.09934881255002188,0.0,0.0,65,60,,,8760,7735,0.01
volatility_priority,forecast_to_2026,2018-02-10,2018-02-01,0.0,0.0,0.0,0.0,8355.752841605643,7269.057717109375,22.497062657330396,23.107568918693847,0.0,0.05778827500240893,0.0,0.0,0.0,0.0,0.008090358500337244,0.0,0.0,-170,-160,,,8590,7575,0.01
volatility_priority,forecast_to_2026,2018-03-01,2018-03-01,0.9,0.91,-137.4654697943466,-133.05670419781296,8218.287371811297,7136.001012911562,0.47400277187054485,3.01584398176351,-0.34867099534417645,0.0006229163843533069,0.26795214526366556,0.025580453470174173,0.0017362205638001733,0.0,0.03524017601054884,-152.73941088260733,-146.21615845913513,-190,-185,1.2439487549551338,1.265250037681056,8400,7390,0.01
volatility_priority,forecast_to_2026,2018-03-14,2018-03-01,1.0,1.0,-63.13423208262028,-60.56793170144131,8155.153139728676,7075.433081210121,0.3318019403093828,2.1110907872344598,-0.07537109698513196,0.0003052290283331212,0.06565924763346302,0.0,0.0017362205638001733,0.0,0.009188552776087077,-63.13423208262028,-60.56793170144131,0,0,-0.0,-0.0,8400,7390,0.01
volatility_priority,forecast_to_2026,2018-03-29,2018-03-01,0.8,0.8,87.66107656771453,84.3335317129875,8242.81421629639,7159.766612923108,22.147530500145194,22.561146479310977,0.14822494709744108,0.055434018875685324,0.19726157928020274,0.059326646447334604,0.0017362205638001733,0.0,0.09623953040185736,109.57634570964316,105.41691464123436,170,165,1.5514297259964138,1.5652137094084464,8570,7555,0.01
volatility_priority,forecast_to_2026,2018-04-13,2018-04-01,0.0,0.0,0.0,0.0,8242.81421629639,7159.766612923108,15.503271350101635,15.792802535517684,0.0,0.027139210579221303,0.04554745655042249,0.0,0.008555761982310861,0.0,0.01746372644621773,0.0,0.0,55,50,,,8625,7605,0.01
volatility_priority,forecast_to_2026,2018-04-27,2018-04-01,0.85,0.83,267.1856430460096,250.7928460975179,8509.9998593424,7410.5594590206265,58.00269754142579,62.422171216522656,1.3052229738833974,0.40701444272119447,0.9779931461374842,0.3182975378143215,0.008555761982310861,0.0,0.5788706441374165,314.3360506423642,302.1600555391782,255,245,0.8112337082523385,0.8108285509903648,8880,7850,0.01
volatility_priority,forecast_to_2026,2018-05-01,2018-05-01,0.0,0.0,0.0,0.0,8509.9998593424,7410.5594590206265,40.60188827899805,43.695519851565855,0.0,0.1997993748649671,0.4115704518051185,0.0,0.007047236797241293,0.0,0.15144304802263092,0.0,0.0,-75,-65,,,8805,7785,0.01
volatility_priority,forecast_to_2026,2018-05-12,2018-05-01,0.93,0.94,99.42417221600282,96.75215325136027,8609.424031558403,7507.311612271987,35.904861639513896,36.762533252565916,0.17686195996672108,0.14666963824707627,0.1410379521989384,0.0058777911995554245,0.007047236797241293,0.0,0.08842870017755088,106.90771206021807,102.92782260783008,170,165,1.5901565633005394,1.6030650976526912,8975,7950,0.01
volatility_priority,forecast_to_2026,2018-05-26,2018-05-01,0.9,0.89,208.60549327963204,198.20053294796594,8818.029524838035,7705.512145219953,48.31179128984107,50.230468360252615,0.7373427673644107,0.27070104418408947,0.4178200464925059,0.0741748657849475,0.007047236797241293,0.0,0.2778432419260482,231.78388142181336,222.6972280314224,260,250,1.1217346021004686,1.1226004122724202,9235,8200,0.01
volatility_priority,forecast_to_2026,2018-06-09,2018-06-01,0.8,0.82,-165.56024120661513,-163.13635849493227,8652.46928363142,7542.375786725021,-7.5718063987650055,-0.6490923052473363,-0.46143435857762194,0.0,1.0631084993127715,0.18877517479867173,0.0348383214519234,0.0,0.28076026406477844,-206.9503015082689,-198.94677865235644,-130,-125,0.6281701406209632,0.6283087408941036,9105,8075,0.01
volatility_priority,forecast_to_2026,2018-06-26,2018-06-01,0.68,0.71,44.00068739260656,44.24819246082579,8696.469971024027,7586.623979185846,15.405941352679342,17.618840757650077,0.03483519373199853,0.03110860043002119,0.2854444667773535,0.047674079026340646,0.0348383214519234,0.0,0.10641720728284576,64.7068932244214,62.321397832149,-55,-55,-0.8499867210320975,-0.8825219252644523,9050,8020,0.01
volatility_priority,forecast_to_2026,2018-07-10,2018-07-01,0.85,0.85,265.98376060738286,256.06190792051217,8962.45373163141,7842.685887106359,57.72246964229606,57.520584045739554,1.1885722825166793,0.3653472883702234,0.8667414738968963,0.2723613921672501,0.0,0.0,0.5157017769966501,312.9220713028034,301.24930343589665,270,260,0.8628346312418812,0.8630725350550922,9320,8280,0.01
volatility_priority,forecast_to_2026,2018-07-24,2018-07-01,0.32,0.0,-16.287849970776325,0.0,8946.165881660634,7842.685887106359,5.794047561707554,40.264408832017686,-0.0016914623316438854,0.10717334216422696,0.4445925185747699,0.06681794838016553,0.0,0.0,0.15749973152221572,-50.89953115867601,0.0,-125,-120,2.4558182984106582,,9195,8160,0.01
volatility_priority,forecast_to_2026,2018-08-07,2018-08-01,0.0,0.0,0.0,0.0,8946.165881660634,7842.685887106359,4.055833293195287,28.185086182412377,0.0,0.05348823113192548,0.0006948098428960221,0.0,0.0,0.0,0.007696795311338369,0.0,0.0,70,70,,,9265,8230,0.01
volatility_priority,forecast_to_2026,2018-08-21,2018-08-01,0.89,0.9,-115.68329267190308,-156.35737265654714,8830.48258898873,7686.328514449811,-11.458851744099633,2.3565189214056375,-0.33592691794351426,0.00036885863375606126,0.29119841932198404,0.033654385367590356,0.0,0.0,0.045093011444691744,-129.9812277212394,-173.73041406283016,-50,-50,0.3846709319228089,0.28780222662634847,9215,8180,0.01
volatility_priority,forecast_to_2026,2018-09-04,2018-09-01,0.77,0.78,112.00885845462149,109.06534784623351,8942.491447443352,7795.393862296045,25.43599526557564,32.41158443238312,0.20801846904447352,0.09782979193703628,0.4904793139577836,0.13164928446346966,0.0,0.0,0.20839345054963218,145.46604994106687,139.8273690336327,180,170,1.2374021297266542,1.2157848722671016,9395,8350,0.01
volatility_priority,forecast_to_2026,2018-09-18,2018-09-01,0.97,0.99,85.59375305741658,83.8573717899156,9028.08520050077,7879.25123408596,20.452426161905535,23.535153262162297,0.11912257945849351,0.05501262943921987,0.06506482349128559,0.00043966645880292384,0.0,0.0,0.04395992959729794,88.24098253341916,84.70441594940971,145,145,1.643227396579415,1.7118351903471272,9540,8495,0.01
volatility_priority,forecast_to_2026,2018-10-01,2018-10-01,0.88,0.89,169.88005783919323,165.1752553872038,9197.965258339962,8044.426489473164,37.48216074595115,36.889526488673624,0.45479158472086684,0.1517638158137881,0.28029967976083425,0.060467504582586026,0.0,0.0,0.17747311064466395,193.0455202718105,185.59017459236384,240,230,1.243230092374467,1.2392897442182988,9780,8725,0.01
volatility_priority,forecast_to_2026,2018-10-20,2018-10-01,0.98,0.98,125.66396332697695,120.74009560373212,9323.629221666939,8165.166585076896,28.80208320230821,28.286752125821167,0.23578600359083582,0.08939189400190986,0.1407336446617801,0.0008113211421431778,0.0,0.0,0.08785858402141844,128.22853400711935,123.20417918748176,165,160,1.2867650814041052,1.298657245680972,9945,8885,0.01
volatility_priority,forecast_to_2026,2018-11-03,2018-11-01,0.85,0.86,-309.6449132503904,-300.9996806421952,9013.984308416548,7864.166904434701,-34.48176174374731,-29.199221523445317,-1.411568637214072,0.0,1.9227560258636625,0.34224533291566,0.0,0.0,0.4271215451573211,-364.28813323575343,-349.9996286537153,-375,-365,1.0294049291946445,1.0428582493186753,9570,8520,0.01
volatility_priority,forecast_to_2026,2018-11-17,2018-11-01,0.95,0.97,-417.9372490905185,-409.96423707544375,8596.047059326029,7454.202667359257,-46.13393054117671,-33.118761367714114,-2.7942746765960385,0.0,1.528399357992938,0.03871067534559711,0.0,0.0,0.07274084722281987,-439.9339464110721,-422.64354337674615,-510,-490,1.159264940022288,1.1593694205881007,9060,8030,0.01
volatility_priority,forecast_to_2026,2018-12-01,2018-12-01,0.91,0.91,-410.6622484331674,-394.4174683921368,8185.384810892861,7059.785198967121,-72.90869902605999,-62.19145400717167,-2.898007981610136,0.0,1.3734920428737762,0.20339351309768194,0.0348383214519234,0.0,0.03480158727038955,-451.2771960804037,-433.4257894419086,-540,-520,1.1966037829746412,1.199744022314793,8520,7510,0.01
volatility_priority,forecast_to_2026,2018-12-15,2018-12-01,1.0,1.0,-156.0910769027586,-149.8760214782586,8029.293733990103,6909.909177488862,-51.036089318242006,-43.53401780502017,-0.4673700819089725,0.0,0.5817349145157488,0.0,0.0348383214519234,0.0,0.10908866288746852,-156.0910769027586,-149.8760214782586,-125,-120,0.800814514707156,0.8006617657475483,8395,7390,0.01
volatility_priority,forecast_to_2026,2018-12-29,2018-12-01,0.96,0.99,-267.4394949745586,-264.9354153702286,7761.854239015544,6644.973762118633,-46.86857481337603,-33.14992777028408,-1.4855576487941118,0.0,0.6824300901872986,0.007386209790583024,0.0348383214519234,0.0,0.0026623905989649798,-278.58280726516523,-267.6115306769986,-370,-355,1.328150877766913,1.3265497159331203,8025,7035,0.01
volatility_priority,forecast_to_2026,2019-01-15,2019-01-01,1.0,1.0,-53.09449966336221,-50.85580066071782,7708.759739352182,6594.117961457915,-32.808002369363216,-23.204949439198856,-0.060210466855224985,0.0,0.30646676100099796,0.0,0.048166817615715056,0.0,0.0835105629405679,-53.09449966336221,-50.85580066071782,105,105,-1.9776059792584337,-2.06466123108557,8130,7140,0.01
volatility_priority,forecast_to_2026,2019-01-29,2019-01-01,0.8,0.76,207.1647858206469,189.15414438479615,7915.924525172829,6783.272105842711,28.825594796607447,43.489423093022765,0.8803563321034751,0.15813417354104323,0.7156119920418559,0.40828981599088765,0.048166817615715056,0.0,0.42397619710771356,258.9559822758086,248.8870320852581,245,230,0.9461067392490498,0.9241140370913812,8375,7370,0.01
volatility_priority,forecast_to_2026,2019-02-15,2019-02-01,1.0,0.94,118.92425444097697,107.49597995184273,8034.848779613806,6890.768085794554,20.177916357625207,37.30404169395696,0.27149685928168144,0.1068215450323337,0.15241599231308978,0.003337123763812298,0.15463080990090036,0.0,0.12080488501094877,118.92425444097697,114.35742548068376,50,50,0.42043568181304336,0.43722565272725167,8425,7420,0.01
volatility_priority,forecast_to_2026,2019-03-01,2019-03-01,0.89,0.92,137.80993680901517,136.88992633681244,8172.658716422821,7027.658012131366,31.15723026942939,38.01630104114486,0.39446182764951027,0.1365078756844558,0.16420538581094052,0.02684885523548302,0.0,0.0,0.12735621394300498,154.84262562810693,148.79339819218742,270,260,1.7437059007800095,1.747389354359484,8695,7680,0.01
volatility_priority,forecast_to_2026,2019-03-14,2019-03-01,0.0,0.0,0.0,0.0,8172.658716422821,7027.658012131366,21.81006118860057,26.6114107288014,0.0,0.06688885908538333,0.116528845807831,0.0,0.0,0.0,0.04432309401430296,0.0,0.0,0,0,,,8695,7680,0.01
volatility_priority,forecast_to_2026,2019-03-29,2019-03-01,0.86,0.87,135.60465260015772,132.14259550383176,8308.26336902298,7159.8006076351985,37.34221883669724,38.373432815331256,0.3596514272073958,0.15799939175863348,0.2624961528368817,0.05586447502976453,0.0,0.0,0.15904098701047556,157.67982860483457,151.88804080900204,80,80,0.5073572232278996,0.526703745560846,8775,7760,0.01
volatility_priority,forecast_to_2026,2019-04-01,2019-04-01,0.0,0.0,0.0,0.0,8308.26336902298,7159.8006076351985,26.13955318568807,26.861402970731877,0.0,0.07744484583346109,0.11051546242807528,0.0,0.0,0.0,0.043996917145107124,0.0,0.0,-225,-200,,,8550,7560,0.01
volatility_priority,forecast_to_2026,2019-04-13,2019-04-01,0.86,0.86,155.98123422731248,150.171859609391,8464.244603250292,7309.972467244589,43.689981173962764,43.249563876389914,0.4529141534472554,0.20716535292391988,0.34284430810664057,0.07971149057931332,0.0,0.0,0.20642403200506051,181.3735281712936,174.6184414062686,155,150,0.8545899810341353,0.8590157992019231,8705,7710,0.01
volatility_priority,forecast_to_2026,2019-04-27,2019-04-01,0.96,0.96,138.18824426077887,132.85018720259254,8602.43284751107,7442.822654447182,36.34083033263974,35.810119180247625,0.3410557740951554,0.1425853097053002,0.1574579309969714,0.004092333254001524,0.0,0.0,0.11552005768671537,143.94608777164467,138.38561166936722,195,185,1.3546738436500407,1.3368441832089055,8900,7895,0.01
volatility_priority,forecast_to_2026,2019-05-14,2019-05-01,0.0,0.0,0.0,0.0,8602.43284751107,7442.822654447182,25.438581232847817,25.067083426173337,0.0,0.0698399697282635,0.11311962454361635,0.0,0.0,0.0,0.04371348312504179,0.0,0.0,-75,-75,,,8825,7820,0.01
volatility_priority,forecast_to_2026,2019-05-28,2019-05-01,0.0,0.0,0.0,0.0,8602.43284751107,7442.822654447182,17.80700686299347,17.546958398321333,0.0,0.03422158516684912,0.0,0.0,0.0,0.0,0.004791021923358873,0.0,0.0,50,50,,,8875,7870,0.01
volatility_priority,forecast_to_2026,2019-06-12,2019-06-01,0.87,0.89,-402.8775566478466,-395.97391811957357,8199.555290863223,7046.848736327608,-47.735189867421866,-36.65772574269539,-2.8782581328999917,0.0,2.3392498467208163,0.37886790518953595,0.0,0.0,0.35186032213678137,-463.0776513193639,-444.9145147410939,-465,-445,1.0041512447753829,1.0001921386155628,8410,7425,0.01
volatility_priority,forecast_to_2026,2019-06-26,2019-06-01,1.0,1.0,-89.09653983440987,-85.42954762351957,8110.458751028814,6961.419188704089,-33.41463290719531,-25.660408019886773,-0.15164517521587498,0.0,0.6663991227151667,0.0,0.0,0.0,0.17868941228432753,-89.09653983440987,-85.42954762351957,-120,-115,1.3468536513654255,1.3461384637876674,8290,7310,0.01
volatility_priority,forecast_to_2026,2019-07-10,2019-07-01,0.75,0.76,133.92733640695062,130.6213599841927,8244.386087435765,7092.040548688282,21.25220243394682,23.28656490740329,0.3584210681473249,0.05552812892442022,0.44552502478989753,0.23582045300198437,0.0,0.0,0.2246252584472913,178.56978187593415,171.87021050551672,150,140,0.8400077461270367,0.8145681534235757,8440,7450,0.01
volatility_priority,forecast_to_2026,2019-07-23,2019-07-01,0.0,0.0,0.0,0.0,8244.386087435765,7092.040548688282,14.876541703762774,16.300595435182302,0.0,0.0272087831729659,0.10792488521299691,0.0,0.0,0.0,0.036186695208114295,0.0,0.0,0,0,,,8440,7450,0.01
volatility_priority,forecast_to_2026,2019-08-07,2019-08-01,0.0,0.0,0.0,0.0,8244.386087435765,7092.040548688282,10.413579192633941,11.41041680462761,0.0,0.013318555330237495,0.0,0.0,0.0,0.0,0.001864597746233248,0.0,0.0,-80,-70,,,8360,7380,0.01
volatility_priority,forecast_to_2026,2019-08-21,2019-08-01,0.9,0.93,-199.62297305708242,-197.71833770882338,8044.763114378683,6894.322210979459,-14.890824904832073,-6.894733655704357,-0.782480009565958,0.0,0.5792937032258413,0.043918426953343644,0.0,0.0,0.07038948940198644,-221.80330339675825,-212.60036312776705,-210,-205,0.9467848169256312,0.9642504696795864,8150,7175,0.01
volatility_priority,forecast_to_2026,2019-09-04,2019-09-01,0.71,0.72,82.53010614378698,80.4778964822298,8127.29322052247,6974.800107461689,23.28590254084041,26.47064618409631,0.1387001062438564,0.069979029526106,0.5412472754667508,0.13510085432320196,0.0,0.0,0.21050338125306822,116.23958611800984,111.77485622531916,115,105,0.9893359383028827,0.93938837003143,8265,7280,0.01
volatility_priority,forecast_to_2026,2019-09-19,2019-09-01,0.9,0.91,111.7376528474723,108.60961432760425,8239.030873369942,7083.409721789293,28.71542653941853,29.271062537092007,0.24771202641892234,0.09285613209330952,0.10802037532831864,0.017050316181361692,0.0,0.0,0.08247269905559865,124.15294760830255,119.35122453582883,125,125,1.0068226522850658,1.0473290113791454,8390,7405,0.01
volatility_priority,forecast_to_2026,2019-10-08,2019-10-01,0.82,0.84,-105.90868918649753,-104.24928989309204,8133.122184183445,6979.160431896201,-3.147450268223565,0.6327361772801936,-0.21906456632975693,2.571758559237135e-05,0.37964416718214855,0.05912262469875869,0.16945538967764592,0.0,0.09150497878828776,-129.15693803231406,-124.10629749177625,0,0,-0.0,-0.0,8390,7405,0.01
volatility_priority,forecast_to_2026,2019-10-22,2019-10-01,0.99,1.0,-114.7090363051213,-111.21790016771084,8018.413147878324,6867.94253172849,-3.361892322151661,0.4429153240961341,-0.2595408228367556,1.2601616940261883e-05,0.10856780273873312,7.619332641322408e-05,0.16945538967764592,0.0,0.019970811471414076,-115.86771343951646,-111.21790016771084,-150,-145,1.2945797888580994,1.3037469668223147,8240,7260,0.01
volatility_priority,forecast_to_2026,2019-11-05,2019-11-01,0.73,0.74,48.92261484703735,47.769468648443336,8067.335762725361,6915.712000376934,15.741341139836422,17.093908089833874,0.04919146552399704,0.030175383893332394,0.1802896972194899,0.038884210477628266,0.8370475515553711,0.0,0.07064205755114103,67.01728061237993,64.55333601140991,105,105,1.5667600809902695,1.626561948424185,8345,7365,0.01
volatility_priority,forecast_to_2026,2019-11-19,2019-11-01,0.7,0.99,82.24610476987307,111.86874255533958,8149.581867495234,7027.580742932274,46.26726941354538,13.095722961422496,0.21614926665619852,0.10740931155213053,0.1028635041625056,0.06943189858893273,0.8370475515553711,0.0,0.20306437521812015,117.49443538553297,112.99872985387836,70,65,0.5957728957146771,0.5752277046304256,8415,7430,0.01
volatility_priority,forecast_to_2026,2019-12-03,2019-12-01,1.0,0.92,86.32870235584448,76.3726070395525,8235.91056985108,7103.953349971826,32.38708858948176,15.80810233730466,0.13100472673811825,0.06362960252349868,0.060063332513004046,0.0032118167463755826,0.9843451085087351,0.0,0.04571746019502015,86.32870235584448,83.01370330386142,55,50,0.6370998115237682,0.6023101971126522,8470,7480,0.01
volatility_priority,forecast_to_2026,2019-12-16,2019-12-01,0.0,0.0,0.0,0.0,8235.91056985108,7103.953349971826,22.670962012637233,11.065671636113262,0.0,0.03117850523651436,0.04046155941452323,0.0,0.9843451085087351,0.0,0.016503458557468976,0.0,0.0,0,0,,,8470,7480,0.01
volatility_priority,forecast_to_2026,2019-12-31,2019-12-01,0.74,0.91,145.34195658122889,171.89857082372365,8381.252526432309,7275.85192079555,66.93576626171026,24.746927699273925,0.523274182868858,0.24228792938051122,0.3805859969200081,0.16741765072067638,0.9843451085087351,0.0,0.38260128108303154,196.40804943409307,188.8995283777183,235,230,1.196488640242094,1.2175784766391704,8705,7710,0.01
volatility_priority,forecast_to_2026,2020-01-14,2020-01-01,0.0,0.0,0.0,0.0,8381.252526432309,7275.85192079555,46.855036383197174,17.322849389491747,0.0,0.1147456122952501,0.16147986466875708,0.0,1.397104975512715,0.27707124509346026,0.2988930160068265,0.0,0.0,0,0,,,8705,7710,0.01
volatility_priority,forecast_to_2026,2020-02-05,2020-02-01,0.84,0.85,-396.258534455549,-385.14578475053474,7984.993991976759,6890.706136045015,-42.67929061853323,-55.8409086186266,-2.898007981610136,0.0,2.2371296012791078,0.6542569776535632,1.075389050268844,1.338775568864958,0.5444423194709063,-471.7363505423203,-453.1126879418056,-420,-405,0.890327827222043,0.8938173897527566,8285,7305,0.01
volatility_priority,forecast_to_2026,2020-02-19,2020-02-01,1.0,1.0,-288.10578340197225,-276.5565323083288,7696.888208574787,6614.149603736686,-29.875503432973233,-39.0886360330386,-1.676549239537887,0.0,0.7479880696570441,0.0,1.075389050268844,2.5552984191623564,0.49797577308217694,-288.10578340197225,-276.5565323083288,-415,-400,1.4404431424445994,1.446358893284234,7870,6905,0.01
volatility_priority,forecast_to_2026,2020-03-03,2020-03-01,0.0,0.0,0.0,0.0,7696.888208574787,6614.149603736686,-20.91285240308126,-27.362045223127016,0.0,0.0,0.4907475227876582,0.0,0.14790899499040247,3.4265833390020735,0.6269459242965874,0.0,0.0,0,0,,,7870,6905,0.01
volatility_priority,forecast_to_2026,2020-03-18,2020-03-01,1.0,1.0,-938.8164470425208,-901.8415785731598,6758.0717615322665,5712.3080251635265,-14.638996682156858,-19.1534316561889,-2.898007981610136,0.0,2.548689498120229,0.0,0.14790899499040247,3.651903280774391,0.8701521913190644,-938.8164470425208,-901.8415785731598,-1015,-975,1.0811485069285633,1.0811211449605007,6855,5930,0.01
volatility_priority,forecast_to_2026,2020-03-31,2020-03-01,1.0,1.0,-1066.7576742049002,-1025.1971910918976,5691.314087327366,4687.110834071629,-10.247297677509778,-13.40740215933215,-2.898007981610136,0.0,2.548689498120229,0.0,0.14790899499040247,3.651903280774391,0.8908594506177208,-1066.7576742049002,-1025.1971910918976,0,0,-0.0,-0.0,6855,5930,0.01
volatility_priority,forecast_to_2026,2020-04-15,2020-04-01,1.0,1.0,-80.9144195983278,-76.94346182894601,5610.399667729038,4610.167372242683,-7.173108374256842,-9.385181511532508,-0.2730861610537869,0.0,2.548689498120229,0.0,0.0,1.8763867170010926,0.9890689272686914,-80.9144195983278,-76.94346182894601,0,0,-0.0,-0.0,6855,5930,0.01
volatility_priority,forecast_to_2026,2020-04-28,2020-04-01,0.16,0.52,-95.97783488879354,-300.045080359302,5514.421832840244,4310.122291883381,-508.90480902814585,-283.53431662050536,-2.889403910214855,0.0,0.6692423234248641,3.142586158253818,0.0,0.6765321637858485,0.3309327146829328,-599.8614680549596,-577.0097699217346,0,0,-0.0,-0.0,6855,5930,0.01
volatility_priority,forecast_to_2026,2020-05-14,2020-05-01,0.0,0.0,0.0,0.0,5514.421832840244,4310.122291883381,245.59852097051566,380.58583208376393,0.0,3.765941984799191,0.3486577646344715,3.142586158253818,0.0,0.1930793198136589,1.0988223741916743,601.8318872902178,579.0598537181177,0,0,0.0,0.0,6855,5930,0.01
volatility_priority,forecast_to_2026,2020-05-28,2020-05-01,0.0,0.0,0.0,0.0,5514.421832840244,4310.122291883381,710.40893208485,784.1011885311775,0.0,3.765941984799191,0.0,3.142586158253818,0.0,0.029320547239581985,0.971298816640962,538.4899674054891,517.6911060725428,0,0,0.0,0.0,6855,5930,0.01
volatility_priority,forecast_to_2026,2020-06-11,2020-06-01,0.0,0.0,0.0,0.0,5514.421832840244,4310.122291883381,901.3493428274573,937.1748667251666,0.0,3.765941984799191,0.0,3.142586158253818,0.0,0.0,0.9671939400274205,404.0630903680624,388.3040347533423,0,0,0.0,0.0,6855,5930,0.01
volatility_priority,forecast_to_2026,2020-06-29,2020-06-01,0.65,0.59,109.09120862677713,95.13239651331617,5623.513041467021,4405.254688396697,689.6859600090231,722.1313602168702,0.5068276708888741,3.765941984799191,0.15034468174106597,0.5166861265373218,0.0,0.0,0.7156272140338734,167.8326286565802,161.24135002256978,120,110,0.7149980367973887,0.682207138457987,6975,6040,0.01
volatility_priority,forecast_to_2026,2020-07-11,2020-07-01,0.71,0.65,84.09944991877275,73.93150676634401,5707.612491385794,4479.186195163041,517.1306515506036,545.3012250259944,0.29081546253267637,3.765941984799191,0.05554666424545231,0.1826809410828105,0.0,0.0,0.6101853736516901,118.44992946306022,113.74077964052924,100,100,0.8442385778810109,0.8791921447702739,7075,6140,0.01
volatility_priority,forecast_to_2026,2020-07-24,2020-07-01,0.71,0.64,77.98846532960053,67.57334369841426,5785.600956715394,4546.759538861455,393.84589967075226,419.7208633485541,0.23796755032807806,3.765941984799191,0.04455661915907849,0.16323690139686797,0.0,0.0,0.5967674868611023,109.84290891493032,105.58334952877227,0,0,0.0,0.0,7075,6140,0.01
volatility_priority,forecast_to_2026,2020-08-07,2020-08-01,0.0,0.0,0.0,0.0,5785.600956715394,4546.759538861455,275.69212976952656,293.8046043439878,0.0,3.765941984799191,0.03235362676676017,0.0,0.0,0.0,0.5369379659019143,0.0,0.0,0,0,,,7075,6140,0.01
volatility_priority,forecast_to_2026,2020-08-22,2020-08-01,0.0,0.0,0.0,0.0,5785.600956715394,4546.759538861455,192.9844908386686,205.66322304079145,0.0,3.765941984799191,0.0,0.0,0.0,0.0,0.5272318778718863,0.0,0.0,85,80,,,7160,6220,0.01
volatility_priority,forecast_to_2026,2020-09-04,2020-09-01,0.0,0.0,0.0,0.0,5785.600956715394,4546.759538861455,135.089143587068,143.964256128554,0.0,2.1555731839017978,0.0,0.0,0.10998014826481192,0.0,0.30178024574625145,0.0,0.0,0,0,,,7160,6220,0.01
volatility_priority,forecast_to_2026,2020-09-19,2020-09-01,0.87,0.91,-249.69957001411285,-250.50943877531495,5535.901386701282,4296.25010008614,57.250970508838805,75.99932051001161,-2.813154613297161,0.5152406484807271,0.9182685362615941,0.124709442618765,0.10998014826481192,0.0,-0.013370851472121534,-287.01100001622166,-275.28509755529114,-315,-300,1.097518910363005,1.0897792966789452,6845,5920,0.01
volatility_priority,forecast_to_2026,2020-10-09,2020-10-01,0.0,0.0,0.0,0.0,5535.901386701282,4296.25010008614,40.07567935618716,53.19952435700813,0.0,0.2529086584573828,0.3866486477156306,0.0,1.4436653535622153,0.0,0.15140180649872276,0.0,0.0,0,0,,,6845,5920,0.01
volatility_priority,forecast_to_2026,2020-10-23,2020-10-01,0.0,0.0,0.0,0.0,5535.901386701282,4296.25010008614,28.05297554933101,37.23966704990569,0.0,0.12392524264411756,0.0,0.0,1.4436653535622153,0.0,0.21946268346888642,0.0,0.0,80,70,,,6925,5990,0.01
volatility_priority,forecast_to_2026,2020-11-06,2020-11-01,0.97,1.0,-149.11287617539364,-147.30741572421147,5386.788510525888,4148.9426843619285,15.025344446117458,26.067766934933985,-1.0917337411040307,0.053062066545389565,0.3220281282551922,0.0012481293476234996,2.4403283369278954,0.0,-0.04863085785298468,-153.7246146138079,-147.30741572421147,-160,-150,1.0408222547960673,1.0182786743121581,6765,5840,0.01
volatility_priority,forecast_to_2026,2020-11-20,2020-11-01,0.74,0.72,113.4468159300461,106.10240977951305,5500.235326455934,4255.045094141442,50.37743319581192,59.509485102042206,0.6288399535286867,0.3408903699480045,0.5119418059961302,0.21252712669739912,2.4403283369278954,0.0,0.6607445519931168,153.3065080135758,147.36445802710148,150,145,0.9784320440376673,0.9839550319069023,6915,5985,0.01
volatility_priority,forecast_to_2026,2020-12-04,2020-12-01,0.85,0.82,181.45747683855726,168.25178944065644,5681.692803294492,4423.296883582098,67.2861109144608,78.58995920474439,1.5190725856572678,0.5996166627244023,0.284345253566384,0.1558068808330496,1.10683028025628,0.0,0.4037330341599757,213.47938451594973,205.1851090739713,250,240,1.1710732657715794,1.1696755241311279,7165,6225,0.01
volatility_priority,forecast_to_2026,2020-12-18,2020-12-01,1.0,0.76,195.1856988210868,142.6230438503773,5876.878502115578,4565.919927432476,47.100277640122556,100.05182739607179,1.2554899292482828,0.7303512701436455,0.24388245009956735,0.14241108288560703,1.10683028025628,0.0,0.526076293784604,195.1856988210868,187.661899803128,155,150,0.7941155573189702,0.7993098234503739,7320,6375,0.01
volatility_priority,forecast_to_2026,2021-01-01,2021-01-01,1.0,1.0,79.82331370276422,76.83283860650278,5956.701815818343,4642.752766038979,32.9701943480858,70.03627917725026,0.2670909127189403,0.35266187474209804,0.10455113487710538,0.0,2.4403283369278954,0.0,0.11813073070767693,79.82331370276422,76.83283860650278,90,85,1.1274901507488202,1.1062977958594646,7410,6460,0.01
volatility_priority,forecast_to_2026,2021-01-16,2021-01-01,0.85,0.87,151.89702980902018,149.4737884476398,6108.598845627363,4792.226554486619,49.88449424525186,71.36055921510183,0.9639047208184727,0.4317588654043803,0.22490778958840157,0.07734020211557602,2.4403283369278954,0.0,0.27369286724390035,178.70238801061197,171.80895223866645,185,180,1.0352407825071372,1.047675325730146,7595,6640,0.01
volatility_priority,forecast_to_2026,2021-01-30,2021-01-01,1.0,1.0,64.92838574516259,62.53537219934742,6173.527231372525,4854.761926685966,34.9191459716763,49.95239145057127,0.1617372223370304,0.21156184404814632,0.08108127947712704,0.0,2.4403283369278954,0.0,0.41823222030696794,64.92838574516259,62.53537219934742,75,70,1.1551188149720446,1.119366488726687,7670,6710,0.01
volatility_priority,forecast_to_2026,2021-03-04,2021-03-01,0.85,0.84,156.3435469105656,148.57913000039758,6329.870778283091,5003.341056686363,52.03343987027321,63.267460682142286,0.9005965949075894,0.3756466112097888,0.24519786801417437,0.10066203845065927,0.8942584487774454,0.0,0.26632609464377743,183.93358460066543,176.87991666713998,260,250,1.4135537050750187,1.413388273302166,8205,7225,0.01
volatility_priority,forecast_to_2026,2021-03-18,2021-03-01,0.99,0.78,220.05031356745795,166.710769941578,6549.921091850549,5170.051826627941,38.64613834926658,91.308208871278,1.3141122986919278,0.5823305994041115,0.32990426672664097,0.15227804559774205,0.8942584487774454,0.0,0.5109883949639638,222.2730440075333,213.7317563353564,235,230,1.0572582071267056,1.0761152387627315,8440,7455,0.01
volatility_priority,forecast_to_2026,2021-04-01,2021-04-01,0.86,0.82,-169.10365961030044,-154.88434598058797,6380.817432240248,5015.167480647354,-0.4762058827715805,29.91674343366796,-0.8914344087891078,0.05472834462391235,0.9987332526737751,0.12483414990050283,0.8309447147640195,0.0,0.1999579078050756,-196.63216233755864,-188.8833487568146,-225,-220,1.1442685536547286,1.1647400443077054,8215,7235,0.01
volatility_priority,forecast_to_2026,2021-04-15,2021-04-01,1.0,1.0,-91.40035348400971,-87.68333462889503,6289.417078756239,4927.484146018459,-0.33334411794010066,20.941720403567572,-0.29159202916020827,0.02681688886571706,0.10016247374479002,0.0,0.8309447147640195,0.0,-0.007019777517791738,-91.40035348400971,-87.68333462889503,0,0,-0.0,-0.0,8215,7235,0.01
volatility_priority,forecast_to_2026,2021-04-29,2021-04-01,0.76,0.77,93.41769919641753,91.04076406777023,6382.834777952657,5018.524910086229,29.26698517946852,41.853198744298794,0.3209434905690947,0.1484909220142485,0.2756805631424525,0.10297794132621979,0.8309447147640195,0.0,0.27917415855703714,122.91802525844412,118.23475852957172,100,95,0.8135503299027356,0.8034862267362735,8315,7330,0.01
volatility_priority,forecast_to_2026,2021-05-15,2021-05-01,0.88,0.88,115.86036010927077,111.41052369861367,6498.6951380619275,5129.935433784843,36.28602964052851,44.489583261729194,0.46667494785758895,0.18311075343521457,0.11217365522771784,0.030821518784740532,0.3240623984000577,0.0,0.12893710737917144,131.65950012417133,126.60286783933373,100,100,0.75953501194891,0.789871522712311,8415,7430,0.01
volatility_priority,forecast_to_2026,2021-05-28,2021-05-01,0.0,0.0,0.0,0.0,6498.6951380619275,5129.935433784843,25.400220748369957,31.142708283210435,0.0,0.08972426918325513,0.0795503464757486,0.0,0.3240623984000577,0.0,0.08179523740438834,0.0,0.0,0,0,,,8415,7430,0.01
volatility_priority,forecast_to_2026,2021-06-12,2021-06-01,0.83,0.82,146.55802227579954,139.3841260368372,6645.253160337727,5269.31955982168,47.79806270082997,52.39641126974814,0.7078710474236573,0.27690156646281455,0.2989566578800248,0.11814649739491838,0.25182103952901636,0.0,0.24409567294340193,176.57593045277054,169.98064150833804,175,170,0.9910750550840673,1.000113886449011,8590,7600,0.01
volatility_priority,forecast_to_2026,2021-06-29,2021-06-01,0.92,0.81,238.24924414509002,201.69476607101944,6883.502404482818,5471.014325892699,54.17596946841485,83.98860585609987,1.5611142358276093,0.565713891213646,0.4474393460998429,0.17613055429826704,0.25182103952901636,0.0,0.49190096475154804,258.9665697229239,249.0058840382956,225,215,0.8688380134962371,0.8634334117459421,8815,7815,0.01
volatility_priority,forecast_to_2026,2021-07-13,2021-07-01,1.0,1.0,85.86834522121163,82.61064760815742,6969.37074970403,5553.624973500857,37.923178627890394,58.792024099269895,0.21688734464963663,0.2742529513137909,0.1748608127853367,0.0,0.5150466205882702,0.0,0.12121788527048082,85.86834522121163,82.61064760815742,70,65,0.815201455433524,0.7868235134568967,8885,7880,0.01
volatility_priority,forecast_to_2026,2021-07-27,2021-07-01,0.5,0.89,-48.36014670034011,-82.6769171106259,6921.0106030036895,5470.948056390231,-21.81392166081683,30.935921496265507,-0.15116381052843955,0.055722814565027944,0.17948463301319378,0.15419110505365155,0.5150466205882702,0.0,0.13417693205894948,-96.72029340068022,-92.89541248384931,-100,-95,1.033909187865395,1.022655451543601,8785,7785,0.01
volatility_priority,forecast_to_2026,2021-08-09,2021-08-01,0.0,0.0,0.0,0.0,6921.0106030036895,5470.948056390231,-15.26974516257178,21.655145047385854,0.0,0.027533374134878295,0.028624844324865995,0.0,0.9683599772417815,0.0,0.012442125676342758,0.0,0.0,0,0,,,8785,7785,0.01
volatility_priority,forecast_to_2026,2021-08-24,2021-08-01,0.95,0.99,-271.487717509258,-271.76481356511806,6649.522885494432,5199.183242825113,-24.97764885112963,12.413502406249734,-2.2674686271955706,0.009047444083342925,1.080146006121809,0.013257949667397947,0.9683599772417815,0.0,0.14529134596811608,-285.7765447465874,-274.5099126920384,-250,-245,0.874809373252405,0.8924996463601502,8535,7540,0.01
volatility_priority,forecast_to_2026,2021-09-07,2021-09-01,0.6,0.68,55.822153302513875,60.87894333113548,6705.345038796945,5260.062186156249,19.730414672551838,37.338366193144445,0.11773611939214058,0.1020706119798453,0.7008901732508197,0.14038725213246583,0.8435030557691913,0.0,0.2606942096658691,93.03692217085646,89.52785783990511,140,140,1.504778927906695,1.5637590731853523,8675,7680,0.01
volatility_priority,forecast_to_2026,2021-09-19,2021-09-01,1.0,0.73,113.22539184048514,79.52242619520388,6818.57043063743,5339.584612351452,13.811290270786287,55.5492605443861,0.2915569669344704,0.1924619933659977,0.09093995165955429,0.05760806470209995,0.8435030557691913,0.0,0.22120019680591246,113.22539184048514,108.93483040438888,90,85,0.7948747055500971,0.7802830342183691,8765,7765,0.01
volatility_priority,forecast_to_2026,2021-10-10,2021-10-01,0.91,0.94,347.93629830113787,345.50353608761833,7166.506728938568,5685.08814843907,44.07918543911342,60.93789957815227,2.898007981610136,0.32346014275685514,1.413752682648074,0.10358010723854555,0.0643771864143366,0.0,0.8896325572191971,382.3475805507009,367.55695328470034,345,330,0.9023203429274781,0.897820044080054,9110,8095,0.01
volatility_priority,forecast_to_2026,2021-10-23,2021-10-01,0.98,0.92,194.11094312584277,175.7523396409539,7360.617672064411,5860.840488080024,34.816877626274135,57.939341847398225,0.9649790049327301,0.26667289814932316,0.45213497899631877,0.017280869704873456,0.0643771864143366,0.0,0.31950388798707235,198.07239094473752,191.03515178364552,300,290,1.5145977618036652,1.51804522514493,9410,8385,0.01
volatility_priority,forecast_to_2026,2021-11-05,2021-11-01,0.0,0.0,0.0,0.0,7360.617672064411,5860.840488080024,24.371814338391893,40.557539293178756,0.0,0.13394810543536223,0.209363405681783,0.0,0.0,0.0,0.0815617564654856,0.0,0.0,0,0,,,9410,8385,0.01
volatility_priority,forecast_to_2026,2021-11-20,2021-11-01,0.83,0.75,-45.90618401900734,-39.847032396898726,7314.711488045404,5820.993455683126,7.65779861129451,15.107933372925558,-0.04871251304305993,0.0175191760005578,0.026640155512410998,0.0178503592316572,0.0,0.0,0.00612402976020501,-55.30865544458716,-53.1293765291983,-95,-90,1.7176335102772287,1.6939780942194707,9315,8295,0.01
volatility_priority,forecast_to_2026,2021-12-04,2021-12-01,0.86,0.86,-329.77039236945126,-317.214641869075,6984.941095675952,5503.77881381405,-48.32309321828359,-41.06403950135973,-2.896813718992343,0.0,1.3725496956296348,0.35594871644218373,0.22716170100246572,0.0,0.056043808331868415,-383.453944615641,-368.8542347314826,-430,-415,1.1213862995489978,1.1251056946712579,8885,7880,0.01
volatility_priority,forecast_to_2026,2021-12-18,2021-12-01,1.0,1.0,-163.10478231789574,-156.6438672925488,6821.836313358056,5347.134946521502,-33.82616525279852,-28.744827650951805,-0.7855414126491933,0.0,0.3814093621122008,0.0,0.22716170100246572,0.0,0.036249649003118424,-163.10478231789574,-156.6438672925488,-130,-125,0.7970336501024623,0.7979884700276803,8755,7755,0.01
volatility_priority,forecast_to_2026,2022-01-01,2022-01-01,0.66,0.65,73.27289841626563,69.49561640871343,6895.109211774322,5416.630562930215,14.068328961723324,17.29933717210251,0.16320734459606376,0.0281164881293635,0.372392916291789,0.18178873916032529,0.2841400136681851,0.0,0.16395363495154203,111.01954305494792,106.9163329364822,140,135,1.2610392382060924,1.2626695687384077,8895,7890,0.01
volatility_priority,forecast_to_2026,2022-01-18,2022-01-01,0.9,0.91,334.6396375495352,325.39348971848676,7229.748849323857,5742.024052648701,47.0300122231547,44.29130972889351,2.898007981610136,0.22700978296861848,1.3360264991561954,0.15350721221831076,0.2841400136681851,0.0,0.8598014464984475,371.8218194994836,357.5752634269085,345,330,0.9278637828850687,0.9228826313021926,9240,8220,0.01
volatility_priority,forecast_to_2026,2022-01-30,2022-01-01,0.94,0.84,307.6753851812319,265.4365325438659,7537.424234505089,6007.460585192567,52.55986292947841,81.56325634239039,2.2518556451652603,0.5485664651273978,0.7053814349061912,0.20343129419180653,0.2841400136681851,0.0,0.671933509013228,327.314239554502,315.9958720760308,310,300,0.9471020888731638,0.9493794903998553,9550,8520,0.01
volatility_priority,forecast_to_2026,2022-02-18,2022-02-01,1.0,0.89,223.4273430122099,192.16698838630901,7760.851577517299,6199.627573578876,36.791904050634884,80.84525553236313,1.0843654025255494,0.475418533013624,0.40140975549946717,0.03995890651684988,0.5752649498995371,0.0,0.4249240175236184,223.4273430122099,215.9179644789989,210,200,0.9399028658212343,0.9262777207194951,9760,8720,0.01
volatility_priority,forecast_to_2026,2022-03-04,2022-03-01,0.91,0.94,206.7815958174189,206.1950464076451,7967.633173334718,6405.822619986521,46.20525989431002,69.7530648135677,1.0445222031855577,0.40655173124343247,0.3638227360538997,0.03651594231735373,0.0482166967284966,0.0,0.3174094035606579,227.2325228762845,219.35643234855863,260,255,1.1442024086558928,1.162491554361185,10020,8975,0.01
volatility_priority,forecast_to_2026,2022-03-18,2022-03-01,0.12,0.04,93.2044972267323,29.973400334395215,8060.83767056145,6435.796020320917,715.8433282553872,768.1887533949825,0.08603345589148809,3.765941984799191,0.1786349371801869,3.142586158253818,0.0482166967284966,0.08144862508267381,1.0509822500598487,776.7041435561025,749.3350083598804,750,720,0.9656186415668663,0.9608519446808073,10770,9695,0.01
volatility_priority,forecast_to_2026,2022-04-01,2022-04-01,0.0,0.0,0.0,0.0,8060.83767056145,6435.796020320917,501.090329778771,537.7321273764877,0.0,3.765941984799191,0.025772371398248943,0.0,0.0,2.269313830723496,0.8526675255926502,0.0,0.0,110,110,,,10880,9805,0.01
volatility_priority,forecast_to_2026,2022-04-16,2022-04-01,0.0,0.0,-0.0,-0.0,8060.83767056145,6435.796020320917,-142.44153269123518,-99.20087644590774,0.0,0.0,0.0,3.142586158253818,0.0,3.651903280774391,0.9512285214639487,-493.20476353637486,-475.6133656094491,-545,-530,1.1050177133169663,1.11435051729646,10335,9275,0.01
volatility_priority,forecast_to_2026,2022-04-29,2022-04-01,0.73,0.74,277.5663884738873,270.94723170136064,8338.404059035338,6706.743252022277,2.9524680585320198,25.75706249104536,1.7208656936391002,0.044773057390346406,1.1029579715162745,1.249890319942438,0.0,3.651903280774391,1.2643279206993603,380.2279294162839,366.1449077045414,205,200,0.5391502941793642,0.5462318218594177,10540,9475,0.01
volatility_priority,forecast_to_2026,2022-05-17,2022-05-01,0.88,0.88,255.6613574822039,246.24252546021972,8594.065416517542,6952.985777482497,36.92964002490933,51.608469942852594,1.3255112513187421,0.2366214184601696,0.5370886588078224,0.1503320187790185,0.0,3.651903280774391,0.9121381133488713,290.5242698661408,279.8210516593406,285,270,0.9809851690921171,0.9649023845736349,10825,9745,0.01
volatility_priority,forecast_to_2026,2022-05-31,2022-05-01,0.92,0.93,215.19629443329168,210.39415074540338,8809.261710950834,7163.379928227901,44.56346927250533,51.96204783330674,0.8945592975836303,0.26640084829667415,0.3934211344735842,0.03779377723230611,0.0,3.651903280774391,0.797118348886255,233.9090156883605,226.2302696187133,400,390,1.7100666206595656,1.7239072413134764,11225,10135,0.01
volatility_priority,forecast_to_2026,2022-06-15,2022-06-01,0.9,0.89,314.8658459746018,300.3970726972113,9124.127556925436,7463.777000925112,66.1795224879317,73.5011615694869,1.7514583656823473,0.5496275562109093,0.8559430697353582,0.16929324101245466,0.0,3.651903280774391,1.1139024630358212,349.8509399717798,337.52480078338345,390,375,1.1147604749367224,1.1110294684409499,11615,10510,0.01
volatility_priority,forecast_to_2026,2022-06-29,2022-06-01,0.78,0.81,-226.83017286348087,-227.25797035159366,8897.297384061954,7236.519030573518,-17.652075322506505,-1.856612045560155,-0.8951709261328195,0.0,2.202653053382212,0.4358695390694001,0.0,3.651903280774391,1.1077601811341995,-290.8079139275396,-280.56539549579463,-320,-310,1.1003827085659512,1.104911742419947,11295,10200,0.01
volatility_priority,forecast_to_2026,2022-07-13,2022-07-01,0.98,1.0,-211.10590079617563,-207.90181507402,8686.191483265779,7028.617215499497,-16.664736415472447,-1.2996284318921028,-0.7995037542609561,0.0,0.3747140682454833,0.0010573783231071585,0.0,3.651903280774391,0.5118981871507606,-215.41418448589351,-207.90181507402,-360,-345,1.6711991406655708,1.6594371717109275,10935,9855,0.01
volatility_priority,forecast_to_2026,2022-07-27,2022-07-01,0.96,1.0,-276.7967229181371,-278.34900118703297,8409.39476034764,6750.268214312465,-23.198512279086458,-0.9097399023244748,-1.4907803435915796,0.0,0.6848452577396029,0.007577417594095918,0.0,3.651903280774391,0.5090716269906477,-288.32991970639284,-278.34900118703297,-300,-290,1.0404747461015869,1.0418575197442088,10635,9565,0.01
volatility_priority,forecast_to_2026,2022-08-10,2022-08-01,1.0,1.0,-193.24217687166663,-186.36493660545108,8216.152583475974,6563.903277707013,-16.238958595360515,-0.636817931627121,-0.7423911427950599,0.0,0.3535122805027416,0.0,0.0,3.651903280774391,0.5133853834679286,-193.24217687166663,-186.36493660545108,-130,-125,0.6727309850495724,0.6707270277167782,10505,9440,0.01
volatility_priority,forecast_to_2026,2022-08-24,2022-08-01,1.0,1.0,-108.96833784957552,-105.34028462738496,8107.1842456263985,6458.5629930796285,-11.367271016752355,-0.44577255213899036,-0.24952547831638647,0.0,0.13938440099363214,0.0,0.0,3.495018923546681,0.49618440263033053,-108.96833784957552,-105.34028462738496,-205,-200,1.8812804163626926,1.8986088817535496,10300,9240,0.01
volatility_priority,forecast_to_2026,2022-09-07,2022-09-01,0.77,0.78,100.63952759886341,98.0216116895625,8207.823773225262,6556.584604769191,22.10406788273903,27.33508045927674,0.22580408523833426,0.07224069940455541,0.34681422759799,0.1059724069802443,0.0,1.3908345647746014,0.3553235141750798,130.7006851933291,125.66873293533654,190,185,1.4537031670412202,1.4721243357740597,10490,9425,0.01
volatility_priority,forecast_to_2026,2022-09-22,2022-09-01,0.87,0.92,-222.19242487391912,-226.93575763404542,7985.631348351343,6329.648847135146,-17.728319417265993,-0.5989878205971877,-1.1423259209516798,0.0,1.0848917617988536,0.0866509791203734,0.0,0.47497243282358165,0.24416917727857462,-255.39359180910245,-246.6693017761363,-290,-280,1.1355022573031692,1.1351230087565287,10200,9145,0.01
volatility_priority,forecast_to_2026,2022-10-10,2022-10-01,1.0,1.0,-115.80970954354416,-111.63253333282655,7869.821638807799,6218.016313802319,-12.409823592086184,-0.4192914744180314,-0.30770866736027264,0.0,0.18760905888277518,0.0,2.14625142716505e-05,0.11976762818224786,0.0299709721799091,-115.80970954354416,-111.63253333282655,0,0,-0.0,-0.0,10200,9145,0.01
volatility_priority,forecast_to_2026,2022-10-25,2022-10-01,0.79,0.78,198.0024088848216,188.37152024834083,8067.82404769262,6406.38783405066,43.946675214416274,52.83692475590095,0.9135185418642912,0.2763785864328844,0.8947028598031226,0.36303454310829436,2.14625142716505e-05,0.015462919442622292,0.48798910541166757,250.6359606136982,241.5019490363344,185,175,0.7381223330723,0.7246318329864532,10385,9320,0.01
volatility_priority,forecast_to_2026,2022-11-08,2022-11-01,0.0,0.0,0.0,0.0,8067.82404769262,6406.38783405066,30.76267265009139,36.985847329130664,0.0,0.1364255543893809,0.22915246500736283,0.0,0.16331595889304307,0.0,0.08784531711672215,0.0,0.0,155,150,,,10540,9470,0.01
volatility_priority,forecast_to_2026,2022-11-22,2022-11-01,0.89,0.9,-138.43920286548652,-134.49083441708257,7929.384844827134,6271.896999633577,4.423407579554407,10.946667084048968,-0.4368262297383417,0.009543741708681665,0.27321106117992144,0.0322312204217777,0.16331595889304307,0.0,0.04952037513389895,-155.5496661409961,-149.43426046342506,-175,-165,1.1250425947000966,1.1041644632783842,10365,9305,0.01
volatility_priority,forecast_to_2026,2022-12-06,2022-12-01,1.0,0.99,-578.5488712533701,-551.8073446649302,7350.835973573764,5720.089654968647,3.0963853056880453,2.0888553965622805,-2.898007981610136,0.000681019425189638,2.548689498120229,0.002598511454630393,0.06715426911777199,0.0,0.35934486633382473,-578.5488712533701,-557.3811562272022,-440,-425,0.760523478417273,0.762494381540878,9925,8880,0.01
volatility_priority,forecast_to_2026,2022-12-20,2022-12-01,0.94,0.93,-340.70342662133316,-324.1697842589849,7010.132546952431,5395.919870709662,-19.579557517167302,-22.93767745695368,-2.898007981610136,0.0,1.2670497795323645,0.07160084910461152,0.06715426911777199,0.0,-0.006180467014575751,-362.4504538524821,-348.5696604935322,-480,-460,1.3243189376591613,1.319678825026527,9445,8420,0.01
volatility_priority,forecast_to_2026,2023-01-04,2023-01-01,0.64,0.62,80.91599674900756,75.49035408625352,7091.048543701439,5471.410224795915,31.80955790929964,30.211907316868448,0.19246686115523304,0.10520518739412575,1.0872661004559674,0.27323006805507216,0.0017362205638001733,0.0,0.4061061264614105,126.43124492032432,121.75863562298954,250,240,1.9773593161844405,1.971112757399238,9695,8660,0.01
volatility_priority,forecast_to_2026,2023-01-18,2023-01-01,0.9,0.95,-178.52388775915753,-180.98665104674959,6912.524655942281,5290.423573749165,2.4307030077144702,11.622721908821092,-1.023258900984954,0.009578200476975716,0.6885535394464388,0.02738712915243692,0.0017362205638001733,0.0,0.06872803272308797,-198.3598752879528,-190.5122642597364,-205,-195,1.0334751405868143,1.0235561513989735,9490,8465,0.01
volatility_priority,forecast_to_2026,2023-02-04,2023-02-01,0.78,0.76,199.35729625960514,186.9338573065051,7111.881952201887,5477.3574310556705,57.93047310169899,67.16764974875534,1.219107341886993,0.45145883412905125,1.1728861272098248,0.4338800576772657,0.5729291711957665,0.0,0.6464883108800106,255.586277255904,245.96560171908567,210,200,0.8216403566523994,0.813121829240243,9700,8665,0.01
volatility_priority,forecast_to_2026,2023-02-17,2023-02-01,0.0,0.0,0.0,0.0,7111.881952201887,5477.3574310556705,40.55133117118929,47.01735482412873,0.0,0.22121482872323506,0.22871110392696684,0.0,0.5729291711957665,0.0,0.1797934911667502,0.0,0.0,0,0,,,9700,8665,0.01
volatility_priority,forecast_to_2026,2023-03-03,2023-03-01,0.0,0.0,0.0,0.0,7111.881952201887,5477.3574310556705,28.3859318198325,32.91214837689011,0.0,0.10839526607438515,0.0,0.0,1.1162851712007502,0.0,0.01517533725041391,0.0,0.0,0,0,,,9700,8665,0.01
volatility_priority,forecast_to_2026,2023-03-18,2023-03-01,0.91,0.94,-134.61079235729156,-133.82610396979854,6977.271159844595,5343.531327085872,6.556996985798975,14.496412121069966,-0.5641686608605334,0.016308228436221775,0.26525909277249005,0.014826944539173601,1.1162851712007502,0.0,0.16123296349593264,-147.92394764537534,-142.36819571255165,-100,-95,0.6760230617947978,0.6672838657856537,9600,8570,0.01
volatility_priority,forecast_to_2026,2023-04-01,2023-04-01,0.87,0.91,-295.7512575721294,-297.0625475249907,6681.5199022724655,5046.468779560882,-39.60281875864973,-19.232323907832495,-2.894405432842319,0.0,0.9145151017940335,0.16787029487247132,2.2245448960594727,0.0,-0.1073603887775684,-339.9439742208384,-326.44235991757216,-335,-320,0.9854565028482409,0.9802649389031531,9265,8250,0.01
volatility_priority,forecast_to_2026,2023-04-18,2023-04-01,0.0,0.0,0.0,0.0,6681.5199022724655,5046.468779560882,602.1021084267866,592.5979256947793,0.0,3.765941984799191,0.5455461026724578,3.142586158253818,2.2245448960594727,0.0,1.1308577708291578,629.8240815578414,606.0605524302621,550,525,0.8732597182368763,0.8662500766545278,9815,8775,0.01
volatility_priority,forecast_to_2026,2023-04-29,2023-04-01,0.96,1.0,-85.19617346669574,-85.65229308535193,6596.32372880577,4960.81648647553,417.92163533763824,414.8185479863455,-0.2674730609701794,3.765941984799191,0.10770075711067757,0.000650447662818147,2.2245448960594727,0.0,0.833623224590385,-88.74601402780806,-85.65229308535193,-160,-155,1.8028978738117174,1.809642152201851,9655,8620,0.01
volatility_priority,forecast_to_2026,2023-05-17,2023-05-01,0.33,0.36,-140.97523287090726,-147.83374377429374,6455.3484959348625,4812.982742701236,6.322702240868381,27.557439102808473,-0.8022791424955782,0.053981536189152524,0.20192236171791791,3.142586158253818,2.013560113213371,0.0,0.39577710578801006,-427.1976753663856,-410.6492882619271,-380,-365,0.8895179489778202,0.8888363146685638,9275,8255,0.01
volatility_priority,forecast_to_2026,2023-05-31,2023-05-01,0.76,0.76,95.63669550247374,92.01518665032631,6550.985191437337,4904.997929351563,34.626953306231144,48.347634735226876,0.34521503658448666,0.2111588737756554,0.42758434099048576,0.11267892042864935,2.013560113213371,0.0,0.5038411144574482,125.83775724009702,121.07261401358726,100,95,0.7946740484988232,0.7846530842172014,9375,8350,0.01
volatility_priority,forecast_to_2026,2023-06-14,2023-06-01,0.77,0.75,-57.55201377975489,-53.820866404330346,6493.433177657582,4851.177062947232,7.0480060554739765,15.903055513215364,-0.11578574020755125,0.019366801968908637,0.1635823098553361,0.040210588966731166,2.2549562915948096,0.0,0.04120552405853322,-74.74287503864271,-71.76115520577379,-55,-50,0.7358560929261088,0.6967557846111301,9320,8300,0.01
volatility_priority,forecast_to_2026,2023-06-29,2023-06-01,1.0,0.73,75.87922170482618,53.22127296178164,6569.312399362408,4904.398335909013,4.933604238831791,30.816719269772733,0.14441615570581487,0.06585462215449034,0.1213508838358829,0.029707163081993917,2.2549562915948096,0.0,0.3856960577059598,75.87922170482618,72.90585337230361,70,70,0.9225186872936489,0.9601423858594114,9390,8370,0.01
volatility_priority,forecast_to_2026,2023-07-13,2023-07-01,0.0,0.0,0.0,0.0,6569.312399362408,4904.398335909013,3.4535229671822534,21.57170348884091,0.0,0.031164779381948268,0.025284041573477824,0.0,1.4831422899561018,0.0,0.011948281585516102,0.0,0.0,155,150,,,9545,8520,0.01
volatility_priority,forecast_to_2026,2023-07-27,2023-07-01,0.44,0.0,166.18327993561843,0.0,6735.4956792980265,4904.398335909013,213.92345872236012,378.32068886696703,0.3237072282986238,3.765941984799191,0.17305294852399147,3.142586158253818,1.4831422899561018,0.0,1.2720687571402796,377.68927258095096,363.2204964247784,275,260,0.7281117573734072,0.7158186351244223,9820,8780,0.01
volatility_priority,forecast_to_2026,2023-08-10,2023-08-01,0.12,0.0,37.52406686546278,0.0,6773.019746163489,4904.398335909013,424.92291145237914,566.2938754589926,0.01565783874723035,3.765941984799191,0.04880289909689714,3.142586158253818,1.2898159722286637,0.0,0.984026907181102,312.70055721218984,301.4693932521157,240,230,0.7675074267205182,0.7629298534052291,10060,9010,0.01
volatility_priority,forecast_to_2026,2023-08-24,2023-08-01,1.0,0.3,97.61039623126906,28.20553737653628,6870.630142394758,4932.6038732855495,297.4460380166654,462.21863336654616,0.1256322548625584,3.765941984799191,0.05064488036954937,0.3209669565609737,1.2898159722286637,0.0,0.7855234676940583,97.61039623126906,94.0184579217876,55,55,0.5634645706148766,0.5849915135361355,10115,9065,0.01
volatility_priority,forecast_to_2026,2023-09-06,2023-09-01,0.0,0.0,0.0,0.0,6870.630142394758,4932.6038732855495,208.21222661166576,323.5530433565823,0.0,3.765941984799191,0.027323498594511275,0.0,1.1663113666254212,0.0,0.5354289274502397,0.0,0.0,0,0,,,10115,9065,0.01
volatility_priority,forecast_to_2026,2023-09-21,2023-09-01,0.34,0.0,149.26214377319042,0.0,7019.892286167948,4932.6038732855495,435.49272007024155,650.0888484392067,0.23116325367434554,3.765941984799191,0.13517572750445972,3.142586158253818,1.1663113666254212,0.0,1.2033931051207256,439.0063052152659,423.6017180895991,385,370,0.876980570498221,0.8734619908263417,10500,9435,0.01
volatility_priority,forecast_to_2026,2023-10-11,2023-10-01,0.73,1.0,-48.59539938577763,-64.006013499709,6971.296886782171,4868.59785978584,286.8712631804568,455.0621939074446,-0.13366233092803942,3.765941984799191,0.14197489504975755,0.016776517177325926,2.4403283369278954,0.0,0.5534603324617137,-66.5690402544899,-64.006013499709,-85,-80,1.2768698433243069,1.249882559868593,10415,9355,0.01
volatility_priority,forecast_to_2026,2023-10-25,2023-10-01,1.0,1.0,-62.08497761600442,-59.90776023942204,6909.211909166166,4808.690099546418,200.80988422631975,318.5435357352112,-0.1374643356980946,3.765941984799191,0.03206135620847755,0.0,2.4403283369278954,0.0,0.8592512449066014,-62.08497761600442,-59.90776023942204,-70,-70,1.1274869169310164,1.168462979090592,10345,9285,0.01
volatility_priority,forecast_to_2026,2023-11-08,2023-11-01,0.68,0.5,-135.82729946723245,-96.25106124436796,6773.384609698934,4712.439038302051,76.64818979737328,126.72941377027986,-0.44798089569136984,1.3544166605742491,0.1287063814711429,0.9302095980752118,2.4403283369278954,0.04168562656297782,0.3015782529742923,-199.746028628283,-192.50212248873592,-140,-135,0.7008900300117242,0.7012909689237291,10205,9150,0.01
volatility_priority,forecast_to_2026,2023-11-22,2023-11-01,0.83,0.81,-373.150515638514,-350.82259054776154,6400.23409406042,4361.61644775429,-22.7746860075585,6.418870868733336,-2.898007981610136,0.002847074896576808,1.486713504855809,0.8275298653197352,2.4403283369278954,0.3650166217314602,0.549293999873917,-449.57893450423376,-433.1143093182241,-340,-330,0.7562631918573537,0.7619235682133456,9865,8820,0.01
volatility_priority,forecast_to_2026,2023-12-06,2023-12-01,1.0,1.0,-69.64494917425536,-67.15599851097762,6330.589144886165,4294.460449243312,-15.942280205290942,4.493209608113332,-0.21339991129293712,0.0014068207069707214,0.5676423337743269,0.0,2.4403283369278954,0.5882589696161388,0.22296992319652217,-69.64494917425536,-67.15599851097762,-55,-50,0.7897198670127116,0.7445351287841662,9810,8770,0.01
volatility_priority,forecast_to_2026,2023-12-20,2023-12-01,0.82,0.82,-336.71500486759936,-323.45688518548,5993.874140018565,3971.0035640578317,-85.07264599268893,-67.85748416869433,-2.898007981610136,0.0,1.3445744610228898,0.6736580202528841,2.4403283369278954,0.7760737502431572,0.542259635920799,-410.62805471658464,-394.4596160798537,-415,-400,1.0106469717136908,1.0140455035047866,9395,8370,0.01
volatility_priority,forecast_to_2026,2024-01-04,2024-01-01,0.61,0.56,124.29416246726187,109.70933710871977,6118.168302485828,4080.7129011665515,19.91590741533436,38.69995452447948,0.7023856302804905,0.11791531650268511,1.3414887083715266,0.8999403094129812,2.4403283369278954,0.23116319045861955,0.6756432350431265,203.76092207747848,195.9095305512853,200,190,0.9815424761571877,0.9698354105864273,9595,8560,0.01
volatility_priority,forecast_to_2026,2024-01-18,2024-01-01,0.0,0.0,0.0,0.0,6118.168302485828,4080.7129011665515,13.941135190734052,27.089968167135634,0.0,0.05777850508631569,0.08337444431886812,0.0,2.4403283369278954,0.04008121139253928,0.3803586607726053,0.0,0.0,-50,-50,,,9545,8510,0.01
volatility_priority,forecast_to_2026,2024-02-01,2024-02-01,0.81,0.76,123.61018272621928,111.7011148639493,6241.778485212047,4192.4140160305005,38.75377576682453,54.23701398982104,0.6826438997874712,0.2627871171222774,0.20079082515161625,0.13908858004019264,1.0827235887521385,5.9062987660276736e-05,0.21207825993674898,152.60516385952997,146.9751511367754,200,200,1.3105716408397297,1.3607742428097902,9745,8710,0.01
volatility_priority,forecast_to_2026,2024-02-19,2024-02-01,0.0,0.0,0.0,0.0,6241.778485212047,4192.4140160305005,27.127643036777172,37.965909792874726,0.0,0.12876568738991595,0.08453514282998772,0.0,1.0827235887521385,0.0,0.1949690415088838,0.0,0.0,0,0,,,9745,8710,0.01
volatility_priority,forecast_to_2026,2024-03-05,2024-03-01,0.83,0.78,128.5850656360849,116.64165452811251,6370.363550848131,4309.055670558613,45.32605031626744,59.475065055249146,0.7065526623225732,0.3267183386968727,0.21817265875675587,0.11897029363779592,2.1719885837175825,0.0,0.22676557887904047,154.92176582660832,149.54058272834936,125,120,0.806858864105013,0.8024577530100184,9870,8830,0.01
volatility_priority,forecast_to_2026,2024-03-18,2024-03-01,0.0,0.0,0.0,0.0,6370.363550848131,4309.055670558613,31.728235221387205,41.6325455386744,0.0,0.16009198596146762,0.0918518151353787,0.0,2.1719885837175825,0.0,0.3540468242956804,0.0,0.0,0,0,,,9870,8830,0.01
volatility_priority,forecast_to_2026,2024-04-02,2024-04-01,0.83,0.78,172.5052774744995,156.49654342747485,6542.868828322631,4465.552213986088,57.542170884687835,73.28283258738549,1.207500471502287,0.503645783621254,0.3928030849550123,0.2139200605692801,0.9911761488595068,0.17324451196192636,0.4116044413581681,207.8376837042163,200.63659413778825,200,190,0.9622894002448061,0.9469857720447372,10070,9020,0.01
volatility_priority,forecast_to_2026,2024-04-17,2024-04-01,0.89,0.84,224.69869241046166,204.58533613328834,6767.567520733092,4670.137550119376,68.05126811945092,90.26661826512955,1.9276894978045493,0.7471150121377884,0.40276983538372774,0.15587230827997706,0.9911761488595068,0.8268478931148254,0.6328844102023174,252.47044091063108,243.55397158724804,200,195,0.7921719440843198,0.8006438931345671,10270,9215,0.01
volatility_priority,forecast_to_2026,2024-04-30,2024-04-01,0.18,0.93,-19.60583677193062,-97.62269731805648,6747.961683961162,4572.51485280132,-41.679590944068295,55.83868782616708,-0.28410243757920534,0.2090508803563179,0.5329050215638413,0.43347084633660865,0.9911761488595068,1.545048510591193,0.565121659268171,-108.92131539961456,-104.97064227748008,-70,-70,0.6426657605371493,0.6668531170359189,10200,9145,0.01
volatility_priority,forecast_to_2026,2024-05-16,2024-05-01,0.94,1.0,-260.2220975548977,-266.81382039707603,6487.739586406264,4305.701032404244,-45.78563478137323,39.08708147831695,-2.898007981610136,0.10098890364515373,0.8484339013271219,0.015122509194321832,1.8130852618484614,1.188065028577619,0.031393754771110956,-276.8320186754231,-266.81382039707603,-235,-225,0.8488902444320581,0.8432846531905727,9965,8920,0.01
volatility_priority,forecast_to_2026,2024-05-29,2024-05-01,0.0,0.0,0.0,0.0,6487.739586406264,4305.701032404244,-32.04994434696126,27.360957034821862,0.0,0.04948456278612532,0.43167501635928474,0.0,1.8130852618484614,0.9660390713339895,0.5255077503433858,0.0,0.0,0,0,,,9965,8920,0.01
volatility_priority,forecast_to_2026,2024-06-14,2024-06-01,0.98,1.0,-174.2424973230605,-171.12116372840504,6313.497089083203,4134.579868675839,-25.990930375996584,19.152669924375317,-1.351725648078062,0.02384536100266306,0.4373619009581167,0.0007075381200990043,1.509095650015037,1.7561516296394863,0.19126561358322108,-177.7984666561842,-171.12116372840504,-190,-180,1.0686256387543003,1.0518862546171495,9775,8740,0.01
volatility_priority,forecast_to_2026,2024-06-28,2024-06-01,0.86,0.66,229.72843803162013,169.95784035397452,6543.225527114823,4304.537709029813,19.204001439624278,100.96090791729199,1.7298536162542455,0.6792236814093522,1.1796467091304415,0.6379424721784123,1.509095650015037,2.465326719400327,1.336895912235164,267.126090734442,257.5118793242038,210,200,0.7861455967203415,0.7766631990914984,9985,8940,0.01
volatility_priority,forecast_to_2026,2024-07-12,2024-07-01,0.95,1.0,99.9288871262874,101.63455543817348,6643.15441424111,4406.172264467987,18.702216119646863,70.6726355421044,0.4625477404551215,0.3350186151609406,0.14891039978454515,0.0015809743403743851,1.0232549400740942,2.286196975548702,0.47662132270608265,105.18830223819728,101.63455543817348,110,105,1.045743658367132,1.0331131921354622,10095,9045,0.01
volatility_priority,forecast_to_2026,2024-07-26,2024-07-01,0.38,0.91,-44.139192446380655,-101.7973310728967,6599.01522179473,4304.37493339509,-58.9250258656051,39.40297697116462,-0.3488434793396914,0.09913566811717822,0.2558011263390402,0.3036943441661828,1.0232549400740942,2.1635545970379524,0.5304517877095121,-116.15576959573856,-111.86519898120515,-145,-140,1.248323699327628,1.2515062885958113,9950,8905,0.01
volatility_priority,forecast_to_2026,2024-08-09,2024-08-01,0.81,0.83,-315.0068991330497,-310.68610254129345,6284.00832266168,3993.6888308537964,-115.13802530997225,-36.05241905032926,-2.898007981610136,0.0,1.1821217229088081,0.6016577006146695,1.2747202966408788,1.809032789847114,0.2864120681118731,-388.8974063370984,-374.32060547143794,-305,-290,0.7842685372286189,0.7747369387660602,9645,8615,0.01
volatility_priority,forecast_to_2026,2024-08-22,2024-08-01,0.0,0.0,0.0,0.0,6284.00832266168,3993.6888308537964,-80.59661771698057,-25.236693335230484,0.0,0.0,0.6044888729588689,0.0,1.2747202966408788,1.5797299141562362,0.5809696913992566,0.0,0.0,0,0,,,9645,8615,0.01
volatility_priority,forecast_to_2026,2024-09-06,2024-09-01,0.99,1.0,-190.06147205326818,-184.35794473075285,6093.946850608411,3809.3308861230435,-58.337445250909326,-17.665685334661333,-1.8058101672169193,0.0,0.5133564683287596,0.0002022240426406059,1.6231203419647426,1.4020882828996242,0.09751418806017624,-191.9812849022911,-184.35794473075285,-100,-100,0.5208841062340791,0.5424230572001975,9545,8515,0.01
volatility_priority,forecast_to_2026,2024-09-21,2024-09-01,0.85,0.85,-297.51471398356796,-285.77573710599347,5796.432136624843,3523.55514901705,-93.33880826097209,-62.79699216473233,-2.898007981610136,0.0,0.78748413047445,0.33991615221371846,1.6231203419647426,1.2840416165851325,0.285115057223819,-350.0173105689035,-336.2067495364629,-365,-350,1.0428055669782281,1.0410260962415365,9180,8165,0.01
volatility_priority,forecast_to_2026,2024-10-11,2024-10-01,0.55,0.51,85.8391658337871,76.54099230801502,5882.27130245863,3600.096141325065,4.8948789904180785,29.581490251211605,0.4125793659843205,0.060369663822559066,0.908964672658325,0.6734948542100708,1.5290133528427161,0.7162808545283127,0.5334708651938341,156.07121060688564,150.08037707453926,140,135,0.8970264243841484,0.89951799583333,9320,8300,0.01
volatility_priority,forecast_to_2026,2024-10-24,2024-10-01,1.0,0.37,55.63730372372094,19.83944074288898,5937.908606182351,3619.9355820679543,3.4264152932926564,54.48771254887531,0.06323883959460874,0.2018507788918614,0.026825286689777728,0.08692325039039725,1.5290133528427161,0.4167457671713796,0.3297356644516679,55.63730372372094,53.62011011591616,90,85,1.6176197259111342,1.5852261365418063,9410,8385,0.01
volatility_priority,forecast_to_2026,2024-11-07,2024-11-01,0.98,1.0,-139.83640027596823,-137.07800323587335,5798.072205906383,3482.857578832081,-0.4553133819597974,38.14139878421271,-1.2191632961574985,0.10209855033723327,0.3489850197527512,0.0004118223307519322,2.013560113213371,0.5019634354605771,0.01863897760177435,-142.69020436323288,-137.07800323587335,-145,-140,1.0161874856587023,1.0213163067388624,9265,8245,0.01
volatility_priority,forecast_to_2026,2024-11-20,2024-11-01,0.65,0.0,32.98713014327205,0.0,5831.059336049655,3482.857578832081,17.443581479005395,26.698979148948897,0.015028800717843386,0.06242282324581027,0.14718884249815975,0.01595364868138747,2.013560113213371,0.5663292151733732,0.41841789689389763,50.7494309896493,0.0,0,0,0.0,,9265,8245,0.01
volatility_priority,forecast_to_2026,2024-12-04,2024-12-01,0.0,0.77,0.0,42.70364369750425,5831.059336049655,3525.561222529585,12.210507035303776,31.444919235986276,0.1003874968120418,0.07520794389748924,0.019005831466497113,0.012770520443449724,2.4403283369278954,0.3455300455563519,0.08044719037925566,0.0,55.4592775292263,0,0,,0.0,9265,8245,0.01
volatility_priority,forecast_to_2026,2024-12-18,2024-12-01,0.0,0.0,0.0,0.0,5831.059336049655,3525.561222529585,8.547354924712643,22.011443465190393,0.0,0.03685189250976972,0.006857865607079963,0.0,2.4403283369278954,0.22326260805588535,0.3801193569312208,0.0,0.0,0,0,,,9265,8245,0.01
volatility_priority,forecast_to_2026,2025-01-03,2025-01-01,0.8,0.73,78.2037208178458,64.01087883383128,5909.263056867501,3589.572101363416,25.534078651760296,39.08326698061197,0.29928621307389447,0.1301264441764318,0.07279274218973042,0.06265326356421291,1.2353613502036496,0.03779198294085399,0.0960179291826741,97.75465102230726,87.68613538880997,70,70,0.7160784603898412,0.7983018032396147,9335,8315,0.01
volatility_priority,forecast_to_2026,2025-01-17,2025-01-01,1.0,0.83,343.1112034621136,273.8174036024261,6252.374260329615,3863.389504965842,17.87385505623223,83.44136955198553,2.898007981610136,0.47684475875953375,1.1328406010237262,0.23484270877376448,1.2353613502036496,0.0,1.0181601322157092,343.1112034621136,329.9004862679833,340,325,0.9909323757699531,0.9851455621559692,9675,8640,0.01
volatility_priority,forecast_to_2026,2025-02-06,2025-02-01,0.6,0.61,-53.08033409904795,-51.96848380863632,6199.293926230567,3811.421021157206,-22.875190860002753,25.183206743163367,-0.1509569080085439,0.042158862467636955,0.8138093827555953,0.1505759094072784,2.4403283369278954,0.0,0.2499917157679706,-88.46722349841326,-85.19423575186282,0,0,-0.0,-0.0,9675,8640,0.01
volatility_priority,forecast_to_2026,2025-02-20,2025-02-01,1.0,1.0,-144.04605619448918,-138.2796496231658,6055.247870036078,3673.14137153404,-16.012633602001927,17.628244720214354,-1.1059274284919582,0.020657842609142107,0.21707858652745413,0.0,2.4403283369278954,0.0,0.25483180110454723,-144.04605619448918,-138.2796496231658,-170,-160,1.1801780936679593,1.1570755381288977,9505,8480,0.01
volatility_priority,forecast_to_2026,2025-03-06,2025-03-01,1.0,1.0,-110.12891329773986,-105.7623807266702,5945.118956738338,3567.37899080737,-11.208843521401349,12.339771304150048,-0.6919398144005358,0.010122342878479629,0.10549112111506773,0.0,2.4403283369278954,0.0,-0.06380710967856748,-110.12891329773986,-105.7623807266702,-135,-130,1.2258361220274618,1.2291705151377874,9370,8350,0.01
volatility_priority,forecast_to_2026,2025-03-20,2025-03-01,1.0,1.0,-217.92155819572727,-209.33454663822369,5727.197398542611,3358.044444169146,-7.8461904649809355,8.637839912905036,-2.858757333108265,0.004959948010455022,0.45535023165618144,0.0,2.4403283369278954,0.0,0.07871940275306644,-217.92155819572727,-209.33454663822369,-280,-270,1.2848659963624007,1.28980144145352,9090,8080,0.01
volatility_priority,forecast_to_2026,2025-04-03,2025-04-01,0.72,0.63,151.544647738188,127.48516403427233,5878.7420462807995,3485.5296082034183,53.44169635047538,80.91872713376488,1.2672660293552145,0.5615698779649011,0.9252140652408776,0.6082797535755113,1.0960744204540855,0.00293824078093966,0.6191717658069823,210.47867741415,202.3574032290037,230,220,1.0927472693466176,1.0871853289747475,9320,8300,0.01
volatility_priority,forecast_to_2026,2025-04-18,2025-04-01,0.0,0.47,-0.0,-235.28317366717405,5878.7420462807995,3250.246434536244,-483.6552232603795,-208.6762145033907,-2.898007981610136,0.0,0.8074406791564734,3.142586158253818,1.0960744204540855,0.11153117102767993,0.29208751242093267,-521.0644107057122,-500.60249716420014,-480,-465,0.9211912963886826,0.9288807040198955,8840,7835,0.01
volatility_priority,forecast_to_2026,2025-04-30,2025-04-01,0.0,0.0,0.0,0.0,5878.7420462807995,3250.246434536244,-338.55865628226564,-146.07335015237348,0.0,0.0,0.198815622905594,0.0,1.0960744204540855,0.2806805482498252,0.25239038249022555,0.0,0.0,0,0,,,8840,7835,0.01
volatility_priority,forecast_to_2026,2025-05-20,2025-05-01,0.83,0.97,-179.40471900646241,-200.9030304264574,5699.337327274337,3049.3434041097867,-273.73660425433127,-108.46484089304676,-2.898007981610136,0.0,0.5436549739662777,0.07607726291161569,2.4403283369278954,0.16642200955421896,0.13297124007958652,-216.15026386320773,-207.1165262128427,-230,-220,1.064074574276519,1.062203987401361,8610,7615,0.01
volatility_priority,forecast_to_2026,2025-06-04,2025-06-01,0.0,0.0,0.0,0.0,5699.337327274337,3049.3434041097867,-191.61562297803187,-75.92538862513273,0.0,0.0,0.22903516813230357,0.0,1.7340280425987336,0.022263883452331115,0.07182749412301742,0.0,0.0,65,60,,,8675,7675,0.01
volatility_priority,forecast_to_2026,2025-06-18,2025-06-01,1.0,0.67,313.2180637618614,201.83534543371854,6012.555391036199,3251.178749543505,-134.1309360846223,46.2636667581192,2.898007981610136,0.1439344475255094,0.9496907958455544,0.7464554038929719,1.7340280425987336,0.0,1.0580468613414948,313.2180637618614,301.24678422943066,260,255,0.8300926098492106,0.8464820650360572,8935,7930,0.01
volatility_priority,forecast_to_2026,2025-07-02,2025-07-01,0.76,0.72,175.10267981119705,159.38502477529767,6187.658070847396,3410.5637743188026,-38.596072160962876,94.36763192107699,1.9480251045960268,0.5905096328419158,0.2918225222382465,0.4530685830519713,2.4403283369278954,0.0,0.5063712215400616,230.3982629094698,221.3680899656912,235,225,1.0199729678185046,1.0164066556967253,9170,8155,0.01
volatility_priority,forecast_to_2026,2025-07-16,2025-07-01,0.84,0.87,-99.35984268320425,-98.77042998989127,6088.298228164192,3311.793344328911,-45.94293483328434,51.29854246120692,-0.6606907653106957,0.17449818904592215,0.5190828159502895,0.03577811305353232,2.4403283369278954,0.0,0.09266681993551311,-118.28552700381458,-113.52922987343824,-130,-125,1.0990355565293093,1.1010380334593066,9040,8030,0.01
volatility_priority,forecast_to_2026,2025-07-29,2025-07-01,0.0,0.0,0.0,0.0,6088.298228164192,3311.793344328911,-32.160054383299034,35.90897972284484,0.0,0.08550411263250185,0.060724130135044754,0.0,2.4403283369278954,0.0,0.3718337819789688,0.0,0.0,0,0,,,9040,8030,0.01
volatility_priority,forecast_to_2026,2025-08-12,2025-08-01,0.0,0.0,0.0,0.0,6088.298228164192,3311.793344328911,-22.512038068309323,25.13628580599139,0.0,0.04192216654983013,0.0,0.0,2.4403283369278954,0.0,0.005869103316976214,0.0,0.0,0,0,,,9040,8030,0.01
volatility_priority,forecast_to_2026,2025-08-27,2025-08-01,0.87,0.99,-187.30175511811092,-204.71865073561787,5900.996473046081,3107.0746935932934,-43.74604522868367,15.52753490524833,-2.8967542333815657,0.015997294349723603,0.5743325063737659,0.043051408362262684,2.4403283369278954,0.0,0.11666694478829409,-215.28937369897807,-206.7865158945635,-180,-175,0.8360839966568885,0.8462834205748172,8860,7855,0.01
volatility_priority,forecast_to_2026,2025-09-09,2025-09-01,0.0,0.0,0.0,0.0,5900.996473046081,3107.0746935932934,-30.622231660078565,10.86927443367383,0.0,0.007971472750751416,0.2422137067339223,0.0,2.4403283369278954,0.0,0.0737801182052819,0.0,0.0,0,0,,,8860,7855,0.01
volatility_priority,forecast_to_2026,2025-09-23,2025-09-01,0.0,0.0,0.0,0.0,5900.996473046081,3107.0746935932934,-21.435562162054996,7.60849210357168,0.0,0.0039060216478681927,0.0,0.0,2.4403283369278954,0.0,0.3421928102006067,0.0,0.0,0,0,,,8860,7855,0.01
volatility_priority,forecast_to_2026,2025-10-14,2025-10-01,1.0,1.0,-142.86398589042818,-136.98231196919014,5758.132487155653,2970.0923816241034,-15.004893513438503,5.325944472500169,-1.5401464708386685,0.0019131187534527294,0.2863172219355626,0.0,2.013560113213371,0.0,-0.12945750271126127,-142.86398589042818,-136.98231196919014,-75,-70,0.524974853057246,0.5110148820947357,8785,7785,0.01
volatility_priority,forecast_to_2026,2025-10-28,2025-10-01,0.85,0.85,-203.07909157480262,-195.0089891733126,5555.05339558085,2775.0833924507906,-46.34091220790151,-30.685189899834455,-2.898007981610136,0.0,0.35712198555657293,0.15831394627032744,2.013560113213371,0.0,0.005477846569270639,-238.9165783232972,-229.4223402038972,-265,-255,1.1091737620710742,1.1114872238395392,8520,7530,0.01
volatility_priority,forecast_to_2026,2025-11-11,2025-11-01,0.62,0.49,83.30333456998801,63.30039979001646,5638.356730150837,2838.383792240807,18.618243932848685,44.404456647479954,0.44982659959613674,0.15040272667088705,0.4962150925829993,0.4712799993131126,0.7179365592505995,0.0,0.2988758333561188,134.36021704836776,129.18448936738054,125,120,0.9303349067603975,0.9289040858360226,8645,7650,0.01
volatility_priority,forecast_to_2026,2025-11-25,2025-11-01,0.3,1.0,-31.135273329100432,-99.5828950263764,5607.221456821737,2738.8008972144307,-59.61620034824027,31.08311965323597,-0.825333646181228,0.06660070054265317,0.18526349431452635,0.273741494261177,0.7179365592505995,0.0,0.08819136339660612,-103.78424443033478,-99.5828950263764,-70,-65,0.674476172989702,0.652722538170672,8575,7585,0.01
volatility_priority,forecast_to_2026,2025-12-09,2025-12-01,1.0,1.0,-77.58652000446382,-74.49385128603534,5529.634936817273,2664.3070459283954,-41.73134024376819,21.758183757265172,-0.5808583706198377,0.03284757137758862,0.05666168420096971,0.0,0.9683599772417815,0.0,-0.0597230066336239,-77.58652000446382,-74.49385128603534,-55,-55,0.7088860280991551,0.7383159690430764,8520,7530,0.01
volatility_priority,forecast_to_2026,2025-12-23,2025-12-01,0.9,1.0,-154.26847953725334,-164.546777205048,5375.36645728002,2499.7602687233475,-46.35288034144364,15.230728630085622,-2.896215725724437,0.016095309975018422,0.2649801673259685,0.015101092765464836,0.9683599772417815,0.0,-0.18603825820611347,-171.40942170805926,-164.546777205048,-170,-165,0.9917774548562461,1.00275437053615,8350,7365,0.01
volatility_priority,forecast_to_2026,2026-01-06,2026-01-01,0.0,0.0,0.0,0.0,5375.36645728002,2499.7602687233475,-32.447016239010544,10.661510041059934,0.0,0.007556214242101901,0.15912634795781638,0.0,2.013560113213371,0.0,0.04879577438123918,0.0,0.0,0,0,,,8350,7365,0.01
volatility_priority,forecast_to_2026,2026-01-21,2026-01-01,0.0,0.0,0.0,0.0,5375.36645728002,2499.7602687233475,-22.71291136730738,7.463057028741953,0.0,0.0037025449786299305,0.0,0.0,2.013560113213371,0.0,0.28241677214687994,0.0,0.0,85,85,,,8435,7450,0.01
volatility_priority,forecast_to_2026,2026-02-04,2026-02-01,0.74,0.55,159.6138382369249,114.20442361731092,5534.980295516944,2613.9646923406585,40.18149980180442,98.66412287973738,1.7664679200108993,0.7179042037708006,0.2689078521844073,0.8230583808898454,0.38485042638159617,0.0,0.5437126263093383,215.69437599584447,207.64440657692893,205,195,0.9504188463585601,0.9391054794811226,8640,7645,0.01
volatility_priority,forecast_to_2026,2026-02-25,2026-02-01,0.97,0.6,172.60577906435455,102.63419627347206,5707.586074581299,2716.5988886141304,33.46537292510911,137.4876835314642,1.4652587652346518,1.3056911271336127,0.15952438710133146,0.3511054950347782,0.38485042638159617,0.0,0.5388241300602485,177.94410212820057,171.0569937891201,175,170,0.9834549046976591,0.9938208092770345,8815,7815,0.01
volatility_priority,forecast_to_2026,2026-03-10,2026-03-01,0.06,0.01,33.38104946566437,5.34592532258668,5740.967124046963,2721.944813936717,546.3955360096516,625.4879854081063,0.019552929009844695,3.765941984799191,0.0886980303025746,3.142586158253818,0.195865364221283,0.007852568812965467,0.9976401188133863,556.3508244277394,534.592532258668,695,670,1.24921177337137,1.2532909825156586,9510,8485,0.01
volatility_priority,forecast_to_2026,2026-03-24,2026-03-01,0.04,0.0,76.18934615856391,0.0,5817.1564702055275,2721.944813936717,2211.02118301229,2272.8176183305623,0.08801188449027772,3.765941984799191,0.02564279880261327,3.142586158253818,0.195865364221283,1.7162372290191135,1.2549028065504988,1904.7336539640976,1834.976028544888,1160,1115,0.6090090326202977,0.6076373656413269,10670,9600,0.01
volatility_priority,forecast_to_2026,2026-04-08,2026-04-01,0.85,0.51,87.57669912371793,51.130403196247876,5904.733169329245,2773.0752171329646,1563.1695397186709,1640.097622176808,0.3377205151668278,3.765941984799191,0.04998868528687627,0.19382808341405958,0.12864194030598955,2.820610225297351,1.0115307188009022,103.0314107337858,100.2556925416625,420,400,4.076426761594119,3.9897983831070243,11090,10000,0.01
volatility_priority,forecast_to_2026,2026-04-22,2026-04-01,0.0,0.4,-0.0,-188.6577167644661,5904.733169329245,2584.4175003684986,604.5700433661572,865.0817603770665,-2.898007981610136,3.765941984799191,0.40328665551204823,3.142586158253818,0.12864194030598955,3.538097822254681,1.1958023860141096,-489.6486344369124,-471.6442919111652,-555,-530,1.1334658384950682,1.1237282186801618,10535,9470,0.01
