scenario,date,month,alpha_gasoline,alpha_diesel,optimal_u_gasoline,optimal_u_diesel,optimal_price_gasoline,optimal_price_diesel,S_gasoline,S_diesel,LC,LF,LV,LT,Lpi,LE,total_loss,f_gasoline,f_diesel,u_hist_gasoline,u_hist_diesel,historical_alpha_gasoline,historical_alpha_diesel,gasoline_price_after,diesel_price_after,grid_step
equal_weight,2016-01-27,2016-01-01,0.65,0.65,-211.76050099806193,-203.40715409864026,6713.239499001938,5766.592845901359,-114.02488515280257,-109.52692913003705,-0.0010479769725934554,0.0,0.30292990601182657,0.09023510147278488,0.07613622293088661,0.0,0.0600511931387767,-325.7853861508645,-312.9340832286773,0,0,-0.0,-0.0,6925,5970,0.05
equal_weight,2016-02-15,2016-02-01,0.35,0.35,38.77897746896561,37.19850895162697,6752.018476470904,5803.791354852986,-7.799318593168522,-7.585905195147255,3.7489640287884114e-05,0.0,0.18436478310321774,0.035947528909726176,0.0,0.0,0.024913781649324302,110.79707848275888,106.28145414750564,0,0,0.0,0.0,6925,5970,0.05
equal_weight,2016-02-29,2016-02-01,0.85,0.85,47.68691903057487,45.90196300656136,6799.705395501479,5849.693317859547,2.9558156372364266,2.790212776319521,5.6216114790843706e-05,0.00024348290984303592,0.009142667940005206,0.0004925261555607745,0.0,0.0,0.0010568673264355585,56.10225768302926,54.00230941948396,0,0,0.0,0.0,6925,5970,0.05
equal_weight,2016-03-14,2016-03-01,0.9,0.9,257.0814657705114,247.2274335683731,7056.78686127199,6096.920751427921,30.633678253900086,29.422863784354035,0.0016340650537035322,0.0267091099529342,0.38371329564843354,0.005668712482906931,0.0,0.0,0.044493469312961394,285.646073078346,274.69714840930345,0,0,0.0,0.0,6925,5970,0.05
equal_weight,2016-03-28,2016-03-01,1.0,1.0,148.44173955854455,142.81271674163784,7205.228600830535,6239.733468169558,21.44357477773005,20.596004649047813,0.0005033938347145336,0.013087463876937742,0.11994656311404842,0.0,0.0,0.0,0.014441010699502252,148.44173955854455,142.81271674163784,0,0,0.0,0.0,6925,5970,0.05
equal_weight,2016-04-12,2016-04-01,0.45,0.45,-45.45132282285151,-43.6586947011567,7159.777278007683,6196.074773468402,-40.541114439074136,-38.943423602635825,-4.504107708286726e-05,0.0,0.11509861815930589,0.021411540988735718,0.0,0.0,0.015355831800028103,-101.00293960633668,-97.019321558126,0,0,-0.0,-0.0,6925,5970,0.05
equal_weight,2016-04-27,2016-04-01,0.8,0.85,229.0690186838297,234.00270441291528,7388.846296691513,6430.0774778813175,28.88847456360554,14.03419837455175,0.001254249765797299,0.013424141282942302,0.4482757524767303,0.01707575821190075,0.0,0.0,0.05054332211458829,286.3362733547871,275.2972993093121,165,160,0.576245538390295,0.5811898641992522,7090,6130,0.05
equal_weight,2016-05-12,2016-05-01,1.0,1.0,175.09345093333127,168.4144579798299,7563.939747624844,6598.491935861148,20.221932194523873,9.823938862186225,0.0006335879422278472,0.0065274342540712835,0.1312969653203749,0.0,0.0,0.0,0.014418680527371336,175.09345093333127,168.4144579798299,120,115,0.6853483060636648,0.6828392370788792,7210,6245,0.05
equal_weight,2016-05-26,2016-05-01,1.0,0.95,191.4261860474688,174.86840316700093,7755.365933672313,6773.360339028149,14.155352536166703,16.080357370214614,0.0006762746215049711,0.007047585338241879,0.1358278199970182,0.0003680860027021025,0.0,0.0,0.015039332272942635,191.4261860474688,184.0720033336852,210,200,1.097028595387286,1.0865313376170551,7420,6445,0.05
equal_weight,2016-06-09,2016-06-01,1.0,1.0,100.23322113792264,96.43735586995946,7855.599154810236,6869.797694898109,9.908746775316686,11.256250159150227,0.00018736448642615286,0.003441777913378313,0.06036080017650932,0.0,0.017969045112515736,0.0,0.006689325649615736,100.23322113792264,96.43735586995946,110,110,1.097440536692302,1.14063683110857,7530,6555,0.05
equal_weight,2016-06-23,2016-06-01,0.0,0.0,0.0,0.0,7855.599154810236,6869.797694898109,6.93612274272168,7.8793751114051584,0.0,0.0016864711775553731,0.028612866260707005,0.0,0.017969045112515736,0.0,0.0063992795582835,0.0,0.0,0,0,,,7530,6555,0.05
equal_weight,2016-07-07,2016-07-01,0.0,0.0,0.0,0.0,7855.599154810236,6869.797694898109,4.855285919905175,5.51556257798361,0.0,0.0008303898467722267,0.0,0.0,0.07613622293088661,0.0,0.0001494701724190008,0.0,0.0,0,0,,,7530,6555,0.05
equal_weight,2016-07-22,2016-07-01,0.65,0.65,-102.61933960573798,-98.46681235227842,7752.979815204498,6771.33088254583,-51.85786733607914,-49.15969746202293,-0.00019093134454451703,0.0,0.0710504688648593,0.021157558966711766,0.07613622293088661,0.0,0.024583559986035626,-157.87590708575073,-151.48740361888989,-155,-150,0.98178374940903,0.9901813379637037,7375,6405,0.05
equal_weight,2016-08-05,2016-08-01,0.7,0.7,-155.42635842202412,-149.32750811385526,7597.553456782473,6622.003374431974,-102.91180360183716,-98.40929170078257,-0.0004507003678471919,0.0,0.10249802619190503,0.0307925905174802,0.4421998112822309,0.0,0.015711342846124444,-222.03765488860589,-213.3250115912218,-220,-215,0.9908229309590386,1.0078518144510304,7155,6190,0.05
equal_weight,2016-08-19,2016-08-01,0.45,0.45,57.23739460841237,55.06032249802466,7654.790851390886,6677.063696929999,-2.0814468887820112,-1.5905544707398747,6.391142111314563e-05,0.0,0.14147749387440012,0.03401249663910804,0.4421998112822309,0.0,0.09987746886908139,127.19421024091638,122.35627221783258,175,170,1.3758487879954244,1.3893852511079008,7330,6360,0.05
equal_weight,2016-09-02,2016-09-01,0.9,0.9,206.40981527493778,198.41063821880851,7861.2006666658235,6875.474335148808,21.477411097290116,20.93223833923858,0.0008186194701758293,0.013370349775365468,0.2301351657419773,0.0036523269139415887,0.01158478430368061,0.0,0.02622494988290465,229.34423919437532,220.456264687565,205,200,0.89385284199904,0.9072094198976108,7535,6560,0.05
equal_weight,2016-09-19,2016-09-01,0.45,0.45,-66.11414085038422,-63.474956291577755,7795.086525815439,6811.99937885723,-65.77198438236653,-62.927935296683586,-7.924358200376633e-05,0.0,0.2282964457653014,0.04527576090079656,0.01158478430368061,0.0,0.03096501769391284,-146.9203130008538,-141.05545842572835,-155,-150,1.0549936685684793,1.0634115239076787,7380,6410,0.05
equal_weight,2016-09-30,2016-09-01,0.0,0.0,0.0,0.0,7795.086525815439,6811.99937885723,-46.04038906765656,-44.04955470767851,0.0,0.0,0.012416843010033866,0.0,0.01158478430368061,3.9000081373841526e-33,0.003326945475665896,0.0,0.0,0,0,,,7380,6410,0.05
equal_weight,2016-10-20,2016-10-01,0.85,0.85,300.41727063201915,288.9044919765968,8095.503796447458,7100.903870833827,20.786540117114328,20.148457347553858,0.0016675076281561986,0.012436976826490469,0.610500855720131,0.01952634251599615,0.0,0.0,0.06710363442672881,353.4320830964931,339.8876376195256,355,340,1.0044362608220794,1.000330586841173,7735,6750,0.05
equal_weight,2016-11-02,2016-11-01,0.0,0.0,-0.0,-0.0,8095.503796447458,7100.903870833827,-41.24856465512299,-39.40079165697268,0.0,0.0,0.2568679811715974,0.02155684973389806,0.0,0.0,0.029567031069261396,-55.79914273710302,-53.50471180026038,0,0,-0.0,-0.0,7735,6750,0.05
equal_weight,2016-11-17,2016-11-01,0.65,0.65,-184.74916623316003,-177.42937491866743,7910.754630214297,6923.474495915159,-128.35431553797994,-123.11944834685565,-0.0005819056123655554,0.0,0.2305246113566211,0.06864414214858686,0.0,0.0,0.035303663712181944,-284.2294865125539,-272.9682691056422,-365,-355,1.2841735897231712,1.3005174600078167,7370,6395,0.05
equal_weight,2016-12-01,2016-12-01,0.45,0.45,57.786538676701696,55.560396468042505,7968.541168890999,6979.034892383202,-19.220029160617216,-18.27646260408033,5.981990560802934e-05,0.0,0.1802965319681582,0.03464746079181774,0.0,0.0,0.024276963722352458,128.41453039267043,123.46754770676112,175,170,1.3627741305043821,1.3768800235974132,7545,6565,0.05
equal_weight,2016-12-15,2016-12-01,0.9,0.9,364.20110917255874,349.9853963295848,8332.742278063557,7329.020288712786,27.01276949563004,26.09374243598654,0.002338151157993245,0.020922006040417926,0.7862579333603581,0.011367012224036814,0.0,0.0,0.08485868383207645,404.6678990806208,388.87266258842754,435,420,1.0749555400571476,1.0800450646347357,7980,6985,0.05
equal_weight,2016-12-29,2016-12-01,1.0,1.0,77.71243352081123,74.71447030925725,8410.454711584369,7403.734759022043,18.908938646941024,18.265619705190574,9.689392494712666e-05,0.01025178295980478,0.2570271666281203,0.0,0.0,0.0,0.027565478502067375,77.71243352081123,74.71447030925725,100,95,1.2867953745550924,1.2715073747665897,8080,7080,0.05
equal_weight,2017-01-13,2017-01-01,0.0,0.0,0.0,0.0,8410.454711584369,7403.734759022043,13.236257052858717,12.7859337936334,0.0,0.004998387788387657,0.01719206270146617,0.0,0.0,0.0,0.0026189160720563954,0.0,0.0,70,70,,,8150,7150,0.05
equal_weight,2017-01-26,2017-01-01,0.0,0.0,0.0,0.0,8410.454711584369,7403.734759022043,9.265379937001102,8.95015365554338,0.0,0.002449210016309952,0.0,0.0,0.0,0.0,0.0004408578029357913,0.0,0.0,-70,-70,,,8080,7080,0.05
equal_weight,2017-02-15,2017-02-01,0.0,0.0,0.0,0.0,8410.454711584369,7403.734759022043,6.485765955900771,6.2651075588803655,0.0,0.0012001129079918763,0.0,0.0,0.765270571902161,0.0,0.00021602032343853773,0.0,0.0,50,50,,,8130,7130,0.05
equal_weight,2017-02-28,2017-02-01,1.0,0.0,55.95744290787435,0.0,8466.412154492244,7403.734759022043,4.540036169130538,58.59430871955909,2.2133330636580025e-05,0.05431222106104138,0.010577428805448551,0.011030163487567884,0.765270571902161,0.0,0.15057205904119808,55.95744290787435,54.20873342834283,0,0,0.0,0.0,8130,7130,0.05
equal_weight,2017-03-15,2017-03-01,0.55,0.55,-50.68376106288,-48.69023643653219,8415.728393429363,7355.044522585511,-38.29050646032862,1.1785499283468397,-4.0141507532582266e-05,2.538355527234442e-05,0.027894577953245743,0.01193259509566548,0.953012448811224,0.0,0.004934668481137518,-92.1522928416,-88.5277026118767,-85,-85,0.9223861651072097,0.9601514270923435,8045,7045,0.05
equal_weight,2017-03-29,2017-03-01,0.7,0.7,-179.0481367349501,-172.01238136065643,8236.680256694413,7183.032141224855,-103.53827026578011,-72.89460706186713,-0.0005074050886668528,0.0,0.17230816877277055,0.040860452306863596,0.953012448811224,0.0,0.1960366061625728,-255.78305247850017,-245.73197337236635,-230,-220,0.8991995277690755,0.8952843904713459,7815,6825,0.05
equal_weight,2017-04-13,2017-04-01,0.6,0.7,125.28422625271229,140.59816685959507,8361.964482947125,7323.63030808445,11.046028315762115,9.23013228223374,0.000319642990890917,0.002973100036076351,0.35966398611219397,0.036147867515838136,0.5236123370315938,0.0,0.04306570850892437,208.8070437545205,200.8545240851358,200,190,0.9578220945224707,0.9459582793338779,8015,7015,0.05
equal_weight,2017-04-26,2017-04-01,0.0,0.0,0.0,0.0,8361.964482947125,7323.63030808445,7.73221982103348,6.461092597563617,0.0,0.0014568190176774119,0.05405739501942369,0.0,0.5236123370315938,2.1150048317784296e-06,0.09991856829168091,0.0,0.0,0,0,,,8015,7015,0.05
equal_weight,2017-05-12,2017-05-01,0.65,0.65,-163.18912593384735,-156.69294314825802,8198.775357013277,7166.937364936192,-82.45851393580972,-79.85035841538289,-0.0004251870962535502,0.0,0.1798209689678489,0.0535487287320111,0.2594474148003735,0.0,0.02754433439122125,-251.0601937443805,-241.06606638193543,-250,-235,0.9957771332501242,0.9748364982555255,7765,6780,0.05
equal_weight,2017-05-26,2017-05-01,0.5,0.5,61.40340403004903,59.04990923690287,8260.178761043326,7225.987274173095,3.682444274982231,3.154658346134852,6.288799484234522e-05,0.00033960650318302346,0.15816295521303733,0.026194606785663793,0.2594474148003735,0.0,0.067304308416435,122.80680806009806,118.09981847380574,140,135,1.1400019446111496,1.1431008255947717,7905,6915,0.05
equal_weight,2017-06-10,2017-06-01,0.6,0.6,-91.63047491599708,-87.95830961631408,8168.5482861273285,7138.028964556781,-58.50927228484382,-56.43061223524832,-0.0001375805194728904,0.0,0.09940297195056608,0.025870845549159256,0.2594474148003735,0.0,0.014572284900400155,-152.71745819332847,-146.5971826938568,-180,-175,1.1786471705948245,1.193747361199005,7725,6740,0.05
equal_weight,2017-06-24,2017-06-01,0.7,0.7,-148.71756417989386,-142.83424091119582,8019.8307219474345,6995.194723645585,-104.6925895336309,-100.71610324090062,-0.0003713407204023043,0.0,0.09579906748379433,0.028180802174405883,0.2594474148003735,0.0,0.0612861444741673,-212.4536631141341,-204.0489155874226,-250,-240,1.1767271805791144,1.1761885590476198,7475,6500,0.05
equal_weight,2017-07-07,2017-07-01,0.0,0.0,0.0,0.0,8019.8307219474345,6995.194723645585,-73.28481267354162,-70.50127226863043,0.0,0.0,0.06285674805788045,0.0,0.15162928473065224,0.0,0.0062856748057880454,0.0,0.0,0,0,,,7475,6500,0.05
equal_weight,2017-07-22,2017-07-01,1.0,0.0,58.87712254304824,0.0,8078.707844490483,6995.194723645585,-51.29936887147913,7.424316765430227,2.2502348601770608e-05,0.0010104883209864585,0.009778058640080554,0.014095504859117746,0.15162928473065224,0.0,0.03099420631069253,58.87712254304824,56.77520735347152,75,75,1.2738394262587045,1.3209991384631046,7550,6575,0.05
equal_weight,2017-08-05,2017-08-01,0.75,0.95,116.73123127943676,142.1911630368111,8195.43907576992,7137.385886682397,3.0008522164435334,12.680767158791213,0.0003273520178969607,0.003040386495186113,0.11219697293756266,0.004665024896339521,0.0854320010171775,0.0,0.012665594707452335,155.64164170591567,149.67490845980117,175,165,1.124377757018664,1.1023891826485717,7725,6740,0.05
equal_weight,2017-08-18,2017-08-01,0.0,0.0,0.0,0.0,8195.43907576992,7137.385886682397,2.100596551510473,8.876537011153848,0.0,0.0014897893826411952,0.052352716673473854,0.0,0.0854320010171775,0.0,0.02088119393931475,0.0,0.0,0,0,,,7725,6740,0.05
equal_weight,2017-09-01,2017-09-01,0.65,0.65,-58.0631251886439,-55.77390280150002,8137.375950581276,7081.611983880896,-29.79434213090476,-23.81852560069232,-5.652393289745418e-05,0.0,0.02277492809176638,0.006781968652408354,0.03813556942031863,0.0,0.0034880728586885994,-89.327884905606,-85.80600431000003,0,0,-0.0,-0.0,7725,6740,0.05
equal_weight,2017-09-16,2017-09-01,0.75,0.75,80.01759568112585,76.90027555423876,8217.393546262401,7158.512259435135,5.816492402075298,8.96045726426162,0.00010905525844204589,0.0018627863674271377,0.07928187406848261,0.00493878769535603,0.03813556942031863,0.0,0.0091721006846688,106.69012757483448,102.533700738985,95,95,0.8904291536568386,0.9265246383902286,7820,6835,0.05
equal_weight,2017-09-30,2017-09-01,1.0,0.85,222.48869776317963,181.76944110747425,8439.88224402558,7340.2817005426095,4.071544681452707,38.34928028041978,0.0006816451373175898,0.02714468017684201,0.20629968637259788,0.004498035953654844,0.03813556942031863,0.0,0.033312756161123745,222.48869776317963,213.8464013029109,210,195,0.9438681699846488,0.9118694484074334,8030,7030,0.05
equal_weight,2017-10-19,2017-10-01,0.0,0.0,0.0,0.0,8439.88224402558,7340.2817005426095,2.8500812770168946,26.844496196293843,0.0,0.013362424988476798,0.11800233319058925,0.0,0.03925046640193729,0.0,0.02127055376933346,0.0,0.0,0,0,,,8030,7030,0.05
equal_weight,2017-11-03,2017-11-01,0.9,1.0,102.23843629292308,109.39169958985336,8542.120680318503,7449.673400132463,13.354883148681054,18.79114733740569,0.00019061080170816957,0.0085333097010767,0.08050847409811056,0.00037496528885915014,0.03992717226827779,0.0,0.00968864685230698,113.59826254769231,109.39169958985336,150,150,1.320442730688993,1.3712192109858514,8180,7180,0.05
equal_weight,2017-11-17,2017-11-01,0.95,0.95,215.97099558461943,207.6148288093476,8758.091675903122,7657.28822894181,20.715312708530377,24.080899389307547,0.0007192490852684308,0.015590079578993617,0.21535688219980864,0.0008972550922612098,0.03992717226827779,0.0,0.02463287329615505,227.33789008907308,218.5419250624712,265,250,1.1656657845120784,1.1439452632648694,8445,7430,0.05
equal_weight,2017-11-30,2017-11-01,0.0,0.0,0.0,0.0,8758.091675903122,7657.28822894181,14.500718895971263,16.85662957251528,0.0,0.007639138993706872,0.13270139456850727,0.0,0.03992717226827779,0.0,0.021832075484007965,0.0,0.0,0,0,,,8445,7430,0.05
equal_weight,2017-12-14,2017-12-01,0.0,0.0,0.0,0.0,8758.091675903122,7657.28822894181,10.150503227179883,11.799640700760696,0.0,0.0037528815802496764,0.0,0.0,0.07613622293088661,0.0,0.0006755186844449418,0.0,0.0,0,0,,,8445,7430,0.05
equal_weight,2017-12-29,2017-12-01,0.0,0.0,0.0,0.0,8758.091675903122,7657.28822894181,7.105352259025917,8.259748490532486,0.0,0.0018389119743223406,0.0,0.0,0.07613622293088661,0.0,0.01403552428293761,0.0,0.0,70,70,,,8515,7500,0.05
equal_weight,2018-01-13,2018-01-01,0.9,0.9,202.90697595788265,195.4101246783152,8960.998651861006,7852.698353620125,27.51896613219401,27.494060018741067,0.000593999109747148,0.022380990122445855,0.2788536724285885,0.0035368220610492223,0.15559591887813007,0.0,0.03265749327564245,225.4521955087585,217.12236075368355,180,175,0.7983954185667145,0.8059971317211789,8695,7675,0.05
equal_weight,2018-01-27,2018-01-01,0.0,0.0,0.0,0.0,8960.998651861006,7852.698353620125,19.263276292535807,19.245842013118747,0.0,0.010966685159998473,0.11740195492875655,0.0,0.15559591887813007,0.0,0.041721464219738796,0.0,0.0,65,60,,,8760,7735,0.05
equal_weight,2018-02-10,2018-02-01,0.0,0.0,0.0,0.0,8960.998651861006,7852.698353620125,13.484293404775064,13.472089409183122,0.0,0.00537367572839925,0.0,0.0,0.0,0.0,0.000967261631111865,0.0,0.0,-170,-160,,,8590,7575,0.05
equal_weight,2018-03-01,2018-03-01,0.65,0.65,-99.28061707369477,-95.04050299843784,8861.71803478731,7757.657850621687,-44.01978842557003,-41.74519287426911,-0.00013622067341140947,0.0,0.06632864624869339,0.01975270519997318,0.0018059144853584212,0.0,0.010163831839650458,-152.73941088260733,-146.21615845913513,-190,-185,1.2439487549551338,1.265250037681056,8400,7390,0.05
equal_weight,2018-03-14,2018-03-01,0.9,0.9,-56.82080887435825,-54.51113853129718,8804.897225912953,7703.14671209039,-37.12727510616105,-35.2784281821325,-4.580331643250185e-05,0.0,0.017703027981496238,0.00027616846347510495,0.0018059144853584212,0.0,0.0018117685246172926,-63.13423208262028,-60.56793170144131,0,0,-0.0,-0.0,8400,7390,0.05
equal_weight,2018-03-29,2018-03-01,0.7,0.7,76.70344199675021,73.79184024886405,8881.600667909703,7776.938552339254,6.883811138580214,6.930174664877555,8.49020794051139e-05,0.0014253818832641804,0.07376279338216658,0.007511011552245287,0.0018059144853584212,0.0,0.0093251771382658,109.57634570964316,105.41691464123436,170,165,1.5514297259964138,1.5652137094084464,8570,7555,0.05
equal_weight,2018-04-13,2018-04-01,0.0,0.0,0.0,0.0,8881.600667909703,7776.938552339254,4.8186677970061496,4.851122265414288,0.0,0.000698034641210836,0.01675459300833351,0.0,0.004614759686296307,0.0,0.0018011055362513015,0.0,0.0,55,50,,,8625,7605,0.05
equal_weight,2018-04-27,2018-04-01,0.95,0.9,298.619248110246,271.9440499852604,9180.219916019949,8048.882602324515,19.08986999002252,33.611791139707805,0.0011824750756096376,0.024442338557609123,0.5680560329971549,0.004612369275051738,0.004614759686296307,0.0,0.06307895296673752,314.3360506423642,302.1600555391782,255,245,0.8112337082523385,0.8108285509903648,8880,7850,0.05
equal_weight,2018-05-01,2018-05-01,0.0,0.0,0.0,0.0,9180.219916019949,8048.882602324515,13.362908993015765,23.52825379779546,0.0,0.012048928660723043,0.23893939968439765,0.0,0.005989548810654417,0.0,0.026062747127369914,0.0,0.0,-75,-65,,,8805,7785,0.05
equal_weight,2018-05-12,2018-05-01,0.95,1.0,101.56232645720716,102.92782260783008,9281.782242477157,8151.810424932345,14.69942189812194,16.46977765845682,0.000145813786408657,0.007437349043889853,0.07416952109790911,8.557022037504503e-05,0.005989548810654417,0.0,0.008797324058912152,106.90771206021807,102.92782260783008,170,165,1.5901565633005394,1.6030650976526912,8975,7950,0.05
equal_weight,2018-05-26,2018-05-01,1.0,0.95,231.78388142181336,211.56236662985128,9513.56612389897,8363.372791562197,10.289595328685351,22.663705762490906,0.0006520362720952291,0.01046643366461799,0.24004536461373577,0.0005299298063899667,0.005989548810654417,0.0,0.027179367201049947,231.78388142181336,222.6972280314224,260,250,1.1217346021004686,1.1226004122724202,9235,8200,0.05
equal_weight,2018-06-09,2018-06-01,0.5,0.5,-103.47515075413445,-99.47338932617822,9410.090973144836,8263.899402236018,-96.2724340240547,-83.60879529243459,-0.00013138395521042302,0.0,0.3493788957530415,0.07435861852860598,0.03925046640193729,0.0,0.04829879179851535,-206.9503015082689,-198.94677865235644,-130,-125,0.6281701406209632,0.6283087408941036,9105,8075,0.05
equal_weight,2018-06-26,2018-06-01,0.4,0.4,25.882757289768563,24.928559132859604,9435.973730434604,8288.827961368877,-28.56656788218544,-21.133318005414814,8.431946746384791e-06,0.0,0.05026209656764463,0.010490207937744685,0.03925046640193729,0.0,0.013981048788321567,64.7068932244214,62.321397832149,-55,-55,-0.8499867210320975,-0.8825219252644523,9050,8020,0.05
equal_weight,2018-07-10,2018-07-01,0.85,0.85,265.98376060738286,256.06190792051217,9701.957491041987,8544.889869289389,26.941713177890676,30.394072911594094,0.000882248815230826,0.02502490526712244,0.44175418521213333,0.015325319255790618,0.0,0.0,0.051597263722079234,312.9220713028034,301.24930343589665,270,260,0.8628346312418812,0.8630725350550922,9320,8280,0.05
equal_weight,2018-07-24,2018-07-01,0.0,0.0,-0.0,0.0,9701.957491041987,8544.889869289389,-32.04033193415254,21.275851038115864,0.0,0.007817708811003994,0.20163569446553165,0.008129737198207046,0.0,0.0,0.02303410972821115,-50.89953115867601,0.0,-125,-120,2.4558182984106582,,9195,8160,0.05
equal_weight,2018-08-07,2018-08-01,0.0,0.0,0.0,0.0,9701.957491041987,8544.889869289389,-22.428232353906775,14.893095726681103,0.0,0.0039039593797130937,0.0,0.0,0.0,0.0,0.0007027126883483568,0.0,0.0,70,70,,,9265,8230,0.05
equal_weight,2018-08-21,2018-08-01,0.65,0.65,-84.48779801880562,-112.92476914083962,9617.469693023182,8431.965100148549,-61.193192350168516,-50.38047791331378,-0.0001310966547461731,0.0,0.07346550224779116,0.021866146221092453,0.0,0.0,0.011258859146721447,-129.9812277212394,-173.73041406283016,-50,-50,0.3846709319228089,0.28780222662634847,9215,8180,0.05
equal_weight,2018-09-04,2018-09-01,0.65,0.7,94.55293246169347,97.87915832354288,9712.022625484875,8529.844258472092,8.077882834255433,6.681876170770167,0.00011774330827951947,0.0015845432034616632,0.15451096697902061,0.015359782773697275,0.0,0.0,0.018522269169280986,145.46604994106687,139.8273690336327,180,170,1.2374021297266542,1.2157848722671016,9395,8350,0.05
equal_weight,2018-09-18,2018-09-01,1.0,1.0,88.24098253341916,84.70441594940971,9800.263608018295,8614.548674421501,5.654517983978806,4.67731331953911,9.144210155375503e-05,0.0007764261696962143,0.030786827319689153,0.0,0.0,0.0,0.00323489902079391,88.24098253341916,84.70441594940971,145,145,1.643227396579415,1.7118351903471272,9540,8495,0.05
equal_weight,2018-10-01,2018-10-01,0.95,0.95,183.39324425821997,176.31066586274565,9983.656852276516,8790.859340284247,13.610438602375694,12.553628053295569,0.0003877092837578181,0.005036983772829572,0.1575084156686723,0.0006470892431037435,0.0,0.0,0.016843762380811634,193.0455202718105,185.59017459236384,240,230,1.243230092374467,1.2392897442182988,9780,8725,0.05
equal_weight,2018-10-20,2018-10-01,1.0,1.0,128.22853400711935,123.20417918748176,10111.885386283635,8914.063519471729,9.527307021662978,8.787539637306892,0.00018214791778306056,0.002468122048686487,0.07301873915903093,0.0,0.0,0.0,0.007778922509867612,128.22853400711935,123.20417918748176,165,160,1.2867650814041052,1.298657245680972,9945,8885,0.05
equal_weight,2018-11-03,2018-11-01,0.6,0.6,-218.57287994145204,-209.99977719222917,9893.312506342183,8704.063742279499,-139.04613837913732,-133.84857371537132,-0.0005154921336364786,0.0,0.528989115359034,0.14737086517949805,0.0,0.0,0.07933287868415849,-364.28813323575343,-349.9996286537153,-375,-365,1.0294049291946445,1.0428582493186753,9570,8520,0.05
equal_weight,2018-11-17,2018-11-01,0.7,0.7,-307.95376248775045,-295.8504803637223,9585.358743854433,8408.213261915776,-229.31248078871778,-220.48706461378373,-0.0010714254048043857,0.0,0.3937939268649938,0.12088704276995421,0.0,0.0,0.06094620381222635,-439.9339464110721,-422.64354337674615,-510,-490,1.159264940022288,1.1593694205881007,9060,8030,0.05
equal_weight,2018-12-01,2018-12-01,0.75,0.75,-338.4578970603028,-325.06934208143144,9246.90084679413,8083.143919834345,-273.33803557220335,-262.69739259012573,-0.001383913943856612,0.0,0.4507503652495274,0.08830726959625866,0.03925046640193729,0.0,0.060721240542385105,-451.2771960804037,-433.4257894419086,-540,-520,1.1966037829746412,1.199744022314793,8520,7510,0.05
equal_weight,2018-12-15,2018-12-01,0.95,0.95,-148.28652305762066,-142.38222040434565,9098.614323736509,7940.76169943,-199.14117874568026,-191.38197588700095,-0.000286546643696139,0.0,0.18882036221363724,0.0004224704376103466,0.03925046640193729,0.0,0.018906502504268282,-156.0910769027586,-149.8760214782586,-125,-120,0.800814514707156,0.8006617657475483,8395,7390,0.05
equal_weight,2018-12-29,2018-12-01,0.75,0.75,-208.93710544887392,-200.70864800774893,8889.677218287634,7740.053051422251,-209.0445269382675,-200.8702657901503,-0.0005890287289940345,0.0,0.18127529850454227,0.03365934934404868,0.03925046640193729,0.0,0.031145271513512773,-278.58280726516523,-267.6115306769986,-370,-355,1.328150877766913,1.3265497159331203,8025,7035,0.05
equal_weight,2019-01-15,2019-01-01,1.0,1.0,-53.09449966336221,-50.85580066071782,8836.582718624271,7689.197250761533,-146.33116885678723,-140.60918605310522,-3.9421534595781056e-05,0.0,0.080143349279227,0.0,0.011802354992187033,0.0,0.00800723905169546,-53.09449966336221,-50.85580066071782,105,105,-1.9776059792584337,-2.06466123108557,8130,7140,0.05
equal_weight,2019-01-29,2019-01-01,0.8,0.55,207.1647858206469,136.88786764689198,9043.747504444918,7826.085118408425,-50.64062174458934,13.572734201192503,0.0004332770749534309,0.0028989001186272545,0.27434244913082284,0.056410418061969225,0.011802354992187033,0.0,0.04031233595767494,258.9559822758086,248.8870320852581,245,230,0.9461067392490498,0.9241140370913812,8375,7370,0.05
equal_weight,2019-02-15,2019-02-01,1.0,0.65,118.92425444097697,74.33232656244445,9162.671758885896,7900.41744497087,-35.448435221212534,49.52601285907406,0.00013156596770831137,0.03859804389425298,0.056451852362195534,0.006013236111719202,0.11877482293031645,0.0,0.035078365638939006,118.92425444097697,114.35742548068376,50,50,0.42043568181304336,0.43722565272725167,8425,7420,0.05
equal_weight,2019-03-01,2019-03-01,0.8,1.0,123.87410050248555,148.79339819218742,9286.545859388381,8049.210843163058,6.154620470772599,34.66820900135184,0.0002741305123214674,0.02059060570520653,0.08713089044319865,0.0031255147174015147,0.0,0.0,0.013031334212607177,154.84262562810693,148.79339819218742,270,260,1.7437059007800095,1.747389354359484,8695,7680,0.05
equal_weight,2019-03-14,2019-03-01,0.0,0.0,0.0,0.0,9286.545859388381,8049.210843163058,4.308234329540819,24.267746300946285,0.0,0.010089396795551198,0.05665698528977283,0.0,0.0,0.0,0.007481789952176499,0.0,0.0,0,0,,,8695,7680,0.05
equal_weight,2019-03-29,2019-03-01,0.9,1.0,141.91184574435113,151.88804080900204,9428.457705132732,8201.09888397206,18.783746891162025,16.98742241066239,0.0002986407880121998,0.009404785213716295,0.1535067288218589,0.0008102756379700797,0.0,0.0,0.017243139177331633,157.67982860483457,151.88804080900204,80,80,0.5073572232278996,0.526703745560846,8775,7760,0.05
equal_weight,2019-04-01,2019-04-01,0.0,0.0,0.0,0.0,9428.457705132732,8201.09888397206,13.148622823813417,11.891195687463672,0.0,0.0046078643977680986,0.06460853550064304,0.0,0.0,0.0,0.007290269141662561,0.0,0.0,-225,-200,,,8550,7560,0.05
equal_weight,2019-04-13,2019-04-01,0.95,0.95,172.3048517627289,165.88751933595518,9600.76255689546,8366.986403308014,18.272712385234087,17.054759051537985,0.0003740267782583592,0.00919722189519889,0.20105074512640037,0.0005720935198603055,0.0,0.0,0.0219308761074372,181.3735281712936,174.6184414062686,155,150,0.8545899810341353,0.8590157992019231,8705,7710,0.05
equal_weight,2019-04-27,2019-04-01,1.0,1.0,143.94608777164467,138.38561166936722,9744.708644667106,8505.372014977382,12.790898669663875,11.938331336076601,0.0002507732773026843,0.004506638728647466,0.08344054421788058,0.0,0.0,0.0,0.009200388582859084,143.94608777164467,138.38561166936722,195,185,1.3546738436500407,1.3368441832089055,8900,7895,0.05
equal_weight,2019-05-14,2019-05-01,0.0,0.0,0.0,0.0,9744.708644667106,8505.372014977382,8.953629068764712,8.35683193525362,0.0,0.002208311172770839,0.05897226846540582,0.0,0.0,0.0,0.006294722857639334,0.0,0.0,-75,-75,,,8825,7820,0.05
equal_weight,2019-05-28,2019-05-01,0.0,0.0,0.0,0.0,9744.708644667106,8505.372014977382,6.267540348135299,5.849782354677534,0.0,0.001082072474657711,0.0,0.0,0.0,0.0,0.00019477304543838797,0.0,0.0,50,50,,,8875,7870,0.05
equal_weight,2019-06-12,2019-06-01,0.65,0.65,-301.00047335758654,-289.19443458171105,9443.70817130952,8216.17758039567,-157.68989971808264,-151.6252325111086,-0.0010627525900613868,0.0,0.612198946792404,0.1823323876720639,0.0,0.0,0.09384842899400087,-463.0776513193639,-444.9145147410939,-465,-445,1.0041512447753829,1.0001921386155628,8410,7425,0.05
equal_weight,2019-06-26,2019-06-01,1.0,1.0,-89.09653983440987,-85.42954762351957,9354.611631475109,8130.7480327721505,-110.38292980265786,-106.13766275777601,-9.928483848305826e-05,0.0,0.1588189260281449,0.0,0.0,0.0,0.01586402133188754,-89.09653983440987,-85.42954762351957,-120,-115,1.3468536513654255,1.3461384637876674,8290,7310,0.05
equal_weight,2019-07-10,2019-07-01,0.6,0.6,107.14186912556049,103.12212630331003,9461.75350060067,8233.87015907546,-5.840138111486823,-5.548279728236508,0.00014730111789322775,0.0,0.15453320863126083,0.03548000719218812,0.0,0.0,0.02186623635894073,178.56978187593415,171.87021050551672,150,140,0.8400077461270367,0.8145681534235757,8440,7450,0.05
equal_weight,2019-07-23,2019-07-01,0.0,0.0,0.0,0.0,9461.75350060067,8233.87015907546,-4.088096678040776,-3.8837958097655556,0.0,0.0,0.03270976750851183,0.0,0.0,0.0,0.0032709767508511834,0.0,0.0,0,0,,,8440,7450,0.05
equal_weight,2019-08-07,2019-08-01,0.0,0.0,0.0,0.0,9461.75350060067,8233.87015907546,-2.861667674628543,-2.7186570668358887,0.0,0.0,0.0,0.0,0.0,0.0,0.0,0.0,0.0,-80,-70,,,8360,7380,0.05
equal_weight,2019-08-21,2019-08-01,0.65,0.65,-144.17214720789286,-138.1902360330486,9317.581353392776,8095.679923042412,-79.63432356110536,-76.3131870415036,-0.0002589181664340372,0.0,0.140091850639159,0.0417236368257435,0.0,0.0,0.021472834422591604,-221.80330339675825,-212.60036312776705,-210,-205,0.9467848169256312,0.9642504696795864,8150,7175,0.05
equal_weight,2019-09-04,2019-09-01,0.5,0.5,58.11979305900492,55.88742811265958,9375.70114645178,8151.567351155072,2.375766566231171,2.46819718360706,4.369311586620866e-05,0.00017567985315979805,0.12942594005330993,0.023466903149866013,0.0,0.0,0.01720612370673156,116.23958611800984,111.77485622531916,115,105,0.9893359383028827,0.93938837003143,8265,7280,0.05
equal_weight,2019-09-19,2019-09-01,0.95,0.95,117.94530022788742,113.38366330903739,9493.646446679668,8264.95101446411,7.870683976776959,7.695299255316385,0.00017751665018280946,0.0017965599088860694,0.0646526366488071,0.00026762726386297204,0.0,0.0,0.006868770353008444,124.15294760830255,119.35122453582883,125,125,1.0068226522850658,1.0473290113791454,8390,7405,0.05
equal_weight,2019-10-08,2019-10-01,0.5,0.5,-64.57846901615703,-62.05314874588812,9429.067977663512,8202.897865718222,-59.06899023241316,-56.66643926716665,-5.173295991878312e-05,0.0,0.11111125678512125,0.02895000759835567,0.19945774215772905,0.0,0.016312815113430766,-129.15693803231406,-124.10629749177625,0,0,-0.0,-0.0,8390,7405,0.05
equal_weight,2019-10-22,2019-10-01,0.75,0.75,-86.90078507963734,-83.41342512578314,9342.167192583875,8119.484440592439,-70.31522152256834,-67.47098252894435,-9.492595908100198e-05,0.0,0.030931141064242634,0.005818048827532999,0.19945774215772905,0.0,0.04002566981113685,-115.86771343951646,-111.21790016771084,-150,-145,1.2945797888580994,1.3037469668223147,8240,7260,0.05
equal_weight,2019-11-05,2019-11-01,0.45,0.45,30.15777627557097,29.04900120513446,9372.324968859446,8148.533441797573,-12.361150728988871,-11.725352963985586,1.1725729509269836e-05,0.0,0.042535855428465524,0.009456255124120128,0.5316573109134367,0.0,0.0059578220964998435,67.01728061237993,64.55333601140991,105,105,1.5667600809902695,1.626561948424185,8345,7365,0.05
equal_weight,2019-11-19,2019-11-01,0.0,1.0,0.0,112.99872985387836,9372.324968859446,8261.532171651452,108.84162987524076,-8.207747074789907,0.0001054775594023612,0.14812057202863982,0.042808119939525775,0.0433443949130674,0.5316573109134367,0.0,0.1344618079685709,117.49443538553297,112.99872985387836,70,65,0.5957728957146771,0.5752277046304256,8415,7430,0.05
equal_weight,2019-12-03,2019-12-01,1.0,0.9,86.32870235584448,74.71233297347528,9458.65367121529,8336.244504624927,76.1891409126685,2.5559473780331956,8.317255829983991e-05,0.07310823869853306,0.038271948652905396,0.000282414104505233,0.6404773638372945,0.0,0.017052483430331406,86.32870235584448,83.01370330386142,55,50,0.6370998115237682,0.6023101971126522,8470,7480,0.05
equal_weight,2019-12-16,2019-12-01,0.0,0.0,0.0,0.0,9458.65367121529,8336.244504624927,53.33239863886795,1.7891631646232369,0.0,0.03582303696228119,0.019019367275854564,0.0,0.6404773638372945,0.0,0.00835008338079607,0.0,0.0,0,0,,,8470,7480,0.05
equal_weight,2019-12-31,2019-12-01,0.35,1.0,68.74281730193258,188.8995283777183,9527.396488517223,8525.144033002645,164.99791117936806,1.2524142152362572,0.0003042926023568142,0.34237652672744456,0.1571053391875656,0.05146728072660711,0.6404773638372945,0.0,0.2019431174196231,196.40804943409307,188.8995283777183,235,230,1.196488640242094,1.2175784766391704,8705,7710,0.05
equal_weight,2020-01-14,2020-01-01,0.0,0.0,0.0,0.0,9527.396488517223,8525.144033002645,115.49853782555763,0.8766899506653799,0.0,0.1847196769971081,0.06153702603051678,0.0,1.6249572324984596,0.0005860499894770382,0.3320010353103597,0.0,0.0,0,0,,,8705,7710,0.05
equal_weight,2020-02-05,2020-02-01,0.65,0.65,-306.6286278525082,-294.5232471621736,9220.767860664715,8230.620785840472,-84.25874621192173,-157.97575781416617,-0.0011146694662378838,0.0,0.6351309141423387,0.18918933034209845,1.2524225271519305,0.005271180693456264,0.0983153428967109,-471.7363505423203,-453.1126879418056,-420,-405,0.890327827222043,0.8938173897527566,8285,7305,0.05
equal_weight,2020-02-19,2020-02-01,0.8,0.8,-230.4846267215778,-221.24522584666306,8990.283233943137,8009.3755599938095,-116.60227902873964,-165.89433693158207,-0.000673693528701191,0.0,0.22416046013162472,0.023027750423762518,1.2524225271519305,0.011337776762434472,0.2539166309588592,-288.10578340197225,-276.5565323083288,-415,-400,1.4404431424445994,1.446358893284234,7870,6905,0.05
equal_weight,2020-03-03,2020-03-01,0.0,0.0,0.0,0.0,8990.283233943137,8009.3755599938095,-81.62159532011775,-116.12603585210745,0.0,0.0,0.15090090745288276,0.0,0.17541121192432846,0.01584071614503616,0.017941419651394785,0.0,0.0,0,0,,,7870,6905,0.05
equal_weight,2020-03-18,2020-03-01,0.65,0.65,-610.2306905776386,-586.197026072554,8380.052543365498,7423.178533921256,-385.7208731889647,-396.9327775970811,-0.005032606009492124,0.0,2.515745775523529,0.7491857410345745,0.17541121192432846,0.019439761123395603,0.38902129885907893,-938.8164470425208,-901.8415785731598,-1015,-975,1.0811485069285633,1.0811211449605007,6855,5930,0.05
equal_weight,2020-03-31,2020-03-01,0.75,0.75,-800.0682556536751,-768.8978933189233,7579.9842877118235,6654.280640602332,-536.6940297835004,-534.1522420909312,-0.010031165600333824,0.0,2.608610204028657,0.4937661698555359,0.17541121192432846,0.022178116439410953,0.3834994002742752,-1066.7576742049002,-1025.1971910918976,0,0,-0.0,-0.0,6855,5930,0.05
equal_weight,2020-04-15,2020-04-01,1.0,1.0,-80.9144195983278,-76.94346182894601,7499.069868113495,6577.337178773386,-375.68582084845025,-373.9065694636518,-0.00012523730120157146,0.0,1.4983275793017135,0.0,0.0,0.007908301556237146,0.15123370949607773,-80.9144195983278,-76.94346182894601,0,0,-0.0,-0.0,6855,5930,0.05
equal_weight,2020-04-28,2020-04-01,0.65,0.65,-389.9099542357237,-375.0563504491275,7109.159913877772,6202.280828324258,-472.9315884131511,-463.68801809716336,-0.0030166415790353193,0.0,0.8685779715368801,0.3063295591178796,0.0,0.002202654043747708,0.14185060003855457,-599.8614680549596,-577.0097699217346,0,0,-0.0,-0.0,6855,5930,0.05
equal_weight,2020-05-14,2020-05-01,0.55,0.55,331.0075380096198,318.4829195449647,7440.1674518873915,6520.763747869223,-60.22776260860775,-64.00467849486137,0.0024325623504604806,0.0,1.909504112524604,0.5098714856823432,0.0,0.00030748000881389097,0.28322048629995156,601.8318872902178,579.0598537181177,0,0,0.0,0.0,6855,5930,0.05
equal_weight,2020-05-28,2020-05-01,0.85,0.85,457.7164722946657,440.0374401616613,7897.883924182057,6960.801188030884,38.61406128479797,32.85039096447849,0.0042188838507669565,0.03715447021672033,0.8660644745699564,0.04531294869661283,0.0,0.0,0.10220998195453367,538.4899674054891,517.6911060725428,0,0,0.0,0.0,6855,5930,0.05
equal_weight,2020-06-11,2020-06-01,1.0,1.0,404.0630903680624,388.3040347533423,8301.94701455012,7349.1052227842265,27.029842899358584,22.995273675134968,0.0029023526604489316,0.018163602485457255,0.6473878393804452,0.0,0.0,0.0,0.06853065586430764,404.0630903680624,388.3040347533423,0,0,0.0,0.0,6855,5930,0.05
equal_weight,2020-06-29,2020-06-01,1.0,1.0,167.8326286565802,161.24135002256978,8469.7796432067,7510.346572806796,18.920890029551003,16.096691572594466,0.00045057172359667556,0.008900165217874047,0.2689861754833885,0.0,0.0,0.0,0.02858175019780358,167.8326286565802,161.24135002256978,120,110,0.7149980367973887,0.682207138457987,6975,6040,0.05
equal_weight,2020-07-11,2020-07-01,1.0,1.0,118.44992946306022,113.74077964052924,8588.229572669761,7624.087352447325,13.244623020685708,11.267684100816126,0.00021455633127301179,0.004373502204265776,0.06181729169889967,0.0,0.0,0.0,0.007007579706286949,118.44992946306022,113.74077964052924,100,100,0.8442385778810109,0.8791921447702739,7075,6140,0.05
equal_weight,2020-07-24,2020-07-01,1.0,1.0,109.84290891493032,105.58334952877227,8698.072481584692,7729.670701976098,9.27123611447999,7.887378870571283,0.00017942685506208537,0.002143016080090227,0.04745044695188534,0.0,0.0,0.0,0.005163084423515951,109.84290891493032,105.58334952877227,0,0,0.0,0.0,7075,6140,0.05
equal_weight,2020-08-07,2020-08-01,0.0,0.0,0.0,0.0,8698.072481584692,7729.670701976098,6.489865280135993,5.521165209399897,0.0,0.001053651744706052,0.03433068564065854,0.0,0.0,0.0,0.0036227258781129433,0.0,0.0,0,0,,,7075,6140,0.05
equal_weight,2020-08-22,2020-08-01,0.0,0.0,0.0,0.0,8698.072481584692,7729.670701976098,4.542905696095194,3.864815646579928,0.0,0.0005162893549059654,0.0,0.0,0.0,0.0,9.293208388307376e-05,0.0,0.0,85,80,,,7160,6220,0.05
equal_weight,2020-09-04,2020-09-01,0.0,0.0,0.0,0.0,8698.072481584692,7729.670701976098,3.180033987266636,2.7053709526059495,0.0,0.00025394378763940646,0.0,0.0,0.12513096650694217,0.0,4.570988177509316e-05,0.0,0.0,0,0,,,7160,6220,0.05
equal_weight,2020-09-19,2020-09-01,0.65,0.65,-186.5571500105441,-178.93531341093924,8511.515331574148,7550.735388565158,-98.22782621459095,-94.45602447752773,-0.0004998622533078235,0.0,0.23474981018292213,0.06991955400423225,0.12513096650694217,0.0,0.0584940995047082,-287.01100001622166,-275.28509755529114,-315,-300,1.097518910363005,1.0897792966789452,6845,5920,0.05
equal_weight,2020-10-09,2020-10-01,0.0,0.0,0.0,0.0,8511.515331574148,7550.735388565158,-68.75947835021366,-66.1192171342694,0.0,0.0,0.09881423541657339,0.0,1.6575688790939218,0.0,0.009881423541657339,0.0,0.0,0,0,,,6845,5920,0.05
equal_weight,2020-10-23,2020-10-01,0.0,0.0,0.0,0.0,8511.515331574148,7550.735388565158,-48.131634845149556,-46.28345199398858,0.0,0.0,0.0,0.0,1.6575688790939218,0.0,0.2983623982369059,0.0,0.0,80,70,,,6925,5990,0.05
equal_weight,2020-11-06,2020-11-01,0.65,0.65,-99.92099949897514,-95.74982022073746,8411.594332075172,7454.985568344421,-87.49575950643745,-83.956011899266,-0.0001498897833852273,0.0,0.06727790720060894,0.020038562793019583,3.597106951211333,0.0,0.010307751861795078,-153.7246146138079,-147.30741572421147,-160,-150,1.0408222547960673,1.0182786743121581,6765,5840,0.05
equal_weight,2020-11-20,2020-11-01,1.0,0.6,153.3065080135758,88.41867481626089,8564.900840088749,7543.404243160682,-61.2470316545062,0.17657488135439792,0.00023159155492739653,5.153755568889682e-07,0.20260737088903574,0.013699866069624688,3.597106951211333,0.0,0.6702477434469631,153.3065080135758,147.36445802710148,150,145,0.9784320440376673,0.9839550319069023,6915,5985,0.05
equal_weight,2020-12-04,2020-12-01,0.8,0.9,170.7835076127598,184.66659816657418,8735.684347701508,7728.070841327256,-0.1770452549643835,20.64211332434519,0.0005037479530419816,0.007057455315635674,0.14556213531076886,0.007668620761559735,1.0651212532211596,0.0,0.01729758185651962,213.47938451594973,205.1851090739713,250,240,1.1710732657715794,1.1696755241311279,7165,6225,0.05
equal_weight,2020-12-18,2020-12-01,1.0,0.35,195.1856988210868,65.6816649310948,8930.870046522596,7793.752506258351,-0.12393167847505993,136.42971419907485,0.00027451462226406954,0.3082888089020011,0.10374440900678941,0.058784606742814834,1.0651212532211596,0.0,0.2682188939285621,195.1856988210868,187.661899803128,155,150,0.7941155573189702,0.7993098234503739,7320,6375,0.05
equal_weight,2021-01-01,2021-01-01,1.0,1.0,79.82331370276422,76.83283860650278,9010.69336022536,7870.585344864854,-0.08675217493254195,95.50079993935239,8.853576373444701e-05,0.14352005172884397,0.04416080709961359,0.0,2.6399009983880104,0.0,0.030265626458625475,79.82331370276422,76.83283860650278,90,85,1.1274901507488202,1.1062977958594646,7410,6460,0.05
equal_weight,2021-01-16,2021-01-01,0.9,1.0,160.83214920955078,171.80895223866645,9171.52550943491,8042.39429710352,17.809512278608423,66.85055995754666,0.00039755197618957525,0.07471655708551943,0.13640049125127576,0.0011103643346000527,2.6399009983880104,0.0,0.027360454336463207,178.70238801061197,171.80895223866645,185,180,1.0352407825071372,1.047675325730146,7595,6640,0.05
equal_weight,2021-01-30,2021-01-01,1.0,0.0,64.92838574516259,0.0,9236.453895180073,8042.39429710352,12.46665859502589,109.33076416963009,2.5058557015797144e-05,0.19024958167731815,0.06667760216777288,0.014678947159857871,2.6399009983880104,0.0,0.5187415856575737,64.92838574516259,62.53537219934742,75,70,1.1551188149720446,1.119366488726687,7670,6710,0.05
equal_weight,2021-02-19,2021-02-01,1.0,0.65,370.0462727526283,231.18569555803467,9606.500167932702,8273.579992661555,8.726661016518108,201.01614021922123,0.0012157117531027507,0.6369128694179589,0.5956358719628985,0.05816673976554182,1.7594864757643713,0.900638048081994,0.6637191592572242,370.0462727526283,355.67030085851485,275,265,0.7431503037562937,0.7450720494805009,7945,6975,0.05
equal_weight,2021-03-04,2021-03-01,1.0,1.0,183.93358460066543,176.87991666713998,9790.433752533367,8450.459909328694,6.108662711562687,140.71129815345483,0.0004132110522241745,0.3215988023301395,0.1850880044093861,0.0,1.080294885192589,0.4211958891899967,0.1522862229039635,183.93358460066543,176.87991666713998,260,250,1.4135537050750187,1.413388273302166,8205,7225,0.05
equal_weight,2021-03-18,2021-03-01,1.0,0.75,222.2730440075333,160.2988172515173,10012.7067965409,8610.758726580212,4.276063898093895,151.9308477912575,0.0004352521294979017,0.37458994763135345,0.15216561444445587,0.011044410579055104,1.080294885192589,0.19270312677451562,0.3138487334597076,222.2730440075333,213.7317563353564,235,230,1.0572582071267056,1.0761152387627315,8440,7455,0.05
equal_weight,2021-04-01,2021-04-01,0.5,0.45,-98.31608116877932,-84.99750694056657,9914.390715372121,8525.761219639646,-95.32283644011359,2.4657516376322093,-9.694198017034432e-05,9.851436814151644e-05,0.271588546712927,0.07432311206292572,0.953012448811224,0.08524540000004818,0.055881469872462806,-196.63216233755864,-188.8833487568146,-225,-220,1.1442685536547286,1.1647400443077054,8215,7235,0.05
equal_weight,2021-04-15,2021-04-01,0.8,0.8,-73.12028278720777,-70.14666770311602,9841.270432584914,8455.61455193653,-85.00605620488145,-15.810640779436454,-6.12407336123516e-05,0.0,0.022113941988682113,0.0023160046594764764,0.953012448811224,0.03574372264694196,0.009051121781973306,-91.40035348400971,-87.68333462889503,0,0,-0.0,-0.0,8215,7235,0.05
equal_weight,2021-04-29,2021-04-01,0.55,0.8,67.60491389214427,94.58780682365739,9908.875346477058,8550.202358760187,-4.191127977117155,12.579503160308818,8.731960496100159e-05,0.002564058283234056,0.09856207890857832,0.012483491340440932,0.953012448811224,0.013694726880387862,0.18658777597650245,122.91802525844412,118.23475852957172,100,95,0.8135503299027356,0.8034862267362735,8315,7330,0.05
equal_weight,2021-05-15,2021-05-01,0.9,1.0,118.4935501117542,126.60286783933373,10027.368896588812,8676.805226599521,10.232160428435108,8.80565221221616,0.00018113641648013178,0.002669762349841338,0.06671951305781618,0.0006025215756667604,0.40742236345403965,0.004435497250303925,0.008091956472394206,131.65950012417133,126.60286783933373,100,100,0.75953501194891,0.789871522712311,8415,7430,0.05
equal_weight,2021-05-28,2021-05-01,0.0,0.0,0.0,0.0,10027.368896588812,8676.805226599521,7.162512299904575,6.163956548551312,0.0,0.0013081835514222556,0.044654928895727475,0.0,0.40742236345403965,0.0009798195384320939,0.07821335886747367,0.0,0.0,0,0,,,8415,7430,0.05
equal_weight,2021-06-12,2021-06-01,0.9,0.9,158.91833740749348,152.98257735750423,10186.287233996305,8829.787803957026,22.67135165521026,21.31283373481972,0.00028109110809248,0.014264848418544768,0.17098190646420836,0.002168629194213839,0.22965778240067428,4.347882442340594e-05,0.020114639204570246,176.57593045277054,169.98064150833804,175,170,0.9910750550840673,1.000113886449011,8590,7600,0.05
equal_weight,2021-06-29,2021-06-01,1.0,0.75,258.9665697229239,186.7544130287217,10445.25380371923,9016.542216985748,15.869946158647167,77.17045462394768,0.0005465893306104345,0.09742568551692211,0.22079532735355256,0.014582284671304312,0.22965778240067428,0.0,0.08367775428086725,258.9665697229239,249.0058840382956,225,215,0.8688380134962371,0.8634334117459421,8815,7815,0.05
equal_weight,2021-07-13,2021-07-01,1.0,1.0,85.86834522121163,82.61064760815742,10531.122148940442,9099.152864593905,11.10896231105302,54.019318236763354,7.56030613700102e-05,0.046763905639647774,0.08881632219986,0.0,0.4582601276223151,0.0,0.0173127437861692,85.86834522121163,82.61064760815742,70,65,0.815201455433524,0.7868235134568967,8885,7880,0.05
equal_weight,2021-07-27,2021-07-01,0.0,0.9,-0.0,-83.60587123546438,10531.122148940442,9015.54699335844,-88.9440197829431,28.523981517349412,-4.138731383734955e-05,0.01255291131923143,0.06688723110738036,0.033480168782298494,0.4582601276223151,0.0,0.09745405078453942,-96.72029340068022,-92.89541248384931,-100,-95,1.033909187865395,1.022655451543601,8785,7785,0.05
equal_weight,2021-08-09,2021-08-01,0.0,0.0,0.0,0.0,10531.122148940442,9015.54699335844,-62.26081384806017,19.966787062144586,0.0,0.0062025582615000165,0.010611637369379858,0.0,1.1109880758112387,0.0,0.0021776242240079888,0.0,0.0,0,0,,,8785,7785,0.05
equal_weight,2021-08-24,2021-08-01,0.65,0.65,-185.7547540852818,-178.43144324982498,10345.36739485516,8837.115550108616,-143.60436035494772,-82.10171849871224,-0.00035095713870318126,0.0,0.23310020618548277,0.06943608888913169,1.1109880758112387,0.0,0.23572319797964839,-285.7765447465874,-274.5099126920384,-250,-245,0.874809373252405,0.8924996463601502,8535,7540,0.05
equal_weight,2021-09-07,2021-09-01,0.35,0.35,32.56292275979976,31.334750243966788,10377.93031761496,8868.450300352582,-40.049052837406705,0.7219046468397536,1.1237873296137495e-05,8.187525051117516e-06,0.13975496949407068,0.025426962373867365,0.7183633102427714,0.0,0.0185558467484057,93.03692217085646,89.52785783990511,140,140,1.504778927906695,1.5637590731853523,8675,7680,0.05
equal_weight,2021-09-19,2021-09-01,1.0,0.1,113.22539184048514,10.893483040438888,10491.155709455446,8879.343783393022,-28.034336986184684,98.5466806167378,6.036613726269532e-05,0.15257274780147226,0.03524235102238326,0.036021050547270374,0.7183633102427714,0.0,0.16678738055341813,113.22539184048514,108.93483040438888,90,85,0.7948747055500971,0.7802830342183691,8765,7765,0.05
equal_weight,2021-10-10,2021-10-01,0.9,1.0,344.11282249563084,367.55695328470034,10835.268531951077,9246.900736677722,18.61072216474082,68.98267643171647,0.0014106653204645104,0.08319066240126259,0.7982715298559048,0.004828258718205354,0.13871383573715165,0.0,0.09592447854477833,382.3475805507009,367.55695328470034,345,330,0.9023203429274781,0.897820044080054,9110,8095,0.05
equal_weight,2021-10-23,2021-10-01,1.0,1.0,198.07239094473752,191.03515178364552,11033.340922895813,9437.935888461368,13.02750551531858,48.287873502201535,0.00038281171161326836,0.040763424576618676,0.2332910331385979,0.0,0.13871383573715165,0.0,0.055703916278428835,198.07239094473752,191.03515178364552,300,290,1.5145977618036652,1.51804522514493,9410,8385,0.05
equal_weight,2021-11-05,2021-11-01,0.0,0.0,0.0,0.0,11033.340922895813,9437.935888461368,9.119253860723006,33.801511451541074,0.0,0.02078402987917012,0.11204233140358325,0.0,0.0,0.0,0.014945358518608946,0.0,0.0,0,0,,,9410,8385,0.05
equal_weight,2021-11-20,2021-11-01,0.65,0.6,-35.95062603898165,-31.877625917518976,10997.390296856833,9406.05826254385,-12.9745517030994,2.4093074043994314,-1.1051446439809992e-05,0.00010031934649408895,0.008022156843628371,0.003036738283477394,0.0,0.0,0.0013648967973985382,-55.30865544458716,-53.1293765291983,-95,-90,1.7176335102772287,1.6939780942194707,9315,8295,0.05
equal_weight,2021-12-04,2021-12-01,0.65,0.65,-249.24506400016665,-239.75525257546371,10748.145232856667,9166.303009968386,-143.2910668076439,-127.41246697293928,-0.0005891305941530883,0.0,0.37488194825899945,0.12517917112854132,0.2594474148003735,0.0,0.05991440212208983,-383.453944615641,-368.8542347314826,-430,-415,1.1213862995489978,1.1251056946712579,8885,7880,0.05
equal_weight,2021-12-18,2021-12-01,0.9,0.9,-146.79430408610617,-140.97948056329392,10601.35092877056,9025.323529405092,-116.61422499714027,-104.85311361031239,-0.00021427802732449844,0.0,0.11425300193145432,0.0018455803791552904,0.2594474148003735,0.0,0.0584194692805422,-163.10478231789574,-156.6438672925488,-130,-125,0.7970336501024623,0.7979884700276803,8755,7755,0.05
equal_weight,2022-01-01,2022-01-01,0.45,0.45,49.958794374726565,48.11234982141699,10651.309723145287,9073.435879226508,-20.569208817776826,-14.593196412153453,2.5312602134176803e-05,0.0,0.11994832555173841,0.02594317082737698,0.2959058466726715,0.0,0.01666915957248585,111.01954305494792,106.9163329364822,140,135,1.2610392382060924,1.2626695687384077,8895,7890,0.05
equal_weight,2022-01-18,2022-01-01,0.9,0.9,334.6396375495352,321.8177370842177,10985.949360694822,9395.253616310725,22.783735777504603,25.542288854183425,0.0011225297535966765,0.017453962453253334,0.6692279711925373,0.009606309713449526,0.2959058466726715,0.0,0.07199570146490765,371.8218194994836,357.5752634269085,345,330,0.9278637828850687,0.9228826313021926,9240,8220,0.05
equal_weight,2022-01-30,2022-01-01,1.0,0.8,327.314239554502,252.79669766082466,11313.263600249324,9648.05031397155,15.948615044253245,81.07877661313458,0.0008058274776911118,0.10696772340570673,0.3521695279624084,0.014992230100738422,0.2959058466726715,0.0,0.11057784577446624,327.314239554502,315.9958720760308,310,300,0.9471020888731638,0.9493794903998553,9550,8520,0.05
equal_weight,2022-02-18,2022-02-01,1.0,0.8,223.4273430122099,172.73437158319913,11536.690943261534,9820.784685554749,11.164030530977271,99.93873652499397,0.0003552830575428546,0.15889451031809101,0.18602563501623698,0.006999724951510398,0.6423196555193293,0.0,0.16414501479398894,223.4273430122099,215.9179644789989,210,200,0.9399028658212343,0.9262777207194951,9760,8720,0.05
equal_weight,2022-03-04,2022-03-01,0.95,1.0,215.87089673247024,219.35643234855863,11752.561839994005,10040.141117903308,19.176447515498324,69.95711556749578,0.0004291220528382289,0.0865632654188633,0.1974715945598497,0.00042100816443769865,0.030412656189163688,0.0,0.035481570670490035,227.2325228762845,219.35643234855863,260,255,1.1442024086558928,1.162491554361185,10020,8975,0.05
equal_weight,2022-03-18,2022-03-01,0.95,0.95,737.8689363782973,711.8682579418863,12490.430776372303,10752.009375845193,52.258720438653995,86.4367313152411,0.004518099774564366,0.16032790417948584,2.9001655961760813,0.010514568572061225,0.030412656189163688,0.0,0.3270557407863577,776.7041435561025,749.3350083598804,750,720,0.9656186415668663,0.9608519446808073,10770,9695,0.05
equal_weight,2022-04-01,2022-04-01,0.0,0.0,0.0,0.0,12490.430776372303,10752.009375845193,36.58110430705779,60.505711920668766,0.0,0.08109370268702853,1.5554085304006717,0.0,0.0018059144853584212,0.004462486731209862,0.17094096713535006,0.0,0.0,110,110,,,10880,9805,0.05
equal_weight,2022-04-16,2022-04-01,0.65,0.65,-320.5830962986437,-309.1486876461419,12169.847680073659,10442.86068819905,-147.0148942227907,-124.11067961883901,-0.0007533860004868528,0.0,0.6973536256261896,0.20767279829208352,0.0018059144853584212,0.02021254638550824,0.11061911512449785,-493.20476353637486,-475.6133656094491,-545,-530,1.1050177133169663,1.11435051729646,10335,9275,0.05
equal_weight,2022-04-29,2022-04-01,0.65,0.7,247.14815412058456,256.30143539317896,12416.995834194244,10699.16212359223,30.169349339745878,22.965996578175123,0.000519440732808155,0.020356875714920637,1.2162819337527253,0.10480168235289397,0.0018059144853584212,0.039487406510858275,0.1516830309387036,380.2279294162839,366.1449077045414,205,200,0.5391502941793642,0.5462318218594177,10540,9475,0.05
equal_weight,2022-05-17,2022-05-01,1.0,1.0,290.5242698661408,279.8210516593406,12707.520104060384,10978.983175251571,21.118544537822117,16.07619760472261,0.0006237051385820737,0.009995725581837978,0.33454983985053505,0.0,0.0,0.03592797714284622,0.04183351740044143,290.5242698661408,279.8210516593406,285,270,0.9809851690921171,0.9649023845736349,10825,9745,0.05
equal_weight,2022-05-31,2022-05-01,1.0,1.0,233.9090156883605,226.2302696187133,12941.429119748746,11205.213444870284,14.782981176475488,11.253338323305826,0.000386724282610678,0.0048979055351006115,0.22468470517835343,0.0,0.0,0.033536390365473664,0.029456254150808638,233.9090156883605,226.2302696187133,400,390,1.7100666206595656,1.7239072413134764,11225,10135,0.05
equal_weight,2022-06-15,2022-06-01,0.95,0.95,332.3583929731908,320.64856074421425,13273.787512721936,11525.862005614497,27.840633822121845,24.753576865483296,0.0007475502626611088,0.02026032390082791,0.4617728171594023,0.002133502330257865,0.0,0.023585974323510915,0.05458820486304664,349.8509399717798,337.52480078338345,390,375,1.1147604749367224,1.1110294684409499,11615,10510,0.05
equal_weight,2022-06-29,2022-06-01,0.5,0.5,-145.4039569637698,-140.28269774789732,13128.383555758166,11385.5793078666,-125.91551328828447,-122.955193942059,-0.00013553799980984838,0.0,0.7352095943964867,0.14741622082479777,0.0,0.017447587158700827,0.10317204803671265,-290.8079139275396,-280.56539549579463,-320,-310,1.1003827085659512,1.104911742419947,11295,10200,0.05
equal_weight,2022-07-13,2022-07-01,0.75,0.75,-161.56063836442013,-155.926361305515,12966.822917393745,11229.652946561084,-141.9944054232725,-138.0440895279463,-0.00017091163283336342,0.0,0.1033865251429621,0.02022844520353726,0.0,0.019398537998231262,0.017440745396704538,-215.41418448589351,-207.90181507402,-360,-345,1.6711991406655708,1.6594371717109275,10935,9855,0.05
equal_weight,2022-07-27,2022-07-01,0.75,0.75,-216.24743977979463,-208.76175089027473,12750.575477613951,11020.891195670809,-171.47856372288894,-166.21811296632066,-0.0003144986011658173,0.0,0.19249179167651626,0.03625089320559499,0.0,0.02082571029736705,0.029466358049974946,-288.32991970639284,-278.34900118703297,-300,-290,1.0404747461015869,1.0418575197442088,10635,9565,0.05
equal_weight,2022-08-10,2022-08-01,0.8,0.8,-154.59374149733333,-149.09194928436088,12595.981736116617,10871.799246386448,-158.68342998035553,-153.62566639751466,-0.00016638717948289834,0.0,0.10479647384013438,0.010409952240182355,0.0,0.01778627026312741,0.015525017742302276,-193.24217687166663,-186.36493660545108,-130,-125,0.6727309850495724,0.6707270277167782,10505,9440,0.05
equal_weight,2022-08-24,2022-08-01,0.85,0.85,-92.6230871721392,-89.53924193327721,12503.358648944477,10782.260004453172,-127.42365166368519,-123.33900917236802,-6.14789502131756e-05,0.0,0.044718818113807804,0.0018667338407718427,0.0,0.015801241508789098,0.007641051163263378,-108.96833784957552,-105.34028462738496,-205,-200,1.8812804163626926,1.8986088817535496,10300,9240,0.05
equal_weight,2022-09-07,2022-09-01,0.55,0.55,71.885376856331,69.1178031144351,12575.244025800808,10851.377807567607,-30.381247827581547,-29.78637659975618,3.778347407751793e-05,0.0,0.09752998682312997,0.024027480061871116,0.0,0.005380604781607563,0.015053254979473112,130.7006851933291,125.66873293533654,190,185,1.4537031670412202,1.4721243357740597,10490,9425,0.05
equal_weight,2022-09-22,2022-09-01,0.6,0.6,-153.23615508546146,-148.0015810656818,12422.007870715346,10703.376226501925,-123.42431020294805,-119.51818433028384,-0.00017057070803772636,0.0,0.2372146736651249,0.07287375691375184,0.0,0.0012981049158455088,0.03704169976839322,-255.39359180910245,-246.6693017761363,-290,-280,1.1355022573031692,1.1351230087565287,10200,9145,0.05
equal_weight,2022-10-10,2022-10-01,0.85,0.85,-98.43825311201253,-94.88765333290257,12323.569617603334,10608.488573169023,-103.76847357359527,-100.40760903112266,-7.233217959970106e-05,0.0,0.046709561116705926,0.002102377832415012,0.0001892489778812251,9.806654030822154e-05,0.0050540163064328285,-115.80970954354416,-111.63253333282655,0,0,-0.0,-0.0,10200,9145,0.05
equal_weight,2022-10-25,2022-10-01,0.7,0.7,175.44517242958872,169.05136432543406,12499.014790032923,10777.539937494457,2.552856682592761,2.165258389114456,0.00023362352919081343,0.00016060064504409382,0.33493364596457376,0.03936985974056105,0.0001892489778812251,0.0,0.040684964517139266,250.6359606136982,241.5019490363344,185,175,0.7381223330723,0.7246318329864532,10385,9320,0.05
equal_weight,2022-11-08,2022-11-01,0.0,0.0,0.0,0.0,12499.014790032923,10777.539937494457,1.7869996778149326,1.515680872380119,0.0,7.845793412898559e-05,0.08780658726208947,0.0,0.1862346971301046,0.0,0.008794781154352165,0.0,0.0,155,150,,,10540,9470,0.05
equal_weight,2022-11-22,2022-11-01,0.65,0.65,-101.10728299164747,-97.13226930122629,12397.907507041276,10680.407668193231,-53.19148337487819,-51.2410145515327,-7.519825543000398e-05,0.0,0.06906867547823349,0.02056463167677052,0.1862346971301046,0.0,0.044117211047083466,-155.5496661409961,-149.43426046342506,-175,-165,1.1250425947000966,1.1041644632783842,10365,9305,0.05
equal_weight,2022-12-06,2022-12-01,0.7,0.65,-404.98420987735904,-362.2977515476814,11992.923297163918,10318.10991664555,-210.79869973842574,-230.95211486559367,-0.0011194821958751284,0.0,0.8221532536544285,0.2572736087413796,0.07613622293088661,0.0,0.12832306814363365,-578.5488712533701,-557.3811562272022,-440,-425,0.760523478417273,0.762494381540878,9925,8880,0.05
equal_weight,2022-12-20,2022-12-01,0.8,0.8,-289.9603630819857,-278.85572839482575,11702.962934081932,10039.254188250725,-220.0491805873944,-231.38041250462197,-0.0006759975641104978,0.0,0.35705021460727504,0.03650616082630652,0.07613622293088661,0.0,0.05585897097548238,-362.4504538524821,-348.5696604935322,-480,-460,1.3243189376591613,1.319678825026527,9445,8420,0.05
equal_weight,2023-01-04,2023-01-01,0.3,0.3,37.9293734760973,36.527590686896865,11740.89230755803,10075.781778937622,-65.53255496694905,-76.7352438171427,1.187131576320868e-05,0.0,0.3118369949749832,0.05450099786012447,0.0018059144853584212,0.0,0.040996015949158096,126.43124492032432,121.75863562298954,250,240,1.9773593161844405,1.971112757399238,9695,8660,0.05
equal_weight,2023-01-18,2023-01-01,0.6,0.6,-119.01592517277167,-114.30735855584184,11621.876382385259,9961.47442038178,-125.21673859204544,-129.91957637589445,-0.00011572991556913468,0.0,0.12548979706193247,0.043686958551332825,0.0018059144853584212,0.0,0.02071686546799523,-198.3598752879528,-190.5122642597364,-205,-195,1.0334751405868143,1.0235561513989735,9490,8465,0.05
equal_weight,2023-02-04,2023-02-01,0.65,0.6,166.1310802163376,147.57936103145138,11788.007462601596,10109.053781413233,1.8034800251345757,7.442537224508186,0.00021191131927621924,0.0009166823506244725,0.32149099457921093,0.06415768027978243,0.6543966433140259,0.0,0.04390062876886406,255.586277255904,245.96560171908567,210,200,0.8216403566523994,0.813121829240243,9700,8665,0.05
equal_weight,2023-02-17,2023-02-01,0.0,0.0,0.0,0.0,11788.007462601596,10109.053781413233,1.2624360175942029,5.20977605715573,0.0,0.00044917435180599145,0.07283880445759883,0.0,0.6543966433140259,0.0,0.12515612762560963,0.0,0.0,0,0,,,9700,8665,0.05
equal_weight,2023-03-03,2023-03-01,0.0,0.0,0.0,0.0,11788.007462601596,10109.053781413233,0.8837052123159419,3.6468432400090105,0.0,0.0002525000000506494,0.0,0.0,1.2810726898583773,0.0,4.545000000911689e-05,0.0,0.0,0,0,,,9700,8665,0.05
equal_weight,2023-03-18,2023-03-01,0.65,0.65,-96.15056596949397,-92.53932721315857,11691.856896632102,10016.514454200074,-51.15478802726021,-47.27607823138678,-7.657381357148792e-05,0.0,0.06259538495594397,0.018639774485362803,1.2810726898583773,0.0,0.24019399879102474,-147.92394764537534,-142.36819571255165,-100,-95,0.6760230617947978,0.6672838657856537,9600,8570,0.05
equal_weight,2023-04-01,2023-04-01,0.7,0.7,-237.96078195458688,-228.5096519423005,11453.896114677515,9788.004802257774,-137.79154388533368,-131.0259627372424,-0.0004760911572735587,0.0,0.2785380332259835,0.07213562474982808,1.758490649191898,0.0,0.04075251936925816,-339.9439742208384,-326.44235991757216,-335,-320,0.9854565028482409,0.9802649389031531,9265,8250,0.05
equal_weight,2023-04-18,2023-04-01,0.8,0.8,503.85926524627314,484.8484419442097,11957.755379923788,10272.853244201984,29.510735591834646,29.493936569982736,0.002237155596161263,0.026015888751654084,2.561671060686578,0.11031525003227488,1.758490649191898,0.0,0.28110939905707405,629.8240815578414,606.0605524302621,550,525,0.8732597182368763,0.8662500766545278,9815,8775,0.05
equal_weight,2023-04-29,2023-04-01,0.0,1.0,-0.0,-85.65229308535193,11957.755379923788,10187.200951116632,-68.08849911352381,20.64575559898792,-4.04871093470636e-05,0.00781287853846185,0.9029461098022888,0.022871443240310693,1.758490649191898,0.0,0.4123388180752671,-88.74601402780806,-85.65229308535193,-160,-155,1.8028978738117174,1.809642152201851,9655,8620,0.05
equal_weight,2023-05-17,2023-05-01,0.65,0.7,-277.67848898815066,-287.454501783349,11680.076890935637,9899.746449333283,-197.1811357577016,-108.74275755928659,-0.0006882726968980698,0.0,0.49500984117365365,0.1313791445081399,2.313130565800564,0.0,0.0730253410433889,-427.1976753663856,-410.6492882619271,-380,-365,0.8895179489778202,0.8888363146685638,9275,8255,0.05
equal_weight,2023-05-31,2023-05-01,0.3,0.35,37.75132717202911,42.37541490475554,11717.828218107667,9942.121864238039,-49.940364962323216,2.5772688173311096,1.5014101493358598e-05,0.00012123830506080991,0.31982910341815135,0.049628775250178725,2.313130565800564,0.0,0.45730411716412855,125.83775724009702,121.07261401358726,100,95,0.7946740484988232,0.7846530842172014,9375,8350,0.05
equal_weight,2023-06-14,2023-06-01,0.6,0.55,-44.84572502318562,-39.468635363175586,11672.98249308448,9902.653228874864,-64.85540548908332,-30.488431670466433,-1.5286431785484224e-05,0.0,0.027247148556181676,0.007142610398063189,2.576579617915606,0.0,0.004007633169548155,-74.74287503864271,-71.76115520577379,-55,-50,0.7358560929261088,0.6967557846111301,9320,8300,0.05
equal_weight,2023-06-29,2023-06-01,1.0,0.5,75.87922170482618,36.452926686151805,11748.861714789307,9939.106155561016,-45.39878384235833,15.111024516825303,2.575842795108011e-05,0.0041301650736677254,0.04066698876794213,0.005733096596751432,2.576579617915606,0.0,0.4696310537193099,75.87922170482618,72.90585337230361,70,70,0.9225186872936489,0.9601423858594114,9390,8370,0.05
equal_weight,2023-07-13,2023-07-01,0.0,0.0,0.0,0.0,11748.861714789307,9939.106155561016,-31.779148689650828,10.577717161777711,0.0,0.0019518974210132472,0.009588014552455214,0.0,2.194749755036893,0.0,0.0013101429910279058,0.0,0.0,155,150,,,9545,8520,0.05
equal_weight,2023-07-27,2023-07-01,1.0,0.6,377.68927258095096,217.93229785486702,12126.550987370258,10157.038453415882,-22.245404082755556,152.69260058315578,0.0007270941142069778,0.4067326848539055,0.6222757487908899,0.08783723035652233,2.194749755036893,0.0,0.546435992464164,377.68927258095096,363.2204964247784,275,260,0.7281117573734072,0.7158186351244223,9820,8780,0.05
equal_weight,2023-08-10,2023-08-01,0.9,1.0,281.43050149097087,301.4693932521157,12407.981488861229,10458.507846667997,15.698272863290072,106.88482040820901,0.0007287756117969445,0.20276233328272933,0.3755708673345154,0.003022516827039982,2.024383796038458,0.0,0.07472953936333346,312.70055721218984,301.4693932521157,240,230,0.7675074267205182,0.7629298534052291,10060,9010,0.05
equal_weight,2023-08-24,2023-08-01,1.0,0.4,97.61039623126906,37.60738316871504,12505.591885092497,10496.115229836712,10.988791004303053,131.23044903881885,3.469116163510723e-05,0.3025636717609315,0.18151278815586788,0.013270348965993604,2.024383796038458,0.0,0.4393967302424501,97.61039623126906,94.0184579217876,55,55,0.5634645706148766,0.5849915135361355,10115,9065,0.05
equal_weight,2023-09-06,2023-09-01,0.0,0.0,0.0,0.0,12505.591885092497,10496.115229836712,7.692153703012137,91.86131432717319,0.0,0.15167371762680124,0.014207382915513937,0.0,1.7817091885870766,0.0,0.028722007464375615,0.0,0.0,0,0,,,10115,9065,0.05
equal_weight,2023-09-21,2023-09-01,1.0,0.75,439.0063052152659,317.7012885671993,12944.598190307763,10813.816518403912,5.384507592108491,170.203349551421,0.0010526240152629986,0.5186113356741409,0.9819611249080631,0.04785814421019246,1.7817091885870766,0.0,0.5210577451384074,439.0063052152659,423.6017180895991,385,370,0.876980570498221,0.8734619908263417,10500,9435,0.05
equal_weight,2023-10-11,2023-10-01,0.0,0.0,-0.0,-0.0,12944.598190307763,10813.816518403912,-62.79988494001396,55.1363311862857,0.0,0.05547865760864227,0.41090121976151733,0.03078069070808822,3.356738633402245,0.0,0.056616804673163226,-66.5690402544899,-64.006013499709,-85,-80,1.2768698433243069,1.249882559868593,10415,9355,0.05
equal_weight,2023-10-25,2023-10-01,0.65,0.45,-40.35523545040287,-26.958492107739918,12904.24295485736,10786.858026296171,-65.68966162361131,5.646163698717867,-7.687121515808801e-06,0.00058177780147285,0.007707821147228068,0.006105481034854728,3.356738633402245,0.0,0.6061860590357929,-62.08497761600442,-59.90776023942204,-70,-70,1.1274869169310164,1.168462979090592,10345,9285,0.05
equal_weight,2023-11-08,2023-11-01,0.7,0.65,-139.82222003979808,-125.12637961767835,12764.420734817562,10661.731646678492,-105.90657172501284,-63.423428281955054,-0.00012738431463369293,0.0,0.09963946560504702,0.030269649655919523,4.266589048098124,0.0,0.015389554321936151,-199.746028628283,-192.50212248873592,-140,-135,0.7008900300117242,0.7012909689237291,10205,9150,0.05
equal_weight,2023-11-22,2023-11-01,0.7,0.7,-314.7052541529636,-303.1800165227569,12449.7154806646,10358.551630155736,-209.00828055877918,-174.33069259283576,-0.0007246638037703014,0.0,0.4820191392173476,0.12664070867850988,4.266589048098124,0.0007390730208730829,0.8389858638006074,-449.57893450423376,-433.1143093182241,-340,-330,0.7562631918573537,0.7619235682133456,9865,8820,0.05
equal_weight,2023-12-06,2023-12-01,1.0,1.0,-69.64494917425536,-67.15599851097762,12380.070531490344,10291.395631644758,-146.3057963911454,-122.03148481498503,-3.759345226094311e-05,0.0,0.190295942680805,0.0,3.647913117920431,0.001646475774139151,0.019319193086018576,-69.64494917425536,-67.15599851097762,-55,-50,0.7897198670127116,0.7445351287841662,9810,8770,0.05
equal_weight,2023-12-20,2023-12-01,0.65,0.65,-266.90823556578005,-256.3987504519049,12113.162295924565,10034.996881192854,-246.1338766246064,-223.4829049984383,-0.0005562725032656631,0.0,0.3892251698493967,0.14331735001483342,3.647913117920431,0.0024950437007123854,0.7216929800288276,-410.62805471658464,-394.4596160798537,-415,-400,1.0106469717136908,1.0140455035047866,9395,8370,0.05
equal_weight,2024-01-04,2024-01-01,0.45,0.45,91.69241493486533,88.15928874807838,12204.85471085943,10123.156169940932,-60.225206494611314,-48.6877916956999,6.7239534859256e-05,0.0,0.3987685948700178,0.08724813959054517,5.154651520496411,0.0003868909200419254,0.05566326809518213,203.76092207747848,195.9095305512853,200,190,0.9815424761571877,0.9698354105864273,9595,8560,0.05
equal_weight,2024-01-18,2024-01-01,0.0,0.0,0.0,0.0,12204.85471085943,10123.156169940932,-42.157644546227914,-34.08145418698993,0.0,0.0,0.023935041610606646,0.0,5.154651520496411,0.0,0.9302307778504145,0.0,0.0,-50,-50,,,9545,8510,0.05
equal_weight,2024-02-01,2024-02-01,0.75,0.8,114.45387289464747,117.58012090942032,12319.308583754078,10240.736290850353,8.640939782522949,5.538012296462128,0.00011142466595405289,0.0015164620982445688,0.09485762329904696,0.00830417853708217,1.2342865551632352,0.0,0.011273534084135237,152.60516385952997,146.9751511367754,200,200,1.3105716408397297,1.3607742428097902,9745,8710,0.05
equal_weight,2024-02-19,2024-02-01,0.0,0.0,0.0,0.0,12319.308583754078,10240.736290850353,6.048657847766064,3.8766086075234893,0.0,0.0007430664281398386,0.03992721190151642,0.0,1.2342865551632352,0.0,0.22629805307659914,0.0,0.0,0,0,,,9745,8710,0.05
equal_weight,2024-03-05,2024-03-01,0.9,0.9,139.4295892439475,134.58652445551442,12458.738172998026,10375.322815305868,19.72623707609705,17.667684298101392,0.00015338318210160722,0.010236437959360106,0.13205966887546877,0.0016745427671568877,2.4213098136698767,0.0,0.015377552391098226,154.92176582660832,149.54058272834936,125,120,0.806858864105013,0.8024577530100184,9870,8830,0.05
equal_weight,2024-03-18,2024-03-01,0.0,0.0,0.0,0.0,12458.738172998026,10375.322815305868,13.808365953267934,12.367379008670973,0.0,0.005015854600086453,0.05557177823113497,0.0,2.4213098136698767,0.0,0.4422957981117069,0.0,0.0,0,0,,,9870,8830,0.05
equal_weight,2024-04-02,2024-04-01,0.95,0.95,197.44579951900548,190.60476443089883,12656.183972517032,10565.927579736766,20.05774035249837,18.68899501295911,0.0002998947645325152,0.011057245099807326,0.26484485882476516,0.0007535270929767433,1.278364154977992,0.00020956806180876566,0.028702128185919083,207.8376837042163,200.63659413778825,200,190,0.9622894002448061,0.9469857720447372,10070,9020,0.05
equal_weight,2024-04-17,2024-04-01,0.95,1.0,239.84691886509952,243.55397158724804,12896.030891382132,10809.481551324014,26.663940292280444,13.082296509071398,0.00045634977572163796,0.011614788553508969,0.24714336555338426,0.0004825872393196984,1.278364154977992,0.0026920006760985152,0.027458567279375217,252.47044091063108,243.55397158724804,200,195,0.7921719440843198,0.8006438931345671,10270,9215,0.05
equal_weight,2024-04-30,2024-04-01,0.0,1.0,-0.0,-104.97064227748008,12896.030891382132,10704.510909046534,-90.25655719501825,9.157607556349973,-5.323487646198911e-05,0.0014899197818350198,0.30853693132310916,0.035928617259011995,1.278364154977992,0.00608432728080961,0.2687801743284845,-108.92131539961456,-104.97064227748008,-70,-70,0.6426657605371493,0.6668531170359189,10200,9145,0.05
equal_weight,2024-05-16,2024-05-01,0.65,0.7,-179.94081213902504,-186.76967427795321,12716.090079243108,10517.74123476858,-160.07079657291084,-73.63382082967783,-0.00025576206508894257,0.0,0.19095123078330045,0.05571944195500972,2.08250101651791,0.0044381330549303636,0.02987744940840325,-276.8320186754231,-266.81382039707603,-235,-225,0.8488902444320581,0.8432846531905727,9965,8920,0.05
equal_weight,2024-05-29,2024-05-01,0.0,0.0,0.0,0.0,12716.090079243108,10517.74123476858,-112.04955760103758,-51.54367458077448,0.0,0.0,0.10061141089120768,0.0,2.08250101651791,0.0034399827313848223,0.3855305209539938,0.0,0.0,0,0,,,9965,8920,0.05
equal_weight,2024-06-14,2024-06-01,0.65,0.65,-115.56900332651972,-111.22875642346328,12600.521075916588,10406.512478345117,-140.66415365039077,-95.9729795114839,-9.860185520640697e-05,0.0,0.09042052653782566,0.02692907655614342,1.4608214579905396,0.0072411775131790024,0.015174950052323447,-177.7984666561842,-171.12116372840504,-190,-180,1.0686256387543003,1.0518862546171495,9775,8740,0.05
equal_weight,2024-06-28,2024-06-01,1.0,0.45,267.126090734442,115.8803456958917,12867.64716665103,10522.39282404101,-98.46490755527356,74.45044797027334,0.00027131369977908317,0.09547663877754758,0.43321860565446146,0.08241898696027021,1.4608214579905396,0.01078077376488179,0.34028031138018944,267.126090734442,257.5118793242038,210,200,0.7861455967203415,0.7766631990914984,9985,8940,0.05
equal_weight,2024-07-12,2024-07-01,1.0,1.0,105.18830223819728,101.63455543817348,12972.835468889227,10624.027379479183,-68.92543528869149,52.11531357919132,8.105461386615092e-05,0.045953629251622316,0.07851271066672733,0.0,1.1428864420022047,0.009895995556128565,0.017918793362563797,105.18830223819728,101.63455543817348,110,105,1.045743658367132,1.0331131921354622,10095,9045,0.05
equal_weight,2024-07-26,2024-07-01,0.0,0.9,-0.0,-100.67867908308465,12972.835468889227,10523.348700396098,-164.40357429782262,25.294199607313416,-4.827888168361626e-05,0.010825076855383165,0.10534076897712757,0.04388934745906059,1.1428864420022047,0.009299188119078719,0.2277673964974406,-116.15576959573856,-111.86519898120515,-145,-140,1.248323699327628,1.2515062885958113,9950,8905,0.05
equal_weight,2024-08-09,2024-08-01,0.65,0.7,-252.78331411911398,-262.0244238300065,12720.052154770114,10261.32427656609,-251.19659422646026,-94.59024191631204,-0.0005102938406582908,0.0,0.39910981055787925,0.11026498677860519,1.4632662909525878,0.007542494203080071,0.061024474741172785,-388.8974063370984,-374.32060547143794,-305,-290,0.7842685372286189,0.7747369387660602,9645,8615,0.05
equal_weight,2024-08-22,2024-08-01,0.0,0.0,0.0,0.0,12720.052154770114,10261.32427656609,-175.83761595852218,-66.21316934141842,0.0,0.0,0.19787150982880453,0.0,1.4632662909525878,0.006422131023128864,0.28433106693850946,0.0,0.0,0,0,,,9645,8615,0.05
equal_weight,2024-09-06,2024-09-01,0.65,0.65,-124.78783518648922,-119.83266407498935,12595.264319583624,10141.491612491101,-190.27978088676738,-110.87449919475638,-0.00011856186280254735,0.0,0.10516239275807443,0.03131859899095447,1.8639804542823624,0.005563838084268866,0.017133736814043184,-191.9812849022911,-184.35794473075285,-100,-100,0.5208841062340791,0.5424230572001975,9545,8515,0.05
equal_weight,2024-09-21,2024-09-01,0.7,0.7,-245.01211739823242,-235.34472467552402,12350.252202185393,9906.146887815577,-238.20103979140828,-178.47417429726832,-0.00046744935300881856,0.0,0.2759646363493286,0.076506175561584,1.8639804542823624,0.004999649178900534,0.3776998529755037,-350.0173105689035,-336.2067495364629,-365,-350,1.0428055669782281,1.0410260962415365,9180,8165,0.05
equal_weight,2024-10-11,2024-10-01,0.4,0.4,62.42848424275426,60.032150829815706,12412.680686428148,9966.179038645394,-73.0980014898544,-34.88369576336426,3.1931417047849464e-05,0.0,0.28402143960290804,0.060918552634887865,1.706884510232541,0.0023733955552284053,0.03980044228958035,156.07121060688564,150.08037707453926,140,135,0.8970264243841484,0.89951799583333,9320,8300,0.05
equal_weight,2024-10-24,2024-10-01,1.0,0.0,55.63730372372094,0.0,12468.317990151869,9966.179038645394,-51.168601042898075,29.201523081561184,8.618881835511716e-06,0.015324319442636855,0.011556794954021628,0.012324532588103846,1.706884510232541,0.0011104906349408378,0.3135731244158126,55.63730372372094,53.62011011591616,90,85,1.6176197259111342,1.5852261365418063,9410,8385,0.05
equal_weight,2024-11-07,2024-11-01,0.6,0.65,-85.61412261793973,-89.10070210331769,12382.70386753393,9877.078336542076,-92.8941024753218,-27.536234975462847,-6.651891799069163e-05,0.0,0.06934379788267905,0.019478488213443706,2.313130565800564,0.0014563560253335617,0.010690678346009489,-142.69020436323288,-137.07800323587335,-145,-140,1.0161874856587023,1.0213163067388624,9265,8245,0.05
equal_weight,2024-11-20,2024-11-01,0.4,0.0,20.29977239585972,0.0,12403.00363992979,9877.078336542076,-34.576213138935685,-19.275364482823992,1.0994597949578196e-06,0.0,0.028165492873191273,0.002637713558786531,2.313130565800564,0.001726317624943932,0.4199657746472552,50.7494309896493,0.0,0,0,0.0,,9265,8245,0.05
equal_weight,2024-12-04,2024-12-01,0.0,0.75,0.0,41.59445814691972,12403.00363992979,9918.672794688995,-24.20334919725498,0.3720642443297848,1.0434235361284968e-05,2.5633689188325495e-06,0.007936466364726289,0.000849079861691854,2.8316175933676715,0.0008359593502174465,0.0010992932633867242,0.0,55.4592775292263,0,0,,0.0,9265,8245,0.05
equal_weight,2024-12-18,2024-12-01,0.0,0.0,0.0,0.0,12403.00363992979,9918.672794688995,-16.942344438078486,0.26044497103084935,0.0,1.2560507702279491e-06,0.0031260833362137786,0.0,2.8316175933676715,0.00040271457931072464,0.5100764898532169,0.0,0.0,0,0,,,9265,8245,0.05
