variable,x_value,alpha_target,f_gasoline,f_diesel,S_diesel_lag,prev_u_diesel,cpi_yoy,alpha_fitted,residual
f_gasoline,1.2731034248414517,0.87,1.2731034248414517,161.24135002256978,18.398814096729858,0.0,0.018,0.8798153582613268,0.009815358261326845
f_gasoline,10.7763955384346,0.87,10.7763955384346,161.24135002256978,18.398814096729858,0.0,0.018,0.8809573814206915,0.01095738142069147
f_gasoline,20.27968765202769,0.87,20.27968765202769,161.24135002256978,18.398814096729858,0.0,0.018,0.8820994045800561,0.012099404580056095
f_gasoline,29.78297976562078,0.88,29.78297976562078,161.24135002256978,18.398814096729858,0.0,0.018,0.8832414277394206,0.0032414277394205993
f_gasoline,39.28627187921387,0.88,39.28627187921387,161.24135002256978,18.398814096729858,0.0,0.018,0.8843834508987852,0.004383450898785224
f_gasoline,48.78956399280696,0.88,48.78956399280696,161.24135002256978,18.398814096729858,0.0,0.018,0.8855254740581497,0.0055254740581497375
f_gasoline,58.29285610640005,0.88,58.29285610640005,161.24135002256978,18.398814096729858,0.0,0.018,0.8866674972175144,0.006667497217514362
f_gasoline,67.79614821999314,0.88,67.79614821999314,161.24135002256978,18.398814096729858,0.0,0.018,0.8878095203768789,0.007809520376878876
f_gasoline,77.29944033358623,0.88,77.29944033358623,161.24135002256978,18.398814096729858,0.0,0.018,0.8889515435362435,0.0089515435362435
f_gasoline,86.80273244717932,0.89,86.80273244717932,161.24135002256978,18.398814096729858,0.0,0.018,0.890093566695608,9.356669560800501e-05
f_gasoline,96.30602456077249,0.89,96.30602456077249,161.24135002256978,18.398814096729858,0.0,0.018,0.8912355898549726,0.0012355898549726296
f_gasoline,105.8093166743655,0.89,105.8093166743655,161.24135002256978,18.398814096729858,0.0,0.018,0.8923776130143373,0.0023776130143372542
f_gasoline,115.31260878795864,0.89,115.31260878795864,161.24135002256978,18.398814096729858,0.0,0.018,0.8935196361737018,0.003519636173701768
f_gasoline,124.8159009015518,0.89,124.8159009015518,161.24135002256978,18.398814096729858,0.0,0.018,0.8946616593330664,0.0046616593330663925
f_gasoline,134.31919301514483,0.89,134.31919301514483,161.24135002256978,18.398814096729858,0.0,0.018,0.8958036824924309,0.005803682492430906
f_gasoline,143.82248512873798,0.9,143.82248512873798,161.24135002256978,18.398814096729858,0.0,0.018,0.8969457056517955,-0.003054294348204478
f_gasoline,153.325777242331,0.9,153.325777242331,161.24135002256978,18.398814096729858,0.0,0.018,0.8980877288111602,-0.0019122711888398536
f_gasoline,162.82906935592416,0.9,162.82906935592416,161.24135002256978,18.398814096729858,0.0,0.018,0.8992297519705247,-0.00077024802947534
f_gasoline,172.3323614695172,0.9,172.3323614695172,161.24135002256978,18.398814096729858,0.0,0.018,0.9003717751298893,0.00037177512988928463
f_gasoline,181.83565358311037,0.9,181.83565358311037,161.24135002256978,18.398814096729858,0.0,0.018,0.9015137982892538,0.0015137982892537982
f_gasoline,191.33894569670335,0.9,191.33894569670335,161.24135002256978,18.398814096729858,0.0,0.018,0.9026558214486184,0.002655821448618423
f_gasoline,200.84223781029647,0.91,200.84223781029647,161.24135002256978,18.398814096729858,0.0,0.018,0.903797844607983,-0.0062021553920170724
f_gasoline,210.34552992388967,0.91,210.34552992388967,161.24135002256978,18.398814096729858,0.0,0.018,0.9049398677673476,-0.005060132232652448
f_gasoline,219.8488220374827,0.91,219.8488220374827,161.24135002256978,18.398814096729858,0.0,0.018,0.9060818909267122,-0.003918109073287823
f_gasoline,229.35211415107585,0.91,229.35211415107585,161.24135002256978,18.398814096729858,0.0,0.018,0.9072239140860767,-0.0027760859139233096
f_gasoline,238.8554062646689,0.91,238.8554062646689,161.24135002256978,18.398814096729858,0.0,0.018,0.9083659372454413,-0.001634062754558685
f_gasoline,248.35869837826203,0.91,248.35869837826203,161.24135002256978,18.398814096729858,0.0,0.018,0.9095079604048059,-0.0004920395951941714
f_gasoline,257.86199049185507,0.91,257.86199049185507,161.24135002256978,18.398814096729858,0.0,0.018,0.9106499835641705,0.0006499835641704532
f_gasoline,267.3652826054482,0.91,267.3652826054482,161.24135002256978,18.398814096729858,0.0,0.018,0.9117920067235351,0.0017920067235350778
f_gasoline,276.86857471904125,0.91,276.86857471904125,161.24135002256978,18.398814096729858,0.0,0.018,0.9129340298828996,0.0029340298828995914
f_gasoline,286.3718668326344,0.91,286.3718668326344,161.24135002256978,18.398814096729858,0.0,0.018,0.9140760530422642,0.004076053042264216
f_gasoline,295.87515894622754,0.91,295.87515894622754,161.24135002256978,18.398814096729858,0.0,0.018,0.9152180762016288,0.00521807620162873
f_gasoline,305.3784510598206,0.91,305.3784510598206,161.24135002256978,18.398814096729858,0.0,0.018,0.9163600993609934,0.006360099360993354
f_gasoline,314.8817431734137,0.91,314.8817431734137,161.24135002256978,18.398814096729858,0.0,0.018,0.9175021225203579,0.007502122520357868
f_gasoline,324.3850352870068,0.91,324.3850352870068,161.24135002256978,18.398814096729858,0.0,0.018,0.9186441456797225,0.008644145679722492
f_gasoline,333.8883274005999,0.91,333.8883274005999,161.24135002256978,18.398814096729858,0.0,0.018,0.9197861688390871,0.009786168839087117
f_gasoline,343.39161951419294,0.91,343.39161951419294,161.24135002256978,18.398814096729858,0.0,0.018,0.9209281919984517,0.01092819199845163
f_gasoline,352.8949116277861,0.91,352.8949116277861,161.24135002256978,18.398814096729858,0.0,0.018,0.9220702151578163,0.012070215157816255
f_diesel,1.4586729246075265,1.0,167.8326286565802,1.4586729246075265,18.398814096729858,0.0,0.018,1.0,0.0
f_diesel,10.595822631891224,1.0,167.8326286565802,10.595822631891224,18.398814096729858,0.0,0.018,1.0,0.0
f_diesel,19.73297233917492,1.0,167.8326286565802,19.73297233917492,18.398814096729858,0.0,0.018,1.0,0.0
f_diesel,28.87012204645862,1.0,167.8326286565802,28.87012204645862,18.398814096729858,0.0,0.018,1.0,0.0
f_diesel,38.00727175374232,1.0,167.8326286565802,38.00727175374232,18.398814096729858,0.0,0.018,1.0,0.0
f_diesel,47.14442146102601,0.99,167.8326286565802,47.14442146102601,18.398814096729858,0.0,0.018,0.9887481179068464,-0.0012518820931536334
f_diesel,56.28157116830971,0.97,167.8326286565802,56.28157116830971,18.398814096729858,0.0,0.018,0.964052186225095,-0.005947813774904942
f_diesel,65.41872087559341,0.96,167.8326286565802,65.41872087559341,18.398814096729858,0.0,0.018,0.9501193875090288,-0.009880612490971163
f_diesel,74.5558705828771,0.95,167.8326286565802,74.5558705828771,18.398814096729858,0.0,0.018,0.9403687310208682,-0.009631268979131802
f_diesel,83.6930202901608,0.94,167.8326286565802,83.6930202901608,18.398814096729858,0.0,0.018,0.9328608200472486,-0.007139179952751373
f_diesel,92.8301699974445,0.93,167.8326286565802,92.8301699974445,18.398814096729858,0.0,0.018,0.926754464559225,-0.0032455354407749937
f_diesel,101.9673197047282,0.92,167.8326286565802,101.9673197047282,18.398814096729858,0.0,0.018,0.9216078032197021,0.0016078032197021086
f_diesel,111.1044694120119,0.92,167.8326286565802,111.1044694120119,18.398814096729858,0.0,0.018,0.9171597508359977,-0.002840249164002384
f_diesel,120.24161911929554,0.91,167.8326286565802,120.24161911929554,18.398814096729858,0.0,0.018,0.9132431182180348,0.0032431182180348017
f_diesel,129.37876882657923,0.91,167.8326286565802,129.37876882657923,18.398814096729858,0.0,0.018,0.9097443695723402,-0.00025563042765985866
f_diesel,138.51591853386293,0.91,167.8326286565802,138.51591853386293,18.398814096729858,0.0,0.018,0.906582867562552,-0.0034171324374480117
f_diesel,147.65306824114663,0.9,167.8326286565802,147.65306824114663,18.398814096729858,0.0,0.018,0.9036992750952966,0.0036992750952965503
f_diesel,156.79021794843032,0.9,167.8326286565802,156.79021794843032,18.398814096729858,0.0,0.018,0.9010486567712015,0.0010486567712014727
f_diesel,165.92736765571402,0.9,167.8326286565802,165.92736765571402,18.398814096729858,0.0,0.018,0.8985961651450319,-0.001403834854968089
f_diesel,175.06451736299772,0.9,167.8326286565802,175.06451736299772,18.398814096729858,0.0,0.018,0.8963142301867694,-0.003685769813230655
f_diesel,184.20166707028145,0.9,167.8326286565802,184.20166707028145,18.398814096729858,0.0,0.018,0.8941806641114519,-0.005819335888548105
f_diesel,193.3388167775651,0.89,167.8326286565802,193.3388167775651,18.398814096729858,0.0,0.018,0.8921773455992723,0.0021773455992722957
f_diesel,202.4759664848488,0.89,167.8326286565802,202.4759664848488,18.398814096729858,0.0,0.018,0.8902892830417806,0.00028928304178055253
f_diesel,211.6131161921325,0.89,167.8326286565802,211.6131161921325,18.398814096729858,0.0,0.018,0.8885039329014092,-0.0014960670985908475
f_diesel,220.7502658994162,0.89,167.8326286565802,220.7502658994162,18.398814096729858,0.0,0.018,0.8868106941010461,-0.0031893058989539425
f_diesel,229.8874156066999,0.89,167.8326286565802,229.8874156066999,18.398814096729858,0.0,0.018,0.8852005265618184,-0.004799473438181656
f_diesel,239.0245653139836,0.89,167.8326286565802,239.0245653139836,18.398814096729858,0.0,0.018,0.8836656590148536,-0.006334340985146403
f_diesel,248.1617150212673,0.89,167.8326286565802,248.1617150212673,18.398814096729858,0.0,0.018,0.8821993621326282,-0.00780063786737184
f_diesel,257.298864728551,0.88,167.8326286565802,257.298864728551,18.398814096729858,0.0,0.018,0.8807957702044081,0.0007957702044081305
f_diesel,266.4360144358347,0.88,167.8326286565802,266.4360144358347,18.398814096729858,0.0,0.018,0.8794497394010117,-0.000550260598988328
f_diesel,275.5731641431184,0.88,167.8326286565802,275.5731641431184,18.398814096729858,0.0,0.018,0.8781567339738586,-0.001843266026141377
f_diesel,284.7103138504021,0.88,167.8326286565802,284.7103138504021,18.398814096729858,0.0,0.018,0.8769127340314816,-0.0030872659685183823
f_diesel,293.8474635576858,0.88,167.8326286565802,293.8474635576858,18.398814096729858,0.0,0.018,0.8757141601628596,-0.0042858398371403705
f_diesel,302.9846132649695,0.88,167.8326286565802,302.9846132649695,18.398814096729858,0.0,0.018,0.8745578113444035,-0.005442188655596536
f_diesel,312.1217629722532,0.88,167.8326286565802,312.1217629722532,18.398814096729858,0.0,0.018,0.8734408134167965,-0.006559186583203536
f_diesel,321.2589126795369,0.88,167.8326286565802,321.2589126795369,18.398814096729858,0.0,0.018,0.8723605760434676,-0.007639423956532387
f_diesel,330.3960623868206,0.88,167.8326286565802,330.3960623868206,18.398814096729858,0.0,0.018,0.8713147565284945,-0.008685243471505455
f_diesel,339.5332120941043,0.88,167.8326286565802,339.5332120941043,18.398814096729858,0.0,0.018,0.8703012292225472,-0.009698770777452848
S_diesel_lag,0.2681327931275753,0.87,167.8326286565802,161.24135002256978,0.2681327931275753,0.0,0.018,0.8676876405213868,-0.0023123594786131907
S_diesel_lag,0.9138478645691102,0.87,167.8326286565802,161.24135002256978,0.9138478645691102,0.0,0.018,0.8688324113522374,-0.001167588647762563
S_diesel_lag,1.559562936010645,0.87,167.8326286565802,161.24135002256978,1.559562936010645,0.0,0.018,0.8699771821830881,-2.2817816911935296e-05
S_diesel_lag,2.20527800745218,0.87,167.8326286565802,161.24135002256978,2.20527800745218,0.0,0.018,0.8711219530139387,0.0011219530139386924
S_diesel_lag,2.8509930788937146,0.87,167.8326286565802,161.24135002256978,2.8509930788937146,0.0,0.018,0.8722667238447893,0.00226672384478932
S_diesel_lag,3.496708150335249,0.87,167.8326286565802,161.24135002256978,3.496708150335249,0.0,0.018,0.8734114946756399,0.003411494675639948
S_diesel_lag,4.1424232217767845,0.88,167.8326286565802,161.24135002256978,4.1424232217767845,0.0,0.018,0.8745562655064906,-0.005443734493509433
S_diesel_lag,4.78813829321832,0.88,167.8326286565802,161.24135002256978,4.78813829321832,0.0,0.018,0.8757010363373412,-0.004298963662658806
S_diesel_lag,5.433853364659854,0.88,167.8326286565802,161.24135002256978,5.433853364659854,0.0,0.018,0.8768458071681918,-0.003154192831808178
S_diesel_lag,6.079568436101389,0.88,167.8326286565802,161.24135002256978,6.079568436101389,0.0,0.018,0.8779905779990425,-0.0020094220009575503
S_diesel_lag,6.725283507542924,0.88,167.8326286565802,161.24135002256978,6.725283507542924,0.0,0.018,0.8791353488298931,-0.0008646511701069226
S_diesel_lag,7.370998578984459,0.88,167.8326286565802,161.24135002256978,7.370998578984459,0.0,0.018,0.8802801196607437,0.0002801196607437051
S_diesel_lag,8.016713650425993,0.88,167.8326286565802,161.24135002256978,8.016713650425993,0.0,0.018,0.8814248904915943,0.0014248904915943328
S_diesel_lag,8.662428721867528,0.88,167.8326286565802,161.24135002256978,8.662428721867528,0.0,0.018,0.882569661322445,0.0025696613224449605
S_diesel_lag,9.308143793309064,0.88,167.8326286565802,161.24135002256978,9.308143793309064,0.0,0.018,0.8837144321532956,0.003714432153295588
S_diesel_lag,9.9538588647506,0.89,167.8326286565802,161.24135002256978,9.9538588647506,0.0,0.018,0.8848592029841462,-0.005140797015853793
S_diesel_lag,10.599573936192131,0.89,167.8326286565802,161.24135002256978,10.599573936192131,0.0,0.018,0.8860039738149968,-0.003996026185003165
S_diesel_lag,11.245289007633668,0.89,167.8326286565802,161.24135002256978,11.245289007633668,0.0,0.018,0.8871487446458475,-0.0028512553541525376
S_diesel_lag,11.891004079075202,0.89,167.8326286565802,161.24135002256978,11.891004079075202,0.0,0.018,0.8882935154766981,-0.00170648452330191
S_diesel_lag,12.536719150516738,0.89,167.8326286565802,161.24135002256978,12.536719150516738,0.0,0.018,0.8894382863075487,-0.0005617136924512822
S_diesel_lag,13.182434221958273,0.89,167.8326286565802,161.24135002256978,13.182434221958273,0.0,0.018,0.8905830571383994,0.0005830571383993455
S_diesel_lag,13.828149293399807,0.89,167.8326286565802,161.24135002256978,13.828149293399807,0.0,0.018,0.89172782796925,0.0017278279692499732
S_diesel_lag,14.473864364841342,0.89,167.8326286565802,161.24135002256978,14.473864364841342,0.0,0.018,0.8928725988001006,0.002872598800100601
S_diesel_lag,15.119579436282876,0.89,167.8326286565802,161.24135002256978,15.119579436282876,0.0,0.018,0.8940173696309512,0.0040173696309512286
S_diesel_lag,15.76529450772441,0.9,167.8326286565802,161.24135002256978,15.76529450772441,0.0,0.018,0.8951621404618019,-0.004837859538198153
S_diesel_lag,16.411009579165945,0.9,167.8326286565802,161.24135002256978,16.411009579165945,0.0,0.018,0.8963069112926525,-0.003693088707347525
S_diesel_lag,17.056724650607478,0.9,167.8326286565802,161.24135002256978,17.056724650607478,0.0,0.018,0.8974516821235031,-0.0025483178764968972
S_diesel_lag,17.702439722049014,0.9,167.8326286565802,161.24135002256978,17.702439722049014,0.0,0.018,0.8985964529543538,-0.0014035470456462695
S_diesel_lag,18.34815479349055,0.9,167.8326286565802,161.24135002256978,18.34815479349055,0.0,0.018,0.8997412237852044,-0.00025877621479564183
S_diesel_lag,18.993869864932083,0.9,167.8326286565802,161.24135002256978,18.993869864932083,0.0,0.018,0.900885994616055,0.0008859946160549859
S_diesel_lag,19.63958493637362,0.9,167.8326286565802,161.24135002256978,19.63958493637362,0.0,0.018,0.9020307654469056,0.0020307654469056136
S_diesel_lag,20.285300007815152,0.9,167.8326286565802,161.24135002256978,20.285300007815152,0.0,0.018,0.9031755362777563,0.0031755362777562413
S_diesel_lag,20.93101507925669,0.9,167.8326286565802,161.24135002256978,20.93101507925669,0.0,0.018,0.9043203071086069,0.004320307108606869
S_diesel_lag,21.576730150698225,0.91,167.8326286565802,161.24135002256978,21.576730150698225,0.0,0.018,0.9054650779394575,-0.004534922060542512
S_diesel_lag,22.22244522213976,0.91,167.8326286565802,161.24135002256978,22.22244522213976,0.0,0.018,0.9066098487703081,-0.0033901512296918845
S_diesel_lag,22.86816029358129,0.91,167.8326286565802,161.24135002256978,22.86816029358129,0.0,0.018,0.9077546196011588,-0.002245380398841257
S_diesel_lag,23.513875365022827,0.91,167.8326286565802,161.24135002256978,23.513875365022827,0.0,0.018,0.9088993904320094,-0.0011006095679906291
S_diesel_lag,24.159590436464363,0.91,167.8326286565802,161.24135002256978,24.159590436464363,0.0,0.018,0.91004416126286,4.416126285999855e-05
S_diesel_lag,24.8053055079059,0.91,167.8326286565802,161.24135002256978,24.8053055079059,0.0,0.018,0.9111889320937107,0.0011889320937106262
S_diesel_lag,25.451020579347432,0.91,167.8326286565802,161.24135002256978,25.451020579347432,0.0,0.018,0.9123337029245613,0.002333702924561254
S_diesel_lag,26.09673565078897,0.91,167.8326286565802,161.24135002256978,26.09673565078897,0.0,0.018,0.9134784737554119,0.0034784737554118816
S_diesel_lag,26.7424507222305,0.91,167.8326286565802,161.24135002256978,26.7424507222305,0.0,0.018,0.9146232445862625,0.004623244586262509
S_diesel_lag,27.38816579367204,0.92,167.8326286565802,161.24135002256978,27.38816579367204,0.0,0.018,0.9157680154171132,-0.004231984582886872
S_diesel_lag,28.033880865113574,0.92,167.8326286565802,161.24135002256978,28.033880865113574,0.0,0.018,0.9169127862479638,-0.003087213752036244
S_diesel_lag,28.679595936555103,0.92,167.8326286565802,161.24135002256978,28.679595936555103,0.0,0.018,0.9180575570788144,-0.0019424429211856165
S_diesel_lag,29.325311007996643,0.92,167.8326286565802,161.24135002256978,29.325311007996643,0.0,0.018,0.919202327909665,-0.0007976720903349888
S_diesel_lag,29.97102607943817,0.92,167.8326286565802,161.24135002256978,29.97102607943817,0.0,0.018,0.9203470987405157,0.00034709874051563894
S_diesel_lag,30.61674115087971,0.92,167.8326286565802,161.24135002256978,30.61674115087971,0.0,0.018,0.9214918695713663,0.0014918695713662666
S_diesel_lag,31.262456222321244,0.92,167.8326286565802,161.24135002256978,31.262456222321244,0.0,0.018,0.9226366404022169,0.0026366404022168943
S_diesel_lag,31.90817129376278,0.92,167.8326286565802,161.24135002256978,31.90817129376278,0.0,0.018,0.9237814112330676,0.003781411233067522
S_diesel_lag,32.55388636520432,0.93,167.8326286565802,161.24135002256978,32.55388636520432,0.0,0.018,0.9249261820639182,-0.005073817936081859
S_diesel_lag,33.19960143664586,0.93,167.8326286565802,161.24135002256978,33.19960143664586,0.0,0.018,0.9260709528947688,-0.0039290471052312315
S_diesel_lag,33.845316508087386,0.93,167.8326286565802,161.24135002256978,33.845316508087386,0.0,0.018,0.9272157237256194,-0.0027842762743806038
S_diesel_lag,34.49103157952892,0.93,167.8326286565802,161.24135002256978,34.49103157952892,0.0,0.018,0.9283604945564701,-0.001639505443529976
S_diesel_lag,35.13674665097046,0.93,167.8326286565802,161.24135002256978,35.13674665097046,0.0,0.018,0.9295052653873207,-0.0004947346126793484
S_diesel_lag,35.782461722411995,0.93,167.8326286565802,161.24135002256978,35.782461722411995,0.0,0.018,0.9306500362181713,0.0006500362181712793
S_diesel_lag,36.42817679385353,0.93,167.8326286565802,161.24135002256978,36.42817679385353,0.0,0.018,0.931794807049022,0.001794807049021907
S_diesel_lag,37.07389186529506,0.93,167.8326286565802,161.24135002256978,37.07389186529506,0.0,0.018,0.9329395778798726,0.0029395778798725347
S_diesel_lag,37.7196069367366,0.93,167.8326286565802,161.24135002256978,37.7196069367366,0.0,0.018,0.9340843487107232,0.004084348710723162
S_diesel_lag,38.36532200817813,0.94,167.8326286565802,161.24135002256978,38.36532200817813,0.0,0.018,0.9352291195415738,-0.004770880458426108
S_diesel_lag,39.01103707961967,0.94,167.8326286565802,161.24135002256978,39.01103707961967,0.0,0.018,0.9363738903724245,-0.00362610962757548
S_diesel_lag,39.656752151061205,0.94,167.8326286565802,161.24135002256978,39.656752151061205,0.0,0.018,0.9375186612032751,-0.0024813387967248524
S_diesel_lag,40.302467222502735,0.94,167.8326286565802,161.24135002256978,40.302467222502735,0.0,0.018,0.9386634320341257,-0.0013365679658742247
S_diesel_lag,40.94818229394427,0.94,167.8326286565802,161.24135002256978,40.94818229394427,0.0,0.018,0.9398082028649763,-0.00019179713502359697
S_diesel_lag,41.59389736538581,0.94,167.8326286565802,161.24135002256978,41.59389736538581,0.0,0.018,0.940952973695827,0.0009529736958270307
S_diesel_lag,42.23961243682734,0.94,167.8326286565802,161.24135002256978,42.23961243682734,0.0,0.018,0.9420977445266776,0.0020977445266776584
S_diesel_lag,42.88532750826888,0.94,167.8326286565802,161.24135002256978,42.88532750826888,0.0,0.018,0.9432425153575282,0.003242515357528286
S_diesel_lag,43.53104257971041,0.94,167.8326286565802,161.24135002256978,43.53104257971041,0.0,0.018,0.9443872861883789,0.004387286188378914
S_diesel_lag,44.176757651151945,0.95,167.8326286565802,161.24135002256978,44.176757651151945,0.0,0.018,0.9455320570192295,-0.004467942980770467
S_diesel_lag,44.82247272259348,0.95,167.8326286565802,161.24135002256978,44.82247272259348,0.0,0.018,0.9466768278500801,-0.0033231721499198397
S_diesel_lag,45.46818779403502,0.95,167.8326286565802,161.24135002256978,45.46818779403502,0.0,0.018,0.9478215986809307,-0.002178401319069212
S_diesel_lag,46.11390286547656,0.95,167.8326286565802,161.24135002256978,46.11390286547656,0.0,0.018,0.9489663695117814,-0.0010336304882185843
S_diesel_lag,46.75961793691808,0.95,167.8326286565802,161.24135002256978,46.75961793691808,0.0,0.018,0.950111140342632,0.00011114034263204342
S_diesel_lag,47.40533300835962,0.95,167.8326286565802,161.24135002256978,47.40533300835962,0.0,0.018,0.9512559111734826,0.0012559111734826711
S_diesel_lag,48.05104807980116,0.95,167.8326286565802,161.24135002256978,48.05104807980116,0.0,0.018,0.9524006820043333,0.002400682004333299
S_diesel_lag,48.69676315124269,0.95,167.8326286565802,161.24135002256978,48.69676315124269,0.0,0.018,0.9535454528351839,0.0035454528351839265
S_diesel_lag,49.34247822268423,0.95,167.8326286565802,161.24135002256978,49.34247822268423,0.0,0.018,0.9546902236660345,0.004690223666034554
S_diesel_lag,49.98819329412576,0.96,167.8326286565802,161.24135002256978,49.98819329412576,0.0,0.018,0.9558349944968851,-0.004165005503114827
S_diesel_lag,50.633908365567294,0.96,167.8326286565802,161.24135002256978,50.633908365567294,0.0,0.018,0.9569797653277358,-0.0030202346722641993
S_diesel_lag,51.27962343700883,0.96,167.8326286565802,161.24135002256978,51.27962343700883,0.0,0.018,0.9581245361585864,-0.0018754638414135716
S_diesel_lag,51.925338508450366,0.96,167.8326286565802,161.24135002256978,51.925338508450366,0.0,0.018,0.959269306989437,-0.0007306930105629439
prev_u_diesel,-387.7473910922218,0.85,167.8326286565802,161.24135002256978,18.398814096729858,-387.7473910922218,0.018,0.8475004434771817,-0.0024995565228183025
prev_u_diesel,-379.1815484196013,0.85,167.8326286565802,161.24135002256978,18.398814096729858,-379.1815484196013,0.018,0.8486564941311896,-0.0013435058688103796
prev_u_diesel,-370.6157057469808,0.85,167.8326286565802,161.24135002256978,18.398814096729858,-370.6157057469808,0.018,0.8498125447851975,-0.00018745521480245664
prev_u_diesel,-362.04986307436025,0.85,167.8326286565802,161.24135002256978,18.398814096729858,-362.04986307436025,0.018,0.8509685954392056,0.0009685954392055773
prev_u_diesel,-353.48402040173977,0.85,167.8326286565802,161.24135002256978,18.398814096729858,-353.48402040173977,0.018,0.8521246460932135,0.0021246460932135003
prev_u_diesel,-344.9181777291193,0.85,167.8326286565802,161.24135002256978,18.398814096729858,-344.9181777291193,0.018,0.8532806967472214,0.0032806967472214232
prev_u_diesel,-336.3523350564988,0.85,167.8326286565802,161.24135002256978,18.398814096729858,-336.3523350564988,0.018,0.8544367474012293,0.004436747401229346
prev_u_diesel,-327.7864923838782,0.86,167.8326286565802,161.24135002256978,18.398814096729858,-327.7864923838782,0.018,0.8555927980552372,-0.00440720194476274
prev_u_diesel,-319.2206497112577,0.86,167.8326286565802,161.24135002256978,18.398814096729858,-319.2206497112577,0.018,0.8567488487092453,-0.0032511512907547058
prev_u_diesel,-310.6548070386373,0.86,167.8326286565802,161.24135002256978,18.398814096729858,-310.6548070386373,0.018,0.8579048993632532,-0.002095100636746783
prev_u_diesel,-302.08896436601674,0.86,167.8326286565802,161.24135002256978,18.398814096729858,-302.08896436601674,0.018,0.8590609500172611,-0.0009390499827388599
prev_u_diesel,-293.5231216933962,0.86,167.8326286565802,161.24135002256978,18.398814096729858,-293.5231216933962,0.018,0.860217000671269,0.00021700067126906308
prev_u_diesel,-284.95727902077573,0.86,167.8326286565802,161.24135002256978,18.398814096729858,-284.95727902077573,0.018,0.861373051325277,0.001373051325276986
prev_u_diesel,-276.39143634815525,0.86,167.8326286565802,161.24135002256978,18.398814096729858,-276.39143634815525,0.018,0.8625291019792849,0.002529101979284909
prev_u_diesel,-267.8255936755347,0.86,167.8326286565802,161.24135002256978,18.398814096729858,-267.8255936755347,0.018,0.8636851526332929,0.003685152633292943
prev_u_diesel,-259.2597510029142,0.87,167.8326286565802,161.24135002256978,18.398814096729858,-259.2597510029142,0.018,0.8648412032873009,-0.005158796712699143
prev_u_diesel,-250.6939083302937,0.87,167.8326286565802,161.24135002256978,18.398814096729858,-250.6939083302937,0.018,0.8659972539413088,-0.00400274605869122
prev_u_diesel,-242.1280656576732,0.87,167.8326286565802,161.24135002256978,18.398814096729858,-242.1280656576732,0.018,0.8671533045953167,-0.002846695404683297
prev_u_diesel,-233.5622229850527,0.87,167.8326286565802,161.24135002256978,18.398814096729858,-233.5622229850527,0.018,0.8683093552493246,-0.0016906447506753741
prev_u_diesel,-224.9963803124322,0.87,167.8326286565802,161.24135002256978,18.398814096729858,-224.9963803124322,0.018,0.8694654059033327,-0.0005345940966673401
prev_u_diesel,-216.4305376398117,0.87,167.8326286565802,161.24135002256978,18.398814096729858,-216.4305376398117,0.018,0.8706214565573406,0.0006214565573405828
prev_u_diesel,-207.8646949671912,0.87,167.8326286565802,161.24135002256978,18.398814096729858,-207.8646949671912,0.018,0.8717775072113485,0.0017775072113485058
prev_u_diesel,-199.29885229457068,0.87,167.8326286565802,161.24135002256978,18.398814096729858,-199.29885229457068,0.018,0.8729335578653564,0.0029335578653564287
prev_u_diesel,-190.73300962195017,0.87,167.8326286565802,161.24135002256978,18.398814096729858,-190.73300962195017,0.018,0.8740896085193643,0.004089608519364352
prev_u_diesel,-182.16716694932967,0.88,167.8326286565802,161.24135002256978,18.398814096729858,-182.16716694932967,0.018,0.8752456591733723,-0.004754340826627734
prev_u_diesel,-173.60132427670916,0.88,167.8326286565802,161.24135002256978,18.398814096729858,-173.60132427670916,0.018,0.8764017098273803,-0.0035982901726197003
prev_u_diesel,-165.03548160408866,0.88,167.8326286565802,161.24135002256978,18.398814096729858,-165.03548160408866,0.018,0.8775577604813882,-0.0024422395186117773
prev_u_diesel,-156.46963893146815,0.88,167.8326286565802,161.24135002256978,18.398814096729858,-156.46963893146815,0.018,0.8787138111353962,-0.0012861888646038544
prev_u_diesel,-147.90379625884765,0.88,167.8326286565802,161.24135002256978,18.398814096729858,-147.90379625884765,0.018,0.8798698617894041,-0.00013013821059593145
prev_u_diesel,-139.33795358622714,0.88,167.8326286565802,161.24135002256978,18.398814096729858,-139.33795358622714,0.018,0.881025912443412,0.0010259124434119915
prev_u_diesel,-130.77211091360664,0.88,167.8326286565802,161.24135002256978,18.398814096729858,-130.77211091360664,0.018,0.88218196309742,0.0021819630974200255
prev_u_diesel,-122.20626824098616,0.88,167.8326286565802,161.24135002256978,18.398814096729858,-122.20626824098616,0.018,0.883338013751428,0.0033380137514279484
prev_u_diesel,-113.64042556836564,0.88,167.8326286565802,161.24135002256978,18.398814096729858,-113.64042556836564,0.018,0.8844940644054359,0.004494064405435871
prev_u_diesel,-105.0745828957451,0.89,167.8326286565802,161.24135002256978,18.398814096729858,-105.0745828957451,0.018,0.8856501150594438,-0.0043498849405562146
prev_u_diesel,-96.50874022312462,0.89,167.8326286565802,161.24135002256978,18.398814096729858,-96.50874022312462,0.018,0.8868061657134517,-0.0031938342865482916
prev_u_diesel,-87.94289755050414,0.89,167.8326286565802,161.24135002256978,18.398814096729858,-87.94289755050414,0.018,0.8879622163674596,-0.0020377836325403687
prev_u_diesel,-79.37705487788361,0.89,167.8326286565802,161.24135002256978,18.398814096729858,-79.37705487788361,0.018,0.8891182670214677,-0.0008817329785323347
prev_u_diesel,-70.81121220526308,0.89,167.8326286565802,161.24135002256978,18.398814096729858,-70.81121220526308,0.018,0.8902743176754756,0.0002743176754755883
prev_u_diesel,-62.2453695326426,0.89,167.8326286565802,161.24135002256978,18.398814096729858,-62.2453695326426,0.018,0.8914303683294835,0.0014303683294835112
prev_u_diesel,-53.67952686002212,0.89,167.8326286565802,161.24135002256978,18.398814096729858,-53.67952686002212,0.018,0.8925864189834914,0.002586418983491434
prev_u_diesel,-45.11368418740159,0.89,167.8326286565802,161.24135002256978,18.398814096729858,-45.11368418740159,0.018,0.8937424696374994,0.003742469637499357
prev_u_diesel,-36.547841514781055,0.9,167.8326286565802,161.24135002256978,18.398814096729858,-36.547841514781055,0.018,0.8948985202915074,-0.005101479708492618
prev_u_diesel,-27.98199884216058,0.9,167.8326286565802,161.24135002256978,18.398814096729858,-27.98199884216058,0.018,0.8960545709455153,-0.003945429054484695
prev_u_diesel,-19.416156169540105,0.9,167.8326286565802,161.24135002256978,18.398814096729858,-19.416156169540105,0.018,0.8972106215995233,-0.002789378400476772
prev_u_diesel,-10.850313496919568,0.9,167.8326286565802,161.24135002256978,18.398814096729858,-10.850313496919568,0.018,0.8983666722535312,-0.001633327746468849
prev_u_diesel,-2.284470824299035,0.9,167.8326286565802,161.24135002256978,18.398814096729858,-2.284470824299035,0.018,0.8995227229075391,-0.000477277092460926
prev_u_diesel,6.281371848321442,0.9,167.8326286565802,161.24135002256978,18.398814096729858,6.281371848321442,0.018,0.900678773561547,0.000678773561546997
prev_u_diesel,14.847214520941918,0.9,167.8326286565802,161.24135002256978,18.398814096729858,14.847214520941918,0.018,0.901834824215555,0.001834824215555031
prev_u_diesel,23.41305719356245,0.9,167.8326286565802,161.24135002256978,18.398814096729858,23.41305719356245,0.018,0.902990874869563,0.002990874869562954
prev_u_diesel,31.978899866182985,0.9,167.8326286565802,161.24135002256978,18.398814096729858,31.978899866182985,0.018,0.9041469255235709,0.004146925523570877
prev_u_diesel,40.54474253880346,0.91,167.8326286565802,161.24135002256978,18.398814096729858,40.54474253880346,0.018,0.9053029761775788,-0.004697023822421209
prev_u_diesel,49.11058521142394,0.91,167.8326286565802,161.24135002256978,18.398814096729858,49.11058521142394,0.018,0.9064590268315867,-0.003540973168413286
prev_u_diesel,57.67642788404447,0.91,167.8326286565802,161.24135002256978,18.398814096729858,57.67642788404447,0.018,0.9076150774855948,-0.002384922514405252
prev_u_diesel,66.242270556665,0.91,167.8326286565802,161.24135002256978,18.398814096729858,66.242270556665,0.018,0.9087711281396027,-0.0012288718603973292
prev_u_diesel,74.80811322928548,0.91,167.8326286565802,161.24135002256978,18.398814096729858,74.80811322928548,0.018,0.9099271787936106,-7.282120638940626e-05
prev_u_diesel,83.37395590190596,0.91,167.8326286565802,161.24135002256978,18.398814096729858,83.37395590190596,0.018,0.9110832294476185,0.0010832294476185167
prev_u_diesel,91.93979857452648,0.91,167.8326286565802,161.24135002256978,18.398814096729858,91.93979857452648,0.018,0.9122392801016265,0.0022392801016264396
prev_u_diesel,100.50564124714704,0.91,167.8326286565802,161.24135002256978,18.398814096729858,100.50564124714704,0.018,0.9133953307556345,0.0033953307556344736
prev_u_diesel,109.0714839197675,0.91,167.8326286565802,161.24135002256978,18.398814096729858,109.0714839197675,0.018,0.9145513814096424,0.004551381409642397
prev_u_diesel,117.63732659238798,0.92,167.8326286565802,161.24135002256978,18.398814096729858,117.63732659238798,0.018,0.9157074320636504,-0.004292567936349689
prev_u_diesel,126.20316926500853,0.92,167.8326286565802,161.24135002256978,18.398814096729858,126.20316926500853,0.018,0.9168634827176583,-0.0031365172823417664
prev_u_diesel,134.76901193762905,0.92,167.8326286565802,161.24135002256978,18.398814096729858,134.76901193762905,0.018,0.9180195333716662,-0.0019804666283338435
prev_u_diesel,143.3348546102495,0.92,167.8326286565802,161.24135002256978,18.398814096729858,143.3348546102495,0.018,0.9191755840256741,-0.0008244159743259205
prev_u_diesel,151.90069728287,0.92,167.8326286565802,161.24135002256978,18.398814096729858,151.90069728287,0.018,0.9203316346796822,0.00033163467968211346
prev_u_diesel,160.46653995549053,0.92,167.8326286565802,161.24135002256978,18.398814096729858,160.46653995549053,0.018,0.9214876853336901,0.0014876853336900364
prev_u_diesel,169.0323826281111,0.92,167.8326286565802,161.24135002256978,18.398814096729858,169.0323826281111,0.018,0.922643735987698,0.0026437359876979594
prev_u_diesel,177.5982253007316,0.92,167.8326286565802,161.24135002256978,18.398814096729858,177.5982253007316,0.018,0.9237997866417059,0.0037997866417058823
prev_u_diesel,186.164067973352,0.93,167.8326286565802,161.24135002256978,18.398814096729858,186.164067973352,0.018,0.9249558372957138,-0.005044162704286204
prev_u_diesel,194.72991064597252,0.93,167.8326286565802,161.24135002256978,18.398814096729858,194.72991064597252,0.018,0.9261118879497218,-0.0038881120502782807
prev_u_diesel,203.29575331859309,0.93,167.8326286565802,161.24135002256978,18.398814096729858,203.29575331859309,0.018,0.9272679386037298,-0.0027320613962702467
prev_u_diesel,211.8615959912135,0.93,167.8326286565802,161.24135002256978,18.398814096729858,211.8615959912135,0.018,0.9284239892577377,-0.0015760107422623237
prev_u_diesel,220.42743866383404,0.93,167.8326286565802,161.24135002256978,18.398814096729858,220.42743866383404,0.018,0.9295800399117456,-0.0004199600882544008
prev_u_diesel,228.99328133645457,0.93,167.8326286565802,161.24135002256978,18.398814096729858,228.99328133645457,0.018,0.9307360905657536,0.0007360905657535222
prev_u_diesel,237.5591240090751,0.93,167.8326286565802,161.24135002256978,18.398814096729858,237.5591240090751,0.018,0.9318921412197615,0.0018921412197614451
prev_u_diesel,246.12496668169564,0.93,167.8326286565802,161.24135002256978,18.398814096729858,246.12496668169564,0.018,0.9330481918737695,0.003048191873769479
prev_u_diesel,254.6908093543161,0.93,167.8326286565802,161.24135002256978,18.398814096729858,254.6908093543161,0.018,0.9342042425277775,0.004204242527777402
prev_u_diesel,263.2566520269366,0.94,167.8326286565802,161.24135002256978,18.398814096729858,263.2566520269366,0.018,0.9353602931817854,-0.004639706818214573
prev_u_diesel,271.8224946995571,0.94,167.8326286565802,161.24135002256978,18.398814096729858,271.8224946995571,0.018,0.9365163438357933,-0.00348365616420665
prev_u_diesel,280.38833737217755,0.94,167.8326286565802,161.24135002256978,18.398814096729858,280.38833737217755,0.018,0.9376723944898012,-0.002327605510198727
prev_u_diesel,288.9541800447981,0.94,167.8326286565802,161.24135002256978,18.398814096729858,288.9541800447981,0.018,0.9388284451438091,-0.001171554856190804
prev_u_diesel,297.5200227174186,0.94,167.8326286565802,161.24135002256978,18.398814096729858,297.5200227174186,0.018,0.9399844957978172,-1.5504202182770044e-05
cpi_yoy,-0.003,0.91,167.8326286565802,161.24135002256978,18.398814096729858,0.0,-0.003,0.7927012971657843,-0.11729870283421573
cpi_yoy,-0.0024875,0.91,167.8326286565802,161.24135002256978,18.398814096729858,0.0,-0.0024875,0.795315772942208,-0.11468422705779202
cpi_yoy,-0.001975,0.91,167.8326286565802,161.24135002256978,18.398814096729858,0.0,-0.001975,0.7979302487186317,-0.11206975128136831
cpi_yoy,-0.0014624999999999,0.79,167.8326286565802,161.24135002256978,18.398814096729858,0.0,-0.0014624999999999,0.800544724495056,0.010544724495055946
cpi_yoy,-0.0009499999999999,0.8,167.8326286565802,161.24135002256978,18.398814096729858,0.0,-0.0009499999999999,0.8031592002714797,0.003159200271479645
cpi_yoy,-0.0004374999999999,0.8,167.8326286565802,161.24135002256978,18.398814096729858,0.0,-0.0004374999999999,0.8057736760479034,0.005773676047903353
cpi_yoy,7.500000000000041e-05,0.8,167.8326286565802,161.24135002256978,18.398814096729858,0.0,7.500000000000041e-05,0.8083881518243267,0.008388151824326617
cpi_yoy,0.0005875,0.81,167.8326286565802,161.24135002256978,18.398814096729858,0.0,0.0005875,0.8110026276007504,0.0010026276007503165
cpi_yoy,0.0011,0.81,167.8326286565802,161.24135002256978,18.398814096729858,0.0,0.0011,0.8136171033771741,0.0036171033771740246
cpi_yoy,0.0016125,0.81,167.8326286565802,161.24135002256978,18.398814096729858,0.0,0.0016125,0.8162315791535978,0.006231579153597733
cpi_yoy,0.002125,0.81,167.8326286565802,161.24135002256978,18.398814096729858,0.0,0.002125,0.8188460549300215,0.00884605493002144
cpi_yoy,0.0026375,0.82,167.8326286565802,161.24135002256978,18.398814096729858,0.0,0.0026375,0.8214605307064452,0.001460530706445251
cpi_yoy,0.00315,0.82,167.8326286565802,161.24135002256978,18.398814096729858,0.0,0.00315,0.824075006482869,0.00407500648286907
cpi_yoy,0.0036625,0.82,167.8326286565802,161.24135002256978,18.398814096729858,0.0,0.0036625,0.8266894822592927,0.006689482259292778
cpi_yoy,0.004175,0.83,167.8326286565802,161.24135002256978,18.398814096729858,0.0,0.004175,0.8293039580357164,-0.0006960419642835225
cpi_yoy,0.0046875,0.83,167.8326286565802,161.24135002256978,18.398814096729858,0.0,0.0046875,0.8319184338121401,0.0019184338121401856
cpi_yoy,0.0052,0.83,167.8326286565802,161.24135002256978,18.398814096729858,0.0,0.0052,0.8345329095885639,0.004532909588563894
cpi_yoy,0.0057125,0.83,167.8326286565802,161.24135002256978,18.398814096729858,0.0,0.0057125,0.8371473853649876,0.007147385364987602
cpi_yoy,0.006225,0.84,167.8326286565802,161.24135002256978,18.398814096729858,0.0,0.006225,0.8397618611414113,-0.000238138858588699
cpi_yoy,0.0067375,0.84,167.8326286565802,161.24135002256978,18.398814096729858,0.0,0.0067375,0.842376336917835,0.002376336917835009
cpi_yoy,0.00725,0.84,167.8326286565802,161.24135002256978,18.398814096729858,0.0,0.00725,0.8449908126942587,0.004990812694258717
cpi_yoy,0.0077625,0.85,167.8326286565802,161.24135002256978,18.398814096729858,0.0,0.0077625,0.8476052884706825,-0.0023947115293174726
cpi_yoy,0.008275,0.85,167.8326286565802,161.24135002256978,18.398814096729858,0.0,0.008275,0.8502197642471062,0.00021976424710623554
cpi_yoy,0.0087875,0.85,167.8326286565802,161.24135002256978,18.398814096729858,0.0,0.0087875,0.8528342400235299,0.0028342400235299436
cpi_yoy,0.0093,0.85,167.8326286565802,161.24135002256978,18.398814096729858,0.0,0.0093,0.8554487157999536,0.005448715799953652
cpi_yoy,0.0098125,0.86,167.8326286565802,161.24135002256978,18.398814096729858,0.0,0.0098125,0.8580631915763773,-0.001936808423622649
cpi_yoy,0.010325,0.86,167.8326286565802,161.24135002256978,18.398814096729858,0.0,0.010325,0.860677667352801,0.000677667352801059
cpi_yoy,0.0108375,0.86,167.8326286565802,161.24135002256978,18.398814096729858,0.0,0.0108375,0.8632921431292248,0.003292143129224767
cpi_yoy,0.01135,0.87,167.8326286565802,161.24135002256978,18.398814096729858,0.0,0.01135,0.8659066189056485,-0.004093381094351534
cpi_yoy,0.0118625,0.87,167.8326286565802,161.24135002256978,18.398814096729858,0.0,0.0118625,0.8685210946820723,-0.0014789053179277145
cpi_yoy,0.012375,0.87,167.8326286565802,161.24135002256978,18.398814096729858,0.0,0.012375,0.871135570458496,0.0011355704584959936
cpi_yoy,0.0128875,0.87,167.8326286565802,161.24135002256978,18.398814096729858,0.0,0.0128875,0.8737500462349197,0.0037500462349197017
cpi_yoy,0.0134,0.88,167.8326286565802,161.24135002256978,18.398814096729858,0.0,0.0134,0.8763645220113434,-0.003635477988656599
cpi_yoy,0.0139125,0.88,167.8326286565802,161.24135002256978,18.398814096729858,0.0,0.0139125,0.8789789977877671,-0.001021002212232891
cpi_yoy,0.014425,0.88,167.8326286565802,161.24135002256978,18.398814096729858,0.0,0.014425,0.8815934735641908,0.001593473564190817
cpi_yoy,0.0149375,0.88,167.8326286565802,161.24135002256978,18.398814096729858,0.0,0.0149375,0.8842079493406145,0.004207949340614525
cpi_yoy,0.01545,0.89,167.8326286565802,161.24135002256978,18.398814096729858,0.0,0.01545,0.8868224251170382,-0.0031775748829617756
cpi_yoy,0.0159625,0.89,167.8326286565802,161.24135002256978,18.398814096729858,0.0,0.0159625,0.8894369008934621,-0.0005630991065379565
cpi_yoy,0.016475,0.89,167.8326286565802,161.24135002256978,18.398814096729858,0.0,0.016475,0.8920513766698858,0.0020513766698857516
cpi_yoy,0.0169875,0.89,167.8326286565802,161.24135002256978,18.398814096729858,0.0,0.0169875,0.8946658524463095,0.00466585244630946
cpi_yoy,0.0175,0.9,167.8326286565802,161.24135002256978,18.398814096729858,0.0,0.0175,0.8972803282227332,-0.002719671777266841
cpi_yoy,0.0180125,0.9,167.8326286565802,161.24135002256978,18.398814096729858,0.0,0.0180125,0.8998948039991569,-0.00010519600084313296
cpi_yoy,0.018525,0.9,167.8326286565802,161.24135002256978,18.398814096729858,0.0,0.018525,0.9025092797755806,0.002509279775580575
cpi_yoy,0.0190375,0.91,167.8326286565802,161.24135002256978,18.398814096729858,0.0,0.0190375,0.9051237555520043,-0.004876244447995726
cpi_yoy,0.01955,0.91,167.8326286565802,161.24135002256978,18.398814096729858,0.0,0.01955,0.907738231328428,-0.0022617686715720176
cpi_yoy,0.0200625,0.91,167.8326286565802,161.24135002256978,18.398814096729858,0.0,0.0200625,0.9100338685955318,3.386859553178301e-05
cpi_yoy,0.020575,0.91,167.8326286565802,161.24135002256978,18.398814096729858,0.0,0.020575,0.9100338685955318,3.386859553178301e-05
cpi_yoy,0.0210875,0.91,167.8326286565802,161.24135002256978,18.398814096729858,0.0,0.0210875,0.9100338685955318,3.386859553178301e-05
cpi_yoy,0.0216,0.91,167.8326286565802,161.24135002256978,18.398814096729858,0.0,0.0216,0.9100338685955318,3.386859553178301e-05
cpi_yoy,0.0221125,0.91,167.8326286565802,161.24135002256978,18.398814096729858,0.0,0.0221125,0.9100338685955318,3.386859553178301e-05
cpi_yoy,0.022625,0.91,167.8326286565802,161.24135002256978,18.398814096729858,0.0,0.022625,0.9100338685955318,3.386859553178301e-05
cpi_yoy,0.0231375,0.91,167.8326286565802,161.24135002256978,18.398814096729858,0.0,0.0231375,0.9100338685955318,3.386859553178301e-05
cpi_yoy,0.02365,0.91,167.8326286565802,161.24135002256978,18.398814096729858,0.0,0.02365,0.9100338685955318,3.386859553178301e-05
cpi_yoy,0.0241625,0.91,167.8326286565802,161.24135002256978,18.398814096729858,0.0,0.0241625,0.9100338685955318,3.386859553178301e-05
cpi_yoy,0.024675,0.91,167.8326286565802,161.24135002256978,18.398814096729858,0.0,0.024675,0.9100338685955318,3.386859553178301e-05
cpi_yoy,0.0251875,0.91,167.8326286565802,161.24135002256978,18.398814096729858,0.0,0.0251875,0.9100338685955318,3.386859553178301e-05
cpi_yoy,0.0257,0.91,167.8326286565802,161.24135002256978,18.398814096729858,0.0,0.0257,0.9100338685955318,3.386859553178301e-05
cpi_yoy,0.0262125,0.91,167.8326286565802,161.24135002256978,18.398814096729858,0.0,0.0262125,0.9100338685955318,3.386859553178301e-05
cpi_yoy,0.026725,0.91,167.8326286565802,161.24135002256978,18.398814096729858,0.0,0.026725,0.9100338685955318,3.386859553178301e-05
cpi_yoy,0.0272375,0.91,167.8326286565802,161.24135002256978,18.398814096729858,0.0,0.0272375,0.9100338685955318,3.386859553178301e-05
cpi_yoy,0.02775,0.91,167.8326286565802,161.24135002256978,18.398814096729858,0.0,0.02775,0.9100338685955318,3.386859553178301e-05
cpi_yoy,0.0282625,0.91,167.8326286565802,161.24135002256978,18.398814096729858,0.0,0.0282625,0.9100338685955318,3.386859553178301e-05
cpi_yoy,0.028775,0.91,167.8326286565802,161.24135002256978,18.398814096729858,0.0,0.028775,0.9100338685955318,3.386859553178301e-05
cpi_yoy,0.0292875,0.91,167.8326286565802,161.24135002256978,18.398814096729858,0.0,0.0292875,0.9100338685955318,3.386859553178301e-05
cpi_yoy,0.0298,0.91,167.8326286565802,161.24135002256978,18.398814096729858,0.0,0.0298,0.9100338685955318,3.386859553178301e-05
cpi_yoy,0.0303125,0.91,167.8326286565802,161.24135002256978,18.398814096729858,0.0,0.0303125,0.9115139705113408,0.0015139705113407231
cpi_yoy,0.030825,0.91,167.8326286565802,161.24135002256978,18.398814096729858,0.0,0.030825,0.9139413376532675,0.003941337653267429
cpi_yoy,0.0313375,0.91,167.8326286565802,161.24135002256978,18.398814096729858,0.0,0.0313375,0.9163687047951941,0.0063687047951940245
cpi_yoy,0.03185,0.92,167.8326286565802,161.24135002256978,18.398814096729858,0.0,0.03185,0.9187960719371208,-0.0012039280628792781
cpi_yoy,0.0323625,0.92,167.8326286565802,161.24135002256978,18.398814096729858,0.0,0.0323625,0.9212234390790475,0.001223439079047428
cpi_yoy,0.032875,0.92,167.8326286565802,161.24135002256978,18.398814096729858,0.0,0.032875,0.9236508062209741,0.0036508062209740233
cpi_yoy,0.0333875,0.92,167.8326286565802,161.24135002256978,18.398814096729858,0.0,0.0333875,0.9260781733629008,0.0060781733629007295
cpi_yoy,0.0339,0.93,167.8326286565802,161.24135002256978,18.398814096729858,0.0,0.0339,0.9285055405048275,-0.0014944594951725731
cpi_yoy,0.0344125,0.93,167.8326286565802,161.24135002256978,18.398814096729858,0.0,0.0344125,0.9309329076467541,0.000932907646754022
cpi_yoy,0.034925,0.93,167.8326286565802,161.24135002256978,18.398814096729858,0.0,0.034925,0.9333602747886808,0.0033602747886807283
cpi_yoy,0.0354375,0.94,167.8326286565802,161.24135002256978,18.398814096729858,0.0,0.0354375,0.9357876419306075,-0.004212358069392463
cpi_yoy,0.03595,0.94,167.8326286565802,161.24135002256978,18.398814096729858,0.0,0.03595,0.9382150090725342,-0.0017849909274657572
cpi_yoy,0.0364625,0.94,167.8326286565802,161.24135002256978,18.398814096729858,0.0,0.0364625,0.9406423762144608,0.000642376214460838
cpi_yoy,0.036975,0.94,167.8326286565802,161.24135002256978,18.398814096729858,0.0,0.036975,0.9430697433563875,0.0030697433563875443
cpi_yoy,0.0374875,0.95,167.8326286565802,161.24135002256978,18.398814096729858,0.0,0.0374875,0.9454971104983141,-0.004502889501685869
cpi_yoy,0.038,0.95,167.8326286565802,161.24135002256978,18.398814096729858,0.0,0.038,0.9479244776402408,-0.002075522359759163
