date,f_gasoline,f_diesel,alpha_hat_gasoline,alpha_hat_diesel,adjusted_u_gasoline,adjusted_u_diesel,S_gasoline_lag,S_diesel_lag,prev_u_gasoline,prev_u_diesel
2016-01-27,-325.7853861508645,-312.9340832286773,1.0,1.0,-325.7853861508645,-312.9340832286773,0.0,0.0,0.0,0.0
2016-02-15,110.79707848275888,106.28145414750564,0.8488214582531967,0.847315699819854,94.04693772792926,90.05394469886546,0.0,0.0,-325.7853861508645,-312.9340832286773
2016-02-29,56.10225768302926,54.00230941948396,0.9955930109561595,0.9542832794166987,55.855015648085434,51.53350092890043,16.750140754829616,16.227509448640177,94.04693772792926,90.05394469886546
2016-03-14,285.646073078346,274.69714840930345,0.9042593612816349,0.8997181131147881,258.2981355944323,247.15000004483142,11.972340563324558,13.828065104631655,55.855015648085434,51.53350092890043
2016-03-28,148.44173955854455,142.81271674163784,0.9544451231537489,0.952469245185485,141.67949439411177,136.02472051779628,35.72857587824086,37.226793937714206,258.2981355944323,247.15000004483142
2016-04-12,-101.00293960633668,-97.019321558126,0.8654392823078402,0.9096959832222486,-87.41191156389014,-88.25808711637494,31.772248279201392,32.84675198024149,141.67949439411177,136.02472051779628
2016-04-27,286.3362733547871,275.2972993093121,0.8829680018994351,0.8895395606777599,252.82576715540685,244.88783868337924,8.649545752994428,14.231491944417982,-87.41191156389014,-88.25808711637494
2016-05-12,175.09345093333127,168.4144579798299,0.9602336666364406,0.9566065227647587,168.13062639374039,161.10636903139664,39.56518822647635,40.371504987025446,252.82576715540685,244.88783868337924
2016-05-26,191.4261860474688,184.0720033336852,0.942640155667253,0.941199425122727,180.44600981457452,173.2484637188532,34.65845629812432,35.56814243935108,168.13062639374039,161.10636903139664
2016-06-09,100.23322113792264,96.43735586995946,1.0,0.9522931073492754,100.23322113792264,91.83662928595157,35.241095641581296,35.721239322377755,180.44600981457452,173.2484637188532
2016-06-23,0.0,0.0,0.0,0.0,0.0,0.0,24.66876694910691,29.60559410967231,100.23322113792264,91.83662928595157
2016-07-07,0.0,0.0,0.0,0.0,0.0,0.0,17.268136864374835,20.723915876770615,0.0,0.0
2016-07-22,-157.87590708575073,-151.48740361888989,1.0,1.0,-157.87590708575073,-151.48740361888989,12.087695805062383,14.50674111373943,0.0,0.0
2016-08-05,-222.03765488860589,-213.3250115912218,1.0,1.0,-222.03765488860589,-213.3250115912218,8.461387063543668,10.15471877961761,-157.87590708575073,-151.48740361888989
2016-08-19,127.19421024091638,122.35627221783258,0.8571140651383988,0.849707703455084,109.01994660166,103.96706706953961,5.922970944480568,7.108303145732322,-222.03765488860589,-213.3250115912218
2016-09-02,229.34423919437532,220.456264687565,0.9179382920995734,0.9139544657713332,210.52385922896093,201.4869876184671,22.32034330039278,23.365017350305592,109.01994660166,103.96706706953961
2016-09-19,-146.9203130008538,-141.05545842572835,0.8733563086083319,0.9768776514660963,-128.3137822220064,-137.79392495339908,34.444620275689346,35.32478921431181,210.52385922896093,201.4869876184671
2016-09-30,0.0,0.0,0.0,0.0,0.0,0.0,5.504703414135136,21.465818977688997,-128.3137822220064,-137.79392495339908
2016-10-20,353.4320830964931,339.8876376195256,0.9022613859415846,0.9070740844508073,318.88812113086317,308.3032677098789,3.853292389894595,15.026073284382298,0.0,0.0
2016-11-02,-55.79914273710302,-53.50471180026038,0.5801482068215398,0.6708596908193636,-32.37177260110946,-35.894154415701834,37.24126663855617,42.10262120871431,318.88812113086317,308.3032677098789
2016-11-17,-284.2294865125539,-272.9682691056422,1.0,1.0,-284.2294865125539,-272.9682691056422,2.6415165109957606,11.86127746154147,-32.37177260110946,-35.894154415701834
2016-12-01,128.41453039267043,123.46754770676112,0.8363506525468933,0.8613677731446824,107.39957629041278,106.35096662380766,1.8490615576970413,8.302894223079022,-284.2294865125539,-272.9682691056422
2016-12-15,404.6678990806208,388.87266258842754,0.9683331153700845,0.9382381203220531,391.8533274070045,364.8551559915982,22.309297192645587,22.928607039108783,107.39957629041278,106.35096662380766
2016-12-29,77.71243352081123,74.71447030925725,1.0,0.9903364075517884,77.71243352081123,73.99246011820459,28.431079708468246,40.06753152420549,391.8533274070045,364.8551559915982
2017-01-13,0.0,0.0,0.0,0.0,0.0,0.0,19.90175579592777,28.769282257996508,77.71243352081123,73.99246011820459
2017-01-26,0.0,0.0,0.0,0.0,0.0,0.0,13.931229057149437,20.138497580597555,0.0,0.0
2017-02-15,0.0,0.0,0.0,0.0,0.0,0.0,9.751860340004605,14.096948306418287,0.0,0.0
2017-02-28,55.95744290787435,54.20873342834283,0.9743871674956239,0.9103416427858056,54.52421429530178,49.34846744249543,6.8263022380032226,9.8678638144928,0.0,0.0
2017-03-15,-92.1522928416,-88.5277026118767,0.9461915761196342,1.0,-87.19372320683159,-88.5277026118767,6.211640179174829,11.767770655992358,54.52421429530178,49.34846744249543
2017-03-29,-255.78305247850017,-245.73197337236635,1.0,1.0,-255.78305247850017,-245.73197337236635,-0.6104215093460255,8.237439459194647,-87.19372320683159,-88.5277026118767
2017-04-13,208.8070437545205,200.8545240851358,0.835206085938088,0.8387265330336576,174.39691373051613,168.46201863005123,-0.42729505654222066,5.766207621436251,-255.78305247850017,-245.73197337236635
2017-04-26,0.0,0.0,0.0,0.0,0.0,0.0,34.111023484424805,36.42885079008994,174.39691373051613,168.46201863005123
2017-05-12,-251.0601937443805,-241.06606638193543,1.0,1.0,-251.0601937443805,-241.06606638193543,23.877716439097362,25.500195553062955,0.0,0.0
2017-05-26,122.80680806009806,118.09981847380574,0.8783216534569007,0.872155760943063,107.86387871110958,103.00143704825966,16.714401507368166,17.85013688714406,-251.0601937443805,-241.06606638193543
2017-06-10,-152.71745819332847,-146.5971826938568,0.982022457637914,1.0,-149.9719736192278,-146.5971826938568,26.643010404146196,27.593477246546925,107.86387871110958,103.00143704825966
2017-06-24,-212.4536631141341,-204.0489155874226,1.0,1.0,-212.4536631141341,-204.0489155874226,15.904622708801668,19.315434072582846,-149.9719736192278,-146.5971826938568
2017-07-07,0.0,0.0,0.0,0.0,0.0,0.0,11.133235896161182,13.520803850807994,-212.4536631141341,-204.0489155874226
2017-07-22,58.87712254304824,56.77520735347152,0.9719355913549009,0.9164024502504734,57.22477091615256,52.0289391322,7.793265127312827,9.464562695565595,0.0,0.0
2017-08-05,155.64164170591567,149.67490845980117,0.8751569063508323,0.8851680684175798,136.21085765471383,132.48744961194026,7.107637216014659,11.371462108167435,57.22477091615256,52.0289391322
2017-08-18,0.0,0.0,0.0,0.0,0.0,0.0,24.406130102412106,25.147482323578117,136.21085765471383,132.48744961194026
2017-09-01,-89.327884905606,-85.80600431000003,0.9833882015562424,1.0,-87.8439880861469,-85.80600431000003,17.084291071688472,17.60323762650468,0.0,0.0
2017-09-16,106.69012757483448,102.533700738985,0.9092862955601594,0.8806863000760422,97.01187087536205,90.30002553692086,10.47510693072283,12.322266338553277,-87.8439880861469,-85.80600431000003
2017-09-30,222.48869776317963,213.8464013029109,0.9065781584187447,0.9017124791805594,201.70339388712807,192.82796868268858,17.01083155097841,20.85926163905144,97.01187087536205,90.30002553692086
2017-10-19,0.0,0.0,0.0,0.0,0.0,0.0,32.69288596173644,35.619915767558325,201.70339388712807,192.82796868268858
2017-11-03,113.59826254769231,109.39169958985336,0.9263679410262251,0.9103329986492648,105.23378858046227,99.58287391497076,22.885020173215505,24.933941037290825,0.0,0.0
2017-11-17,227.33789008907308,218.5419250624712,0.9229081012756724,0.9164936129768211,209.81198049012394,200.2922784874139,24.383988088480905,27.26258440098617,105.23378858046227,99.58287391497076
2017-11-30,0.0,0.0,0.0,0.0,0.0,0.0,34.594701260885785,37.3334556557476,209.81198049012394,200.2922784874139
2017-12-14,0.0,0.0,0.0,0.0,0.0,0.0,24.216290882620047,26.133418959023317,0.0,0.0
2017-12-29,0.0,0.0,0.0,0.0,0.0,0.0,16.951403617834032,18.29339327131632,0.0,0.0
2018-01-13,225.4521955087585,217.12236075368355,0.887575863537131,0.8779096296838159,200.10592711502844,190.61381132534223,11.865982532483821,12.805375289921422,0.0,0.0
2018-01-27,0.0,0.0,0.0,0.0,0.0,0.0,33.65245616646874,35.472312131286316,200.10592711502844,190.61381132534223
2018-02-10,0.0,0.0,0.0,0.0,0.0,0.0,23.556719316528117,24.83061849190042,0.0,0.0
2018-03-01,-152.73941088260733,-146.21615845913513,1.0,1.0,-152.73941088260733,-146.21615845913513,16.48970352156968,17.381432944330292,0.0,0.0
2018-03-14,-63.13423208262028,-60.56793170144131,1.0,0.9753007891211357,-63.13423208262028,-59.07195158385076,11.542792465098785,12.16700306103121,-152.73941088260733,-146.21615845913513
2018-03-29,109.57634570964316,105.41691464123436,0.8952736765230038,0.8803208156338946,98.10081788342791,92.80070427858008,8.079954725569145,7.0209220251312985,-63.13423208262028,-59.07195158385076
2018-04-13,0.0,0.0,0.0,0.0,0.0,0.0,17.13149613411366,17.530855780246185,98.10081788342791,92.80070427858008
2018-04-27,314.3360506423642,302.1600555391782,0.9083470464727106,0.8923351120875981,285.52622320088796,269.62802702794744,11.992047293879562,12.271599046172328,0.0,0.0
2018-05-01,0.0,0.0,0.0,0.0,0.0,0.0,37.20426054719195,41.122147843551375,285.52622320088796,269.62802702794744
2018-05-12,106.90771206021807,102.92782260783008,0.9482811035658018,0.9214524329777918,101.37856317215856,94.84309256309159,26.042982383034364,28.78550349048596,0.0,0.0
2018-05-26,231.78388142181336,222.6972280314224,0.9213405553326978,0.9202754192863801,213.55189002634168,204.94278490053188,23.759236556183566,28.234582488078658,101.37856317215856,94.84309256309159
2018-06-09,-206.9503015082689,-198.94677865235644,0.9379750522298299,1.0,-194.11421986619757,-198.94677865235644,34.863456984800166,37.51865087254561,213.55189002634168,204.94278490053188
2018-06-26,64.7068932244214,62.321397832149,0.9562924307906362,0.9323100864063469,61.8787122104921,58.10286779785516,11.568338247288807,26.26305561078192,-194.11421986619757,-198.94677865235644
2018-07-10,312.9220713028034,301.24930343589665,0.9107346697604891,0.919641665550163,284.98897926872684,277.04141115761445,10.92601778703147,22.602668961841182,61.8787122104921,58.10286779785516
2018-07-24,-50.89953115867601,0.0,0.594938756746939,0.0,-30.282103786544788,0.0,35.581304484998554,40.02976055157103,284.98897926872684,277.04141115761445
2018-08-07,0.0,0.0,0.0,0.0,0.0,0.0,4.289485767367761,28.02083238609972,-30.282103786544788,0.0
2018-08-21,-129.9812277212394,-173.73041406283016,1.0,1.0,-129.9812277212394,-173.73041406283016,3.0026400371574327,19.6145826702698,0.0,0.0
2018-09-04,145.46604994106687,139.8273690336327,0.8458816341623825,0.8767218328960831,123.04706003929638,122.58970726820347,2.1018480260102024,13.73020786918886,-129.9812277212394,-173.73041406283016
2018-09-18,88.24098253341916,84.70441594940971,1.0,0.9400411538485769,88.24098253341916,79.6256369051529,23.89028351997763,26.848807273861425,123.04706003929638,122.58970726820347
2018-10-01,193.0455202718105,185.59017459236384,0.8975423770174986,0.9134387975510501,173.2665351373405,169.52526591693825,16.723198463984346,23.8729441359598,88.24098253341916,79.6256369051529
2018-10-20,128.22853400711935,123.20417918748176,0.9443238003945998,0.9410222653437356,121.08925655263113,115.9378757988196,31.485224059259025,32.775969570597454,173.2665351373405,169.52526591693825
2018-11-03,-364.28813323575343,-349.9996286537153,1.0,1.0,-364.28813323575343,-349.9996286537153,29.178934295969555,30.209482088080378,121.08925655263113,115.9378757988196
2018-11-17,-439.9339464110721,-422.64354337674615,1.0,1.0,-439.9339464110721,-422.64354337674615,20.425254007178694,21.14663746165627,-364.28813323575343,-349.9996286537153
2018-12-01,-451.2771960804037,-433.4257894419086,1.0,1.0,-451.2771960804037,-433.4257894419086,14.297677805025103,14.8026462231594,-439.9339464110721,-422.64354337674615
2018-12-15,-156.0910769027586,-149.8760214782586,1.0,1.0,-156.0910769027586,-149.8760214782586,10.008374463517555,10.361852356211557,-451.2771960804037,-433.4257894419086
2018-12-29,-278.58280726516523,-267.6115306769986,1.0,1.0,-278.58280726516523,-267.6115306769986,7.005862124462283,7.253296649348101,-156.0910769027586,-149.8760214782586
2019-01-15,-53.09449966336221,-50.85580066071782,1.0,0.9986511524503923,-53.09449966336221,-50.78720393861327,4.904103487123621,5.077307654543688,-278.58280726516523,-267.6115306769986
2019-01-29,258.9559822758086,248.8870320852581,0.87059620049321,0.8637724097217218,225.44609426430597,214.98175145277088,3.432872440986536,3.48551863607603,-53.09449966336221,-50.78720393861327
2019-02-15,118.92425444097697,114.35742548068376,0.9703616384565524,0.9427491352608297,115.39953439157034,107.81036398256938,35.912898720193226,36.34514367774045,225.44609426430597,214.98175145277088
2019-03-01,154.84262562810693,148.79339819218742,0.9242532629786571,0.9314528258675784,143.11380198496045,138.5940312165528,28.663749153541886,31.98866207253269,115.39953439157034,107.81036398256938
2019-03-14,0.0,0.0,0.0,0.0,0.0,0.0,31.793448050625813,32.59143042640753,143.11380198496045,138.5940312165528
2019-03-29,157.67982860483457,151.88804080900204,0.8991330226870254,0.9058635909892883,141.775140910237,137.58984607557014,22.255413635438067,22.814001298485266,0.0,0.0
2019-04-01,0.0,0.0,0.0,0.0,0.0,0.0,31.48347723940421,30.267995642371574,141.775140910237,137.58984607557014
2019-04-13,181.3735281712936,174.6184414062686,0.8986254734777313,0.902125504837632,162.98687262925534,157.52774960759052,22.038434067582944,21.1875969496601,0.0,0.0
2019-04-27,143.94608777164467,138.38561166936722,0.9417080364871527,0.9362169086704495,135.55518767544285,129.55894956156425,33.813559389346324,31.92200966344015,162.98687262925534,157.52774960759052
2019-05-14,0.0,0.0,0.0,0.0,0.0,0.0,32.060391668744245,31.17206887221107,135.55518767544285,129.55894956156425
2019-05-28,0.0,0.0,0.0,0.0,0.0,0.0,22.44227416812097,21.82044821054775,0.0,0.0
2019-06-12,-463.0776513193639,-444.9145147410939,1.0,1.0,-463.0776513193639,-444.9145147410939,15.709591917684678,15.274313747383424,0.0,0.0
2019-06-26,-89.09653983440987,-85.42954762351957,1.0,1.0,-89.09653983440987,-85.42954762351957,10.996714342379278,10.692019623168392,-463.0776513193639,-444.9145147410939
2019-07-10,178.56978187593415,171.87021050551672,0.8596802863214135,0.8703894127817202,153.51292121145542,149.59401159656736,7.6977000396654915,7.484413736217874,-89.09653983440987,-85.42954762351957
2019-07-23,0.0,0.0,0.0,0.0,0.0,0.0,30.44525069224457,27.515288524301894,153.51292121145542,149.59401159656736
2019-08-07,0.0,0.0,0.0,0.0,0.0,0.0,21.311675484571197,19.260701967011325,0.0,0.0
2019-08-21,-221.80330339675825,-212.60036312776705,1.0,1.0,-221.80330339675825,-212.60036312776705,14.918172839199837,13.482491376907927,0.0,0.0
2019-09-04,116.23958611800984,111.77485622531916,0.8717366799198326,0.8708146577908987,101.33031087776936,97.3351831734782,10.442720987439884,9.437743963835544,-221.80330339675825,-212.60036312776705
2019-09-19,124.15294760830255,119.35122453582883,0.9207205222622022,0.9146486474751658,114.31016676230816,109.16443609620067,22.219179931448394,21.046093826525833,101.33031087776936,97.3351831734782
2019-10-08,-129.15693803231406,-124.10629749177625,0.943793087812669,1.0,-121.89742535794723,-124.10629749177625,25.396206798008265,24.91905411819623,114.31016676230816,109.16443609620067
2019-10-22,-115.86771343951646,-111.21790016771084,1.0,1.0,-115.86771343951646,-111.21790016771084,10.517832084238947,17.443337882737353,-121.89742535794723,-124.10629749177625
2019-11-05,67.01728061237993,64.55333601140991,0.8563181467388442,0.9604835680920569,57.38811353347026,62.00241850448446,7.362482458967264,12.210336517916147,-115.86771343951646,-111.21790016771084
2019-11-19,117.49443538553297,112.99872985387836,0.8090160583119103,0.9431146100525316,95.05488498918731,106.57075304257185,14.782904800186756,11.098153069466754,57.38811353347026,62.00241850448446
2019-12-03,86.32870235584448,83.01370330386142,0.9304130608151983,0.9646094811554475,80.32135219510549,80.07580527273002,32.78758375647638,14.196683959933239,95.05488498918731,106.57075304257185
2019-12-16,0.0,0.0,0.0,0.0,0.0,0.0,28.95865879027245,12.875576803084655,80.32135219510549,80.07580527273002
2019-12-31,196.40804943409307,188.8995283777183,0.7978615141691645,0.9280122653037532,156.70642371649762,175.30107924461697,20.271061153190715,9.012903762159258,0.0,0.0
2020-01-14,0.0,0.0,0.0,0.0,0.0,0.0,53.89136852482895,19.90748176661282,156.70642371649762,175.30107924461697
2020-02-05,-471.7363505423203,-453.1126879418056,1.0,1.0,-471.7363505423203,-453.1126879418056,37.72395796738026,13.935237236628971,0.0,0.0
2020-02-19,-288.10578340197225,-276.5565323083288,1.0,1.0,-288.10578340197225,-276.5565323083288,26.406770577166185,9.754666065640265,-471.7363505423203,-453.1126879418056
2020-03-03,0.0,0.0,0.0,0.0,0.0,0.0,18.484739404016352,6.828266245948214,-288.10578340197225,-276.5565323083288
2020-03-18,-938.8164470425208,-901.8415785731598,1.0,1.0,-938.8164470425208,-901.8415785731598,12.939317582811446,4.779786372163749,0.0,0.0
2020-03-31,-1066.7576742049002,-1025.1971910918976,1.0,1.0,-1066.7576742049002,-1025.1971910918976,9.057522307968043,3.3458504605146118,-938.8164470425208,-901.8415785731598
2020-04-15,-80.9144195983278,-76.94346182894601,1.0,1.0,-80.9144195983278,-76.94346182894601,6.340265615577664,2.342095322360251,-1066.7576742049002,-1025.1971910918976
2020-04-28,-599.8614680549596,-577.0097699217346,1.0,1.0,-599.8614680549596,-577.0097699217346,4.438185930904368,1.63946672565217,-80.9144195983278,-76.94346182894601
2020-05-14,601.8318872902178,579.0598537181177,0.9290712599499495,0.8826710470139485,559.1447098027786,511.1193673651148,3.106730151633087,1.1476267079565332,-599.8614680549596,-577.0097699217346
2020-05-28,538.4899674054891,517.6911060725428,1.0,1.0,538.4899674054891,517.6911060725428,44.86188859358231,68.74382504857243,559.1447098027786,511.1193673651148
2020-06-11,404.0630903680624,388.3040347533423,1.0,1.0,404.0630903680624,388.3040347533423,31.40332201550757,48.12067753400072,538.4899674054891,517.6911060725428
2020-06-29,167.8326286565802,161.24135002256978,0.9390255466095244,0.955942889911452,157.59912586315855,154.13752211379932,21.98232541085531,33.684474273800504,404.0630903680624,388.3040347533423
2020-07-11,118.44992946306022,113.74077964052924,0.938906984313051,0.9380695684603682,111.21346606425547,106.69676407373709,25.621130581020367,30.682959900430802,157.59912586315855,154.13752211379932
2020-07-24,109.84290891493032,105.58334952877227,0.9476955411438536,0.9326515905406745,104.09763500494991,98.47247887262144,25.171254805519,28.522087497093707,111.21346606425547,106.69676407373709
2020-08-07,0.0,0.0,0.0,0.0,0.0,0.0,23.365152273843705,27.07633190411643,104.09763500494991,98.47247887262144
2020-08-22,0.0,0.0,0.0,0.0,0.0,0.0,16.35560659169059,18.953432332881498,0.0,0.0
2020-09-04,0.0,0.0,0.0,0.0,0.0,0.0,11.448924614183413,13.267402633017047,0.0,0.0
2020-09-19,-287.01100001622166,-275.28509755529114,1.0,1.0,-287.01100001622166,-275.28509755529114,8.014247229928388,9.287181843111933,0.0,0.0
2020-10-09,0.0,0.0,0.0,0.0,0.0,0.0,5.609973060949869,6.501027290178342,-287.01100001622166,-275.28509755529114
2020-10-23,0.0,0.0,0.0,0.0,0.0,0.0,3.9269811426649084,4.550719103124839,0.0,0.0
2020-11-06,-153.7246146138079,-147.30741572421147,1.0,1.0,-153.7246146138079,-147.30741572421147,2.748886799865436,3.1855033721873873,0.0,0.0
2020-11-20,153.3065080135758,147.36445802710148,0.8602808220643648,0.8057544279921659,131.88664874173614,118.7395645840027,1.9242207599058077,2.2298523605311686,-153.7246146138079,-147.30741572421147
2020-12-04,213.47938451594973,205.1851090739713,0.9307894110874957,0.8917878980379038,198.70435059292188,182.98159712975487,22.766813803773744,30.185790095470594,131.88664874173614,118.7395645840027
2020-12-18,195.1856988210868,187.661899803128,0.9513577703373157,0.9202427193839003,185.69143123215997,172.69449699957954,30.711803585669458,43.333565011045835,198.70435059292188,182.98159712975487
2021-01-01,79.82331370276422,76.83283860650278,1.0,0.935820383645054,79.82331370276422,71.90173650127595,30.99253009889543,45.30089831128055,185.69143123215997,172.69449699957954
2021-01-16,178.70238801061197,171.80895223866645,0.9228342268165542,0.8889293825005049,164.91268007004496,152.7260258215765,21.694771069226803,36.641730923123205,79.82331370276422,71.90173650127595
2021-01-30,64.92838574516259,62.53537219934742,1.0,0.9483023764447702,64.92838574516259,59.302442068499374,28.976047689025762,44.73213806327618,164.91268007004496,152.7260258215765
2021-03-04,183.93358460066543,176.87991666713998,0.9135648808306159,0.8984261863386301,168.03526329645493,158.91354897115326,20.28323338231803,34.54542677514138,64.92838574516259,59.302442068499374
2021-03-18,222.2730440075333,213.7317563353564,0.9498032573884,0.9213686830053066,211.1156612279903,196.92574685111842,30.096584671833114,42.14816643858569,168.03526329645493,158.91354897115326
2021-04-01,-196.63216233755864,-188.8833487568146,0.9319420250418288,0.9779127010157236,-183.24977555721802,-184.71142575967147,32.22499204982617,46.30972599124797,211.1156612279903,196.92574685111842
2021-04-15,-91.40035348400971,-87.68333462889503,1.0,0.9667466522348748,-91.40035348400971,-84.76757020927454,9.175107654537697,28.24488519673045,-183.24977555721802,-184.71142575967147
2021-04-29,122.91802525844412,118.23475852957172,0.8776275079832757,0.8702931741416665,107.87624019379365,102.89890329457445,6.422575358176388,16.85565521809083,-91.40035348400971,-84.76757020927454
2021-05-15,131.65950012417133,126.60286783933373,0.9162447964491051,0.9104576531414866,120.63233189186228,115.26654993398158,19.53758781537394,27.134813887660854,107.87624019379365,102.89890329457445
2021-05-28,0.0,0.0,0.0,0.0,0.0,0.0,24.703479703070812,30.33068762671475,120.63233189186228,115.26654993398158
2021-06-12,176.57593045277054,169.98064150833804,0.8952053814193587,0.8837937462791569,158.0717231704506,150.22782795358842,17.29243579214957,21.231481338700323,0.0,0.0
2021-06-29,258.9665697229239,249.0058840382956,0.9528472428985323,0.9241710591763129,246.75558196337857,230.12403159280578,30.60891233682463,34.61485049183986,158.0717231704506,150.22782795358842
2021-07-13,85.86834522121163,82.61064760815742,1.0,0.9589511008945598,85.86834522121163,79.21957146945509,33.63722639532256,43.11224778977768,246.75558196337857,230.12403159280578
2021-07-27,-96.72029340068022,-92.89541248384931,0.9145744558210265,0.9030968764337639,-88.45790970377713,-83.89355684919039,23.54605847672579,33.56964959154671,85.86834522121163,79.21957146945509
2021-08-09,0.0,0.0,0.0,0.0,0.0,0.0,8.21985723680497,14.49689907942377,-88.45790970377713,-83.89355684919039
2021-08-24,-285.7765447465874,-274.5099126920384,1.0,1.0,-285.7765447465874,-274.5099126920384,5.753900065763478,10.147829355596638,0.0,0.0
2021-09-07,93.03692217085646,89.52785783990511,0.9402631725062136,0.8432722481038006,87.47919160058318,75.49635794857426,4.027730046034435,7.103480548917673,-285.7765447465874,-274.5099126920384
2021-09-19,113.22539184048514,108.93483040438888,0.913249235454156,0.8850735141421314,103.4030025323203,96.41533315848956,8.377141602497389,19.003936275573224,87.47919160058318,75.49635794857426
2021-10-10,382.3475805507009,367.55695328470034,0.9504315706625143,0.9287327200044605,363.3952115218149,341.36216898065214,15.686388429913023,25.822252638800578,103.4030025323203,96.41533315848956
2021-10-23,198.07239094473752,191.03515178364552,0.9574885255241058,0.9610106408582718,189.65204155271098,183.58681364205842,29.932840929825147,44.27036115120859,363.3952115218149,341.36216898065214
2021-11-05,0.0,0.0,0.0,0.0,0.0,0.0,29.373338042904123,38.43759094743311,189.65204155271098,183.58681364205842
2021-11-20,-55.30865544458716,-53.1293765291983,0.8870257337078633,0.8204345419188738,-49.060200676130336,-43.589175695168166,20.561336630032883,26.906313663203175,0.0,0.0
2021-12-04,-383.453944615641,-368.8542347314826,1.0,1.0,-383.453944615641,-368.8542347314826,8.144480872566191,9.294218730212094,-49.060200676130336,-43.589175695168166
2021-12-18,-163.10478231789574,-156.6438672925488,1.0,1.0,-163.10478231789574,-156.6438672925488,5.701136610796311,6.505953111148472,-383.453944615641,-368.8542347314826
2022-01-01,111.01954305494792,106.9163329364822,0.8815093471688058,0.8450523467239914,97.86476492134626,90.34989805109787,3.990795627557418,4.554167177803919,-163.10478231789574,-156.6438672925488
2022-01-18,371.8218194994836,357.5752634269085,0.9514274729940602,0.9031291469108754,353.7614941304472,322.93664261517546,15.948335072891851,19.754351909847088,97.86476492134626,90.34989805109787
2022-01-30,327.314239554502,315.9958720760308,0.9912661866538302,0.9670408068662276,324.45553808068945,305.5809030988021,29.224159920060686,48.466667148626016,353.7614941304472,322.93664261517546
2022-02-18,223.4273430122099,215.9179644789989,0.9486867975193586,0.9470097632239259,211.96257052051263,204.4764204170488,23.315613417855047,44.34163598126696,324.45553808068945,305.5809030988021
2022-03-04,227.2325228762845,219.35643234855863,0.9426950779395008,0.9482533408203233,214.2109808632484,208.00546980494795,27.785701884195788,42.48068924883697,211.96257052051263,204.4764204170488
2022-03-18,776.7041435561025,749.3350083598804,1.0,1.0,776.7041435561025,749.3350083598804,32.47153333197312,41.08744501779654,214.2109808632484,208.00546980494795
2022-04-01,0.0,0.0,0.0,0.0,0.0,0.0,22.730073332381153,28.76121151245752,776.7041435561025,749.3350083598804
2022-04-16,-493.20476353637486,-475.6133656094491,1.0,1.0,-493.20476353637486,-475.6133656094491,15.911051332666807,20.132848058720263,0.0,0.0
2022-04-29,380.2279294162839,366.1449077045414,0.8761906948224082,0.8720863827344472,333.1521736661394,319.30998811669156,11.137735932866747,14.092993641104158,-493.20476353637486,-475.6133656094491
2022-05-17,290.5242698661408,279.8210516593406,1.0,0.9996773415965422,290.5242698661408,279.7307650455583,54.87217090315124,56.70001513662277,333.1521736661394,319.30998811669156
2022-05-31,233.9090156883605,226.2302696187133,0.9705696747667931,0.9598701329337063,227.02499728167277,217.15167897254253,38.410519632205876,39.78029720941822,290.5242698661408,279.7307650455583
2022-06-15,349.8509399717798,337.52480078338345,0.986645267064759,0.9635128024605891,345.1787741013136,325.20946670274986,33.77138214923184,36.92479869276352,227.02499728167277,217.15167897254253
2022-06-29,-290.8079139275396,-280.56539549579463,0.8872070226184096,1.0,-258.0068234695231,-280.56539549579463,28.312133374928464,38.162693165568044,345.1787741013136,325.20946670274986
2022-07-13,-215.41418448589351,-207.90181507402,1.0,1.0,-215.41418448589351,-207.90181507402,-12.982597095566518,26.71388521589762,-258.0068234695231,-280.56539549579463
2022-07-27,-288.32991970639284,-278.34900118703297,1.0,1.0,-288.32991970639284,-278.34900118703297,-9.087817966896552,18.699719651128333,-215.41418448589351,-207.90181507402
2022-08-10,-193.24217687166663,-186.36493660545108,1.0,1.0,-193.24217687166663,-186.36493660545108,-6.361472576827566,13.08980375578983,-288.32991970639284,-278.34900118703297
2022-08-24,-108.96833784957552,-105.34028462738496,1.0,1.0,-108.96833784957552,-105.34028462738496,-4.453030803779285,9.162862629052881,-193.24217687166663,-186.36493660545108
2022-09-07,130.7006851933291,125.66873293533654,0.8425839053235805,0.870714275159534,110.12629375866311,109.42155970800862,-3.117121562645494,6.414003840337017,-108.96833784957552,-105.34028462738496
2022-09-22,-255.39359180910245,-246.6693017761363,1.0,1.0,-255.39359180910245,-246.6693017761363,18.392406340814148,20.736975915563832,110.12629375866311,109.42155970800862
2022-10-10,-115.80970954354416,-111.63253333282655,1.0,1.0,-115.80970954354416,-111.63253333282655,12.874684438569915,14.515883140894687,-255.39359180910245,-246.6693017761363
2022-10-25,250.6359606136982,241.5019490363344,0.8717897643291354,0.8764470330254005,218.5018650358224,211.66366670274675,9.012279106998932,10.161118198626284,-115.80970954354416,-111.63253333282655
2022-11-08,0.0,0.0,0.0,0.0,0.0,0.0,38.442690952775024,36.95106507262605,218.5018650358224,211.66366670274675
2022-11-22,-155.5496661409961,-149.43426046342506,1.0,1.0,-155.5496661409961,-149.43426046342506,26.909883666942516,25.865745550838234,0.0,0.0
2022-12-06,-578.5488712533701,-557.3811562272022,1.0,1.0,-578.5488712533701,-557.3811562272022,18.836918566859765,18.106021885586756,-155.5496661409961,-149.43426046342506
2022-12-20,-362.4504538524821,-348.5696604935322,1.0,1.0,-362.4504538524821,-348.5696604935322,13.185842996801853,12.674215319910672,-578.5488712533701,-557.3811562272022
2023-01-04,126.43124492032432,121.75863562298954,0.8450593331535703,0.856725673162668,106.84190352214499,104.31374906747372,9.23009009776132,8.87195072393746,-362.4504538524821,-348.5696604935322
2023-01-18,-198.3598752879528,-190.5122642597364,1.0,1.0,-198.3598752879528,-190.5122642597364,26.05040446661225,23.65525206227204,106.84190352214499,104.31374906747372
2023-02-04,255.586277255904,245.96560171908567,0.8909717980829114,0.8619189678125148,227.7201650120103,212.00241755109843,18.23528312662856,16.55867644359043,-198.3598752879528,-190.5122642597364
2023-02-17,0.0,0.0,0.0,0.0,0.0,0.0,40.63081043253371,45.554257678500534,227.7201650120103,212.00241755109843
2023-03-03,0.0,0.0,0.0,0.0,0.0,0.0,28.441567302773592,31.88798037495037,0.0,0.0
2023-03-18,-147.92394764537534,-142.36819571255165,1.0,1.0,-147.92394764537534,-142.36819571255165,19.909097111941513,22.321586262465257,0.0,0.0
2023-04-01,-339.9439742208384,-326.44235991757216,1.0,1.0,-339.9439742208384,-326.44235991757216,13.936367978359044,15.625110383725684,-147.92394764537534,-142.36819571255165
2023-04-18,629.8240815578414,606.0605524302621,0.9941791991581992,0.8872282069056096,626.158001013723,537.7140172089246,9.755457584851342,10.937577268607981,-339.9439742208384,-326.44235991757216
2023-04-29,-88.74601402780806,-85.65229308535193,0.40322186062573573,0.5250102071532516,-35.78433289941041,-44.96832813589164,10.49490085351431,76.00283930936303,626.158001013723,537.7140172089246
2023-05-17,-427.1976753663856,-410.6492882619271,1.0,1.0,-427.1976753663856,-410.6492882619271,-45.61525053093764,12.518022567093823,-35.78433289941041,-44.96832813589164
2023-05-31,125.83775724009702,121.07261401358726,0.766982354474338,0.8148655957863654,96.51533932977979,98.65790775159444,-31.93067537165632,8.76261579696569,-427.1976753663856,-410.6492882619271
2023-06-14,-74.74287503864271,-71.76115520577379,0.8654067878834916,0.8687274340405486,-64.68299140436899,-62.34088422569742,6.970945150157803,28.5485373198688,96.51533932977979,98.65790775159444
2023-06-29,75.87922170482618,72.90585337230361,0.9488877868878092,0.8633126318637535,72.00086675426192,62.94054415311634,-5.180222029163261,10.56370514383179,-64.68299140436899,-62.34088422569742
2023-07-13,0.0,0.0,0.0,0.0,0.0,0.0,0.25219953014998,17.359902819869525,72.00086675426192,62.94054415311634
2023-07-27,377.68927258095096,363.2204964247784,0.9196738345595807,0.8584327090733426,347.35094158654186,311.80035473688685,0.17653967110498597,12.151931973908667,0.0,0.0
2023-08-10,312.70055721218984,301.4693932521157,0.9944579348670654,0.9687547232873724,310.96755035701494,292.0498986395654,30.461908764182567,59.92649406962761,347.35094158654186,311.80035473688685
2023-08-24,97.61039623126906,94.0184579217876,1.0,0.9543161170482672,97.61039623126906,89.72332969478624,23.056342990102678,51.36804046128964,310.96755035701494,292.0498986395654
2023-09-06,0.0,0.0,0.0,0.0,0.0,0.0,16.13944009307187,40.252756549904106,97.61039623126906,89.72332969478624
2023-09-21,439.0063052152659,423.6017180895991,0.9621978974413232,0.9042645380485801,422.41094384161266,383.04801192487616,11.297608065150307,28.17692958493287,0.0,0.0
2023-10-11,-66.5690402544899,-64.006013499709,0.5269827096290657,0.5820525985445312,-35.08073321071744,-37.25486647998196,24.50368701925845,60.27755687417596,422.41094384161266,383.04801192487616
2023-10-25,-62.08497761600442,-59.90776023942204,0.9663264469521016,0.9330834500810173,-59.99435582877431,-55.89893961082631,-14.335726130291548,15.443142792196134,-35.08073321071744,-37.25486647998196
2023-11-08,-199.746028628283,-192.50212248873592,1.0,1.0,-199.746028628283,-192.50212248873592,-12.125630078434192,6.801379325941561,-59.99435582877431,-55.89893961082631
2023-11-22,-449.57893450423376,-433.1143093182241,1.0,1.0,-449.57893450423376,-433.1143093182241,-8.487941054903928,4.76096552815909,-199.746028628283,-192.50212248873592
2023-12-06,-69.64494917425536,-67.15599851097762,1.0,1.0,-69.64494917425536,-67.15599851097762,-5.941558738432775,3.332675869711352,-449.57893450423376,-433.1143093182241
2023-12-20,-410.62805471658464,-394.4596160798537,1.0,1.0,-410.62805471658464,-394.4596160798537,-4.1590911169029425,2.3328731087979406,-69.64494917425536,-67.15599851097762
2024-01-04,203.76092207747848,195.9095305512853,0.8283349369838856,0.7782482997015112,168.78229054882655,152.46625904685905,-2.9113637818320512,1.6330111761585613,-410.62805471658464,-394.4596160798537
2024-01-18,0.0,0.0,0.0,0.0,0.0,0.0,32.940676881369484,44.586379327737234,168.78229054882655,152.46625904685905
2024-02-01,152.60516385952997,146.9751511367754,0.9109917095977345,0.894906997350787,139.02203911783562,131.52909118898978,23.05847381695864,31.210465529416062,0.0,0.0
2024-02-19,0.0,0.0,0.0,0.0,0.0,0.0,29.724056413565393,37.29338581837686,139.02203911783562,131.52909118898978
2024-03-05,154.92176582660832,149.54058272834936,0.9106514937901649,0.8729603712911337,141.07973747061098,130.54300262163235,20.806839489495772,26.105370072863803,0.0,0.0
2024-03-18,0.0,0.0,0.0,0.0,0.0,0.0,28.40681599864439,37.271339157721684,141.07973747061098,130.54300262163235
2024-04-02,207.8376837042163,200.63659413778825,0.9101349801667961,0.8765375201736352,189.16034613604972,175.86550268162102,19.884771199051073,26.089937410405177,0.0,0.0
2024-04-17,252.47044091063108,243.55397158724804,0.9648338375414512,0.9243952292918103,243.5920243695864,225.14012941032522,32.59667740750231,43.03404764345086,189.16034613604972,175.86550268162102
2024-04-30,-108.92131539961456,-104.97064227748008,0.7854012095736942,0.8102247532728005,-85.54693286321512,-85.0498127401587,31.69609072629629,48.53767552733845,243.5920243695864,225.14012941032522
2024-05-16,-276.8320186754231,-266.81382039707603,1.0,1.0,-276.8320186754231,-266.81382039707603,-1.1871190279920398,14.055543331815528,-85.54693286321512,-85.0498127401587
2024-05-29,0.0,0.0,0.0,0.0,0.0,0.0,-0.830983319594452,9.83888033227089,-276.8320186754231,-266.81382039707603
2024-06-14,-177.7984666561842,-171.12116372840504,1.0,1.0,-177.7984666561842,-171.12116372840504,-0.5816883237161163,6.887216232589623,0.0,0.0
2024-06-28,267.126090734442,257.5118793242038,0.8635297794194289,0.8266236827743928,230.67133420908706,212.86541804512837,-0.4071818266012883,4.821051362812739,-177.7984666561842,-171.12116372840504
2024-07-12,105.18830223819728,101.63455543817348,1.0,0.9470413703711961,105.18830223819728,96.25212865923511,36.16972924673402,48.02119723304435,230.67133420908706,212.86541804512837
2024-07-26,-116.15576959573856,-111.86519898120515,0.9314208318688237,0.9108250142563302,-108.18990354322624,-101.8896214568434,25.318810472713807,38.99726484206941,105.18830223819728,96.25212865923511
2024-08-09,-388.8974063370984,-374.32060547143794,1.0,1.0,-388.8974063370984,-374.32060547143794,9.757301278387345,17.322507865086834,-108.18990354322624,-101.8896214568434
2024-08-22,0.0,0.0,0.0,0.0,0.0,0.0,6.830110894871154,12.12575550556079,-388.8974063370984,-374.32060547143794
2024-09-06,-191.9812849022911,-184.35794473075285,1.0,1.0,-191.9812849022911,-184.35794473075285,4.781077626409807,8.488028853892551,0.0,0.0
2024-09-21,-350.0173105689035,-336.2067495364629,1.0,1.0,-350.0173105689035,-336.2067495364629,3.3467543384868748,5.941620197724774,-191.9812849022911,-184.35794473075285
2024-10-11,156.07121060688564,150.08037707453926,0.8349486789154329,0.8106001665688918,130.31145111295146,121.6551786553436,2.342728036940798,4.159134138407353,-350.0173105689035,-336.2067495364629
2024-10-24,55.63730372372094,53.62011011591616,1.0,0.9504187735945581,55.63730372372094,50.9615592963742,27.399669119792748,31.33659231608081,130.31145111295146,121.6551786553436
2024-11-07,-142.69020436323288,-137.07800323587335,1.0,1.0,-142.69020436323288,-137.07800323587335,19.179768383854913,24.594165440798527,55.63730372372094,50.9615592963742
2024-11-20,50.7494309896493,0.0,0.9779876146191716,0.0,49.63231495684738,0.0,13.425837868698437,17.215915808558975,-142.69020436323288,-137.07800323587335
2024-12-04,0.0,55.4592775292263,0.0,0.880941024788947,0.0,48.856352780651235,10.515202540890826,12.051141065991281,49.63231495684738,0.0
2024-12-18,0.0,0.0,0.0,0.0,0.0,0.0,7.360641778623577,15.03872349476896,0.0,48.856352780651235
